# Resource object code (Python 3)
# Created by: object code
# Created by: The Resource Compiler for Qt version 6.7.3
# WARNING! All changes made in this file will be lost!

from PySide6 import QtCore

qt_resource_data = b"\
\x00\x00] \
\x89\
PNG\x0d\x0a\x1a\x0a\x00\x00\x00\x0dIHDR\x00\
\x00\x02\x00\x00\x00\x02\x00\x08\x06\x00\x00\x00\xf4x\xd4\xfa\
\x00\x00\x00\x04sBIT\x08\x08\x08\x08|\x08d\x88\
\x00\x00\x00\x09pHYs\x00\x00\x0e\xc4\x00\x00\x0e\xc4\
\x01\x95+\x0e\x1b\x00\x00\x00\x19tEXtSof\
tware\x00www.inksca\
pe.org\x9b\xee<\x1a\x00\x00 \x00ID\
ATx\x9c\xec\xddy\x9cdU}\xf7\xf1\xcf\xb9\xb5\
\xf4\xbeL\xcf\xbe2,\x8a \x8ah\x041(*(\
\xe8\xa3\x01} \x9b\xc1\x80&\x08\xb3\x08\x881q\x83\
Q\xd1\x98hd\x1dPH\x5cc\xa2\xe2\x82[\x8c\xa2\
y\x5c\x11\xa2\x82\x88\xa2(\xc82\x0b\xcc\xd6\xddU\xbd\
wW\xd5y\xfe\xb83L\xcfLoU}\xef9\xf7\
V}\xdf\xaf\xd7\xbc\x86\xe9\xa9\xba\xe77Mw\x9f\xef\
=\xe7\xdcs\x0c\x22\x92h\xd6^\x98c8\xbf\x98\xf1\
\xca\x12\x0cK\xc0t\x87\xbf\xec\x02\x02\xd3\x8d\xadtC\
\xd0\x05\xb6\x0dl+\x9860y\xb0]@\x16\xe8:\
\xe8\x92\xed@\xee\xa0\x8fM\x00\x83\x07}\xac\x1f(\x83\
)\x80\x1d\x07;\x04f\x18\xcc\x10\xd8~\x0c\xfd`\xfa\
\xa9\xd0\x0f\xf4\x81\xed\xc7\x06;\xc9\xdb]\xb4.\xdai\
\xcc\xa6R,\x9f\x10\x11\x89\x84\xf1]\x80H#\xb3\x03\
\x1b\x17Sb\x15\x19\xbb\x1a[Y\x831\xab\xb0\xac\xc2\
\xb0\x12\xcb\x12`\xf1\xde_i\xb4\x0b\xd8\x89a\x17\xd6\
n\xc5\x98m\xe1\xef<J\x99-dJ[M\xe7\xcd\
\xbb}\x17)\xd2\xa8\x14\x00Dbd\xed\xb9\x19\x0aK\
\xd7\x80=\x0a\xcc\x91\xe1\xef\xf6H\x08\xc2\xdf\x0d-\xbe\
k\xf4\xca2\x02<\x08\xf6\xa1\xf0w\x1e\x84\xccC\xd8\
\x89\x07\xe9^\xf6\x981\x9b*\x9e+\x14\xa9[\x0a\x00\
\x22\x11\xb1C\x1bV0a\x8e\xc5\xd8\xa7c\xec\xb1X\
\x9e\x0e<\x0bh\xf3][J\x8d\x03\x0fb\xf85\xd6\
\xdc\x8f\xe5\xd7d\xec\xfd\xb4\xef\xfc\xad1\xb7\x96}\x17\
'\x92v\x0a\x00\x22U\xb2\xf6\xc2\x1c\x83\xb9\xa7R\xb1\
\xcf\x01\xf3\x1c\xe09\xc0\x09@\xab\xe7\xd2\x1a\xc5\x04\xf0\
{\xe0\xe7`~\x8e\xa9\xfc\x9c\xc1\xd2\xddf\xc5\xcd\xc3\
\xbe\x0b\x13I\x13\x05\x00\x91\x19X{n\x86\xa1\xa5\xc7\
R\xb1'Q\xb1\xcf\x03s\x22\x86c\x08\x17\xd7Ir\
\x940\xdcO\x85\xff%0wbJw\xd1\xbe\xec~\
M!\x88LO\x01@d\x12\xbbgc'\xd9\xca)\
\x18\xfe\x188\x19\xcb\x1f\x01\x1d\xbe\xeb\x92\x9a\x14\x81\x9f\
\x82\xbd\x13\x82\x1f3>\xfc#\xb3\xf8c\x03\xbe\x8b\x12\
I\x0a\x05\x00ihv\xd7\xeb;\xc8\xb5\x9dDP9\
\x1d\xcb)\xc0\x89\x1c\xfa\x88\x9c\xd4\x872\xf0\x00\x86\x1f\
Q1\xdf!\x18\xff\x7fz\x0aA\x1a\x99\x02\x804\x14\
k/k\xa10~\x0a\xf0R\x0c/\x05\x8eG\xdf\x07\
\x8d\xaa\x02\xf6^,\xb7C\xe6v\xba\x06~d\xcc'\
F}\x17%\xe2\x8a~\xf0I\xdd\xb3}\x1b\x8f'c\
\xcf\xc0V^\x0a\xe6\x14\xa0\xd9wM\x92@\x96\x11\x8c\
\xf9!\x86\xdb\x09\xf8\x96i\xbf\xe1>\xdf%\x89\xc4I\
\x01@\xea\x8e\xb5\xe77S\xe88\x05Sy\x15p6\
\xb0\xc6wM\x92J\x8fb\xf8\x16\xd8\xaf\xd31|\xbb\
F\x07\xa4\xde(\x00H]\xb0\xc5\xf5\x0b\x81\xb3\xb0\xfc\
\x09p:z\xf6^\xa25\x84\xe5\xdb\x04\xf6\xab\xd8\xa6\
\xaf\x9a\xae\xab{}\x17$2_\x0a\x00\x92Z\xb6x\
\xe1\x22l\xf6\x15`\xce\x05\xce@\x8b\xf7\xc4\x8d2p\
'\x98[\xc9\x8e\x7f\xde\xb4\xdd\xfc\xb8\xef\x82Dj\xa1\
\x00 \xa9b\x07/YJ\xb9\xfc\xa7`\xff\x14x>\
\x10\xf8\xaeI\x1aZ\x19\xcb\x8f1|\x9e \xf8\xbc\xe9\
\xb8~\x97\xef\x82D\xe6J\x01@\x12/\x5c\xb9?\xf1\
J\x8c}\x1d\xba\xd3\x97\xe4\x0aG\x06\xac\xf9\x14\x13\xc3\
\xff\xa9=\x07$\xe9\x14\x00$\x91\xac\xdd\x94e`\xd7\
\x99X\xce\xc3\xf2\xaa\x86?4G\xd2f\x18\xf8*T\
\xfe\x9d\xce\xdd\xff\xad\xb3\x0b$\x89\x14\x00$Ql\xf1\
\xe2\xa3\xb1\x99\xbf\x00{\x01Z\xbd/u\xc1<\x0e\xf6\
V\xca\x95\x7f3=7\xfd\xd2w5\x22\xfb(\x00\x88\
w\xe1n|\xcd\x7f\x8e1\x17\x00'\xfb\xaeG$F\
?\xc6\x98\x8f3Z\xf9\x9cYr\xe3\xa0\xefb\xa4\xb1\
)\x00\x887\xb6\xb8\xe1i`\xcf\xc7r!\xb0\xc0w\
=\x22\x0e\x0d`\xf8O\xca\xc1\x8df\xc1\xf5\xf7\xfa.\
F\x1a\x93\x02\x808e\xed\xa6<\x85\xddga*\x17\
\x829\xddw=\x22\xfe\x99\x9fc\xb9\x99\xae\xdc\xa7\x8d\
\xb9z\xc4w5\xd28\x14\x00\xc4\x09;\xb4a\x05\xa5\
\xca:0\x17\x02\x8b}\xd7#\x92@;\x81\x9b\xc9N\
\xdc\xa8\xbd\x05\xc4\x05\x05\x00\x89\x95\xed_\xffl\x02\xde\
\x88\xe5uh\x0f~\x91\xb9\x18\xc7\xf0\x15\xe0j\xd3\xb9\
\xf9'\xbe\x8b\x91\xfa\xa5\x00 \x91\xb3vS@a\xe7\
k0\xe62\xc2\xcdzD\xa46?\xa2b\xaf\xa6{\
\xc9m\xc6l\xaa\xf8.F\xea\x8b\x02\x80D\xc6\xdaM\
y\x8a;\xff\x1c\xcc\xdb\x80\xa7\xf9\xaeG\xa4\x8e\xfc\x01\
\xccut\x0e~T\x87\x12IT\x14\x00d\xde\xec\xae\
\xd7w\x90o}=\xd6\xfe\x1d\x86\x95\xbe\xeb\x11\xa9c\
;\xc0|\x84J\xf6\x1a\xb3\xe0\x9a~\xdf\xc5H\xba)\
\x00H\xcdl\xe1\xb2\x1e\x18\xbf\x0c\xd8\x08t\xf9\xaeG\
\xa4\x81\xf4\x03\xd7a+\xd7\x98\xee\x9b\xfa|\x17#\xe9\
\xa4\x00 U\xb3\xc5\xf5\x0b\xb1f#\xd8K\x80n\xdf\
\xf5\x884\xb0A\x0c\x9b\xb1\xf9\x7f\xd6\x11\xc5R-\x05\
\x00\x99\xb3\xf0\xf8\xdd\xfc\x06\xb0\x97\xa2;~\x91$\x19\
\x04>F&\xfb~\xd3~\xed\x0e\xdf\xc5H:(\x00\
\xc8\xac\xec\xceu\xed\xe4\xcdz\x0coC\x1d\xbfH\x92\
\x85#\x02\xa5\x89\x7f4=7\x17|\x17#\xc9\xa6\x00\
 \xd3\xda\xbbk\xdf\xf9\x18\xfb\x1e`\xa9\xefzDd\
\xce\xf6`\xf9 ]C\xd7\xea\xa9\x01\x99\x8e\x02\x80\x1c\
\xc2\xdaMY\x0a;/ 0W`Y\xe5\xbb\x1e\x11\
\xa9\xd9c\x18\xdeM\xc7\xceO\xeaHb9\x98\x02\x80\
\x1c\xc0\xf6o<\x1d*\x1f\xc6\xf0\x0c\xdf\xb5\x88Hd\
~\x0b\xe6\xcd\xa6\xeb\x86o\xfa.D\x92C\x01@\x00\
\xb0\x03\x1b\x8f\xa5R\xf9 \xf0\x0a\xdf\xb5\x88Hl\xbe\
\x8e\x0d.5\xdd\xd7?\xe4\xbb\x10\xf1O\x01\xa0\xc1\xd9\
\xe1\x8bV2\x91\xb9\x0ax\x1d\x10\xf8\xaeGDb7\
\x86\xb5\xd7R\xce\xbc\xcf,\xbc\xbe\xe8\xbb\x18\xf1G\x01\
\xa0AY{a\x8eb~\x1d\xd8\xf7\x02\x1d\xbe\xeb\x11\
\x11\xe7\xf6\x80y/\x9d;n\xd0\xfa\x80\xc6\xa4\x00\xd0\
\x80l\xff\xfa\xd30\x5c\x07\x1c\xeb\xbb\x16\x11\xf1\xcd\xde\
C`.5\x1d\x9b\x7f\xe0\xbb\x12qK\x01\xa0\x81\xd8\
\xfe\x8dG\x12T\xfe\x11\xcb\xb9\xbek\x11\x91\xc4\xf9:\
\xd6\xbc\xc9t\xdf\xf0\xb0\xefB\xc4\x0d\x05\x80\x06`\xed\
\x859\x0a\xb9\xbf\xc3\xf0.\xa0\xd9w=\x22\x92P\x96\
\x11\x02\xb3\x89\x8eE\x1f6fS\xc9w9\x12/\x05\
\x80:g\xfb\xd6=\x8b \xf8W\xb0\xcf\xf1]\x8b\x88\
\xa4\x84\xe1\x97X\xfb7\xa6\xeb\xc6\x9f\xfa.E\xe2\xa3\
\x00P\xa7\xac\xbd\xac\x85\x81\xf1+\xb1\xbc\x05\xc8\xf8\xae\
GDR\xa7\x04\xdc\xc8H\xcb\xdb\xcd\xb2\x0f\x0d\xf9.\
F\xa2\xa7\x00P\x87\xec\xc0\xfa\x17R\xe1\x16\xe0\xa9\xbe\
k\x11\x91\xd4\xfb\x036x\xa3\xe9\xbe\xfe;\xbe\x0b\x91\
h)\x00\xd4\x11\xdbwi7\x99\x89\x7f\xc2\xf2\xb7\xe8\
\xff\xad\x88D\xc9p+p\xb1\xe9\xdc\xbc\xc7w)\x12\
\x0du\x12u\xc2\x16\xd7\xbd\x8a\x8a\xb9\x09\xc3J\xdf\xb5\
\x88H\xdd\xda\x01\xf6\xad\xa6\xeb\xc6O\xf9.D\xe6O\
\x01 \xe5\xf6\xee\xe4\xf7\x11\xe0\x95\xbek\x11\x91\x86\xf1\
\x15\xb2\x13\x17\x9b\xb6\x9b\x1f\xf7]\x88\xd4N\x01 \xc5\
lq\xfd\xab\xb1\xdc\x02,\xf4]\x8b\x884\x9c~\xe0\
b\xd3\xb5\xf9\xb3\xbe\x0b\x91\xda(\x00\xa4\x90\xb5\x97\xb5\
P\x1c\xff\x00\xf0&\xdf\xb5\x88H\xc3\xfb4cv\x9d\
Yr\xe3\xa0\xefB\xa4:\x0a\x00)c\xfb7\xfc\x11\
\xc6~\x06\xad\xf0\x17\x91\xe4x\x18\xc3kM\xe7\xe6\x9f\
\xf8.D\xe6N\x01 %\xac\xc5P\xdc\xf0&\xb0\xff\
\x0c\xe4}\xd7#\x22r\x90\x12\x98\xf7\xd1\xb9\xe3\xbd:\
\x5c(\x1d\x14\x00R\xc0\xf6^\xb2\x86\xa0\xfc)\x8c=\
\xd5w-\x22\x22\xb3\xf8\x09\xd6\xbcVg\x0a$\x9f\xce\
\x7fO8\xdb\xbf\xee\x1c2\xa5{\xd4\xf9\x8bHJ\x9c\
\x8c\xb1\xf7\xd8\xc2\xba\xd7\xfa.Df\xa6\x11\x80\x84\xb2\
{6v\x92\xad\xdc\x00\x9c\xe7\xbb\x16\x11\x91\x1a}\x82\
1\xbbQ\x0b\x04\x93I\x01 \x81l\xf1\xe2\xa3\xb1\xc1\
\x97\x80c}\xd7\x22\x222O\xbf#\xe05\xa6c\xf3\
\xaf}\x17\x22\x07\xd2\x14@\xc2\xd8\xe2\x86?\xc1\x06w\
\xa1\xce_D\xea\xc3S\xa9\xf0\x13\xdb\xbf\xee\x1c\xdf\x85\
\xc8\x814\x02\x90\x10\xd6\x9e\x9ba`\xc9\xfb\xb0\xbc\x15\
\xfd\x7f\x11\x91\xfac\x81\xeb\xe9\x5c|\xb91\x9bJ\xbe\
\x8b\x11u4\x89`\x8b\x17.\xc2\xe6\xfe\x03x\xa9\xef\
ZDDbe\xcd\xf7\xc9f\xfe\xcc\xb4_\xbb\xc3w\
)\x8dN\x01\xc03\xdb\xbf\xfe\xd9\x18\xbe\x08\xac\xf5]\
\x8b\x88\x88\x13\x86\xadX\xce1]\x9b\xef\xf2]J#\
\xd3\x1a\x00\x8fla\xdd\xeb\x80\x1f\xa1\xce_D\x1a\x89\
e\x15\xf0}\xdb\xbf\xeeo}\x97\xd2\xc84\x02\xe0\x81\
\xb5\x1b\x9b\x18\xb0\xd7c\xad\xbe\xf8E\xa4\xd1}\x9a\xce\
\xfc\x1b\x8d\xb9z\xc4w!\x8dF\x01\xc01;\xb4a\
\x05%{\x1b\xf0\x5c\xdf\xb5\x88\x88$\xc4]d\xec\xd9\
\xa6\xfd\xc6'|\x17\xd2H\x14\x00\x1c\xb2\x03\x17\x1dG\
%\xf3\x0d`\x8d\xefZDD\x12\xc5\xb2\x0dk_i\
\x16\xdc\xf8\x0b\xdf\xa54\x0a\xad\x01p\xc4\xf6o<\x9d\
J\xe6G\xa8\xf3\x17\x119\x94a%\x81\xf9\x81-l\
x\xb9\xefR\x1a\x85\x02\x80\x03\xb6\xb8\xe1\x02L\xe5\xbf\
\x80.\xdf\xb5\x88\x88$X\x07\xd8\xaf\xda\xfeuo\xf4\
]H#P\x00\x88\x91\xb5\x18[\xd8\xb0\x09k?\x06\
\xe4|\xd7#\x22\x92\x02Y\x8c\xf9\x88-\xac\xbf\xd6Z\
MS\xc7I\x9f\xdc\x98X\xbb\xb1\x89b\xe5\xdf\x00\x9d\
\x88%\x22R\x0b\xc3\xadt\x0c\xbd\xce\x98O\x8c\xfa.\
\xa5\x1e)\x00\xc4\xc0\x16.\xeb\xc1N|IG\xf8\x8a\
\x88\xcc\xdb\x1d\x98\x89\xb3L\xe7\xcd\xbb}\x17Ro\x14\
\x00\x22f\xfb/>\x02\x13|\x03x\x9a\xefZDD\
\xea\xc4\x83\x90y\x85\xe9\xba\xee\xf7\xbe\x0b\xa9'Z\x03\
\x10![\xd8x\x22&\xb8\x13u\xfe\x22\x22Q:\x0a\
\xca?\xb4\xfd\x17?\xc7w!\xf5D\x01 \x22\xb6o\
\xc3\x8b\xa0r;\xb0\xd8w-\x22\x22uh)&\xf8\
\x9e\xed[\xf7b\xdf\x85\xd4\x0b\x05\x80\x08\xd8\xe2\xbaW\
\x11\xd8o\x02\x9d\xbek\x11\x11\xa9c\xed\x04\xe6\xeb\xb6\
\x7f\xdd\xcb|\x17R\x0f\x14\x00\xe6\xc9\x166\xfc\x15\xd6\
|\x09h\xf6]\x8b\x88H\x03h\xc5\x98\xaf\xd9\xe2\xfa\
W\xfb.$\xed\x14\x00\xe6\xc1\x16\xd6]\x06\xf6S@\
\xd6w-\x22\x22\x0d$\x8f\xe5s\xb6\x7f\xc3\x9f\xf9.\
$\xcd\x14\x00jd\x8b\xeb\xff\x0e\xcc\x87\xd1\x93\x14\x22\
\x22>\xe40\xf63\xb6\xb8\xe1\x0d\xbe\x0bI+\x05\x80\
\x1a\xd8\xfe\xf5\x7f\x8f\xe5\x9f}\xd7!\x22\xd2\xe02X\
{\x8b-\xac\xbf\xd4w!i\xa4\x00P%[\xd8\xb0\
\x09\xc3\x07|\xd7!\x22\x22@8\x0a{\xb5-\xac\xbb\
\xd2w!i\xa3\xe1\xeb*\xd8\xc2\xfa\xf7\x02\xef\xf4]\
\x87\x88\x88L\xc1\xf0O\xa6s\xf3?\xf8.#-4\
\x020G\xb6\xb8\xfe}\xa8\xf3\x17\x11I.\xcb\xdf\xdb\
\xc2\x86\xf7\xf8.#-4\x020\x07\xba\xf3\x17\x11I\
\x11k\xdff\xbao\xd4T\xed,\x14\x00fa\x0b\xeb\
\xaf\x00\xde\xed\xbb\x0e\x11\x11\xa9\x82\xe1r\xd3\xb9\xf9\xc3\
\xbe\xcbH2\x05\x80\x19\xd8\xe2\xba\xcb\xb1\xe6C\xbe\xeb\
\x10\x11\x91\xaaY\xac}\xa3\xe9\xbe\xf1\x16\xdf\x85$\x95\
\x02\xc04\xf6>Vr\xb5\xef:DD\xa4fe\xac\
y\xad\xe9\xbe\xe1s\xbe\x0bI\x22\x05\x80)\xd8\xc2\xfa\
\xf3\x80O\xa2\xcf\x8f\x88H\xdaM`\xec\xff5\x9d7\
~\xcdw!I\xa3\x0e\xee \xb6\xb8\xfe,,_@\
\xdb\xfb\x8a\x88\xd4\x8bq0g\x9b\xae\x1b\xbe\xe9\xbb\x90\
$Q\x00\x98\xc4\xf6ox\x09\xc6~\x03\x1d\xec#\x22\
Ro\x86\x09x\xb9\xe9\xd8\xfc\x03\xdf\x85$\x85\x02\xc0\
^\xb6\xb0\xf1D\xa8|\x17h\xf7]\x8b\x88\x88\xc4\xa2\
\x80\xad\x9cf\xbao\xfa\xb9\xefB\x92@\x01\x00\xb0\xfd\
\x1b\x0e\xc7\xd8;\x81%\xbek\x11\x11\x91X\xed\x06{\
\xb2\xe9\xba\xf1A\xdf\x85\xf8\xd6\xf0\x01\xc0\x16.\xeb\x81\
\xf1;\x80\xa3}\xd7\x22\x12;\x9b\x01\xbb\x14L\x17\x98\
\xce\xbd\x1f+\x82-\x80y\x02L\xc5o}\x22n\xfc\
\x16[y\xbe\xe9\xbe\xa9\xcfw!>5t\x00\xb0v\
S\x9e\x81]\xdf\xc4\xf2\x12\xdf\xb5\x88\xc4\xca\x1e\x06\xd9\
\x93\xa1\xe5\x04\x08\xda\xa6~Me\x08F\xef\x81\x89\x9f\
\x80y\xd4m}\x22\xaeY~@W\xf02c\xae\x1f\
\xf3]\x8a/\x0d\x1b\x00\xac\xc5P\x5c\xffI\xe0<\xdf\
\xb5\x88\xc4\xa6\xb2\x18\x9a\xfe$\xec\xf8\xab1r\x0f\x8c\
\xdf\x06fO<u\x89$\xc3g\xe9\xdc\xfc\x97\xc6`\
}\x17\xe2C\xe3\x06\x80\xe2\xfa\xf7ay\xbb\xef:D\
bc\x8f\x81\xce\xbf\x01\xd3T\xdb\xfb+\xa30p\x0b\
\x98\x07\xa2\xadK$Q\xcc\xbbM\xd7\x0d\x9b|W\xe1\
CC\x06\x00[\x5c\xffz,\xff\xe6\xbb\x0e\x91\xf8\x9c\
\x04\x9d\x7f\xc5\xfc\xbf\xc5-\x14>\x05\xe6\xa7Q\x14%\
\x92D\x16\xc3\x05\xa6s\xf3'}\x17\xe2Z\xc3\x1d\x07\
l\xfb6\xbc\x08\xcbM\xbe\xeb\x10\x89\x8d=\x02:_\
K4\xf9\xde@\xd7\xeb\xa0tX\x04\xd7\x12I$\x83\
\xe5\x16\xdb\xbf\xf1t\xdf\x85\xb8\xd6P\x01\xc0\x0el<\
\x96\xc0~\x19\xc8\xfb\xaeE$\x16\xb6\x1d:.\x22\xda\
om\x03\xdd\xeb`\xb4!\xa7I\xa51\xe40\x95/\
\xda\xc1\x0d\xcf\xf0]\x88K\x0d\x13\x00\xec\xd0\x85\xcb\xa9\
T\xbe\x09t\xfb\xaeE$6\xd9\x97A\xd0\x1a\xfdu\
\x836\xc8\xff\x1f\x18\xec\x8d\xfe\xda\x22\xc9\xd0I\xd9~\
\xd5\x0e\xae[\xe6\xbb\x10W\x1a\x22\x00X{~3\xa5\
\xdcW\x805\xbek\x11\x89\x8d\xed\x86\xb6\x17\xc5w\xfd\
\xae3`,\x0fC\x0a\x01R\xb7\xd6R\xe6\xcb\xd6n\
\xacq\xe5l\xba4D\x00\xa0\xd0z\x03\xf0\x5c\xdfe\
\x88\xc4*8\x9eX\xbf\xa5M\x06:N\x85\xe2n\x8d\
\x04H\x1d3\xcfc\xa0r\xad\xef*\x5c\xa8\xfb\x00`\
\xfb7\x5c\x881o\xf0]\x87H\xec\xf2U>\xeb_\
\x8b\xf6\xe7\x87\xbf\x0f(\x04H\x1d\xb3\xbc\xd1\x167\xd4\
}\xbfQ\xd7\x01\xc0\x166\x9e\x88\xb1\xd7\xf9\xaeC$\
v6\x03MG\xc6\xdfN\xf3S\xc1\xec=){`\
\xb7\xa6\x03\xa4~Y{\x83\xed\xdf\xf0G\xbe\xcb\x88S\
\xdd\x06\x00[\x5c\xbf\x10*\x9f\x03\x1ab.G\x1a]\
\x1bn\xb6\xf50\x90Y\xb0\xff\x8f\x9a\x0e\x90\xfa\xd5\x8c\
\xb1_\xb4\xc5\x0b\x17\xf9.$.u\x19\x00\xac=7\
\x835\xff\x01\xac\xf5]\x8b\x88\x1b\x0eO\xb1\xce\xf6\x1c\
\xf8g\x8d\x04H\xfdZ\x83\xcd}\xd6\xdas3\xbe\x0b\
\x89C]\x06\x00\x0a\x8b?\x00\xf6e\xbe\xcb\x10q\xc7\
\xe1\xcf'3\xc56\x1a\x1a\x09\x90\xfau\x1a\x03K\xde\
\xe3\xbb\x888\xd4]\x00\xb0\xc5\x0dgc\xcc\xe5\xbe\xeb\
\x10i8Z\x18(\xf5\xca\xf26\xdb\xbf\xee\x1c\xdfe\
D\xad\xae\x02\x80-^|4\xd6~\x92\x06=\xe3@\
\xc4;\x85\x00\xa9O\x06c>f\x076\x1e\xeb\xbb\x90\
(\xd5M\x00\xb0{6vb\x83\xaf\x00\x9d\xbek\x11\
ih\x0a\x01R\x9f:\xa8Tn\xb5;\xd79\x5cp\
\x13\xaf\xba\x09\x00d+7\x00G\xfb.CDP\x08\
\x90zu,y\xae\xf1]DT\xea\x22\x00\xec\x9d\x9b\
9\xcfw\x1d\x222\x89B\x80\xd4#c\xde`\xfb7\
\xfc\x99\xef2\xa2\x90\xfa\x00`\xf7l\x5c\x851\x1f\xf5\
]\x87\x88LA!@\xea\x91\xb1\x1f\xb1\xbd\x97\xa4\xfe\
l\x99T\x07\x00k7\x05\xe4*\x9f\x02zf}\xb1\
\x88\xf8\xa1\x10 \xf5\xa7\x9b\xa0\xf4\xe9\xb4\xef\x0f\x90\xea\
\x00@a\xf7\xdb\xb0\xbc\xd8w\x19\x222\x0b\x85\x00\xa9\
7\x86\x172\xb04\xd5\x8f\x9c\xa76\x00\xd8\xfe\x8b\x9f\
\x83\xb1W\xf8\xaeCD\xe6H!@\xea\x8d\xb5W\xd9\
\xc2\xc6\x13}\x97Q\xabT\x06\x00\xfb\xc4[\xda0\xc1\
g\x80)\xb6$\x13\x91\xc4R\x08\x90\xfa\x92\x83\xcag\
\xd2\xfah`*\x03\x00\xcd\xc3\xd7\xa2G\xfeD\xd2I\
!@\xea\xcbQ4\xf1A\xdfE\xd4\x22u\x01\xc0\x16\
\xd7\xbf\x1ac\xea\xfe\x9cf\x91\xba\xa6\x10 u\xc5\x5c\
d\x8b\xeb\xcf\xf2]E\xb5R\x15\x00\xec\xf0E+\xb1\
\xdc\xe2\xbb\x0e\x11\x89\x80B\x80\xd4\x13\xcb\xbf\xda\xa1\x0b\
\x97\xfb.\xa3\x1a\xa9\x0a\x00Ld6\x03\x0b}\x97!\
\x22\x11Q\x08\x90\xfa\xb1\x88R>U7\xa8\xa9\x09\x00\
\xb6\xb0\xfe\xcf\x81\xd4\x0d\xb1\x88\xc8,\x14\x02\xa4n\xd8\
\xffc\x0b\x1b\xfe\xd2w\x15s\x95\x8a\x00`\x0b\x97\xf5\
@\xfd\xec\xbf,\x22\x07Q\x08\x90\xbaa\xaf\xb3\x83\x97\
,\xf5]\xc5\x5c\xa4\x22\x00\xc0\xf8\x87\x81T|BE\
\xa4F\x0a\x01R\x1f\x16R.\xa5b{\xfa\xc4\x07\x00\
\xdb\xb7\xee\xc5\xc0\xeb|\xd7!\x22\x0e(\x04H}8\
k\xef!u\x89\x96\xe8\x00`\xb7_\xd8J`n\x01\
\x8c\xefZD\xc4\x11\x85\x00\xa9\x07\xc6\xdc`\xfb/^\
\xe0\xbb\x8c\x99$:\x00\xd0\x96{/p\xa4\xef2D\
\xc41\x85\x00I\xbf\xa5\x18\xf3~\xdfE\xcc$\xb1\x01\
\xc0\x16\xd6=\x17\xb8\xc4w\x1d\x22\xe2\x89B\x80\xa4\x9e\
\xb9\xd0\x16\xd7=\xdfw\x15\xd3Id\x00\xb0vS\x16\
\xf8(\x90\xea\xa3\x16Ed\x9e\x14\x02$\xdd\x02*\xc1\
G\xad\xbd0\xe7\xbb\x90\xa9$2\x00P\xd8\xf5V0\
'\xf8.CD\x12@!@\xd2\xcc\xd8\xe3(\xe4\xde\
\xec\xbb\x8c\xa9$.\x00\xd8\xfe\x8dGbx\x97\xef:\
D$A\x14\x02$\xcd\x0cW\xd8\xbe\xf5\x87\xf9.\xe3\
`\x89\x0b\x00\x98\xca\xd5@\xb3\xef2D$a\x06v\
\xc3\xe0\x1e\xdfU\x88\xd4\xa2\x95\x0c\x1f\xf2]\xc4\xc1\x12\
\x15\x00l\xff\xba\x97\x01\xaf\xf2]\x87\x88$\xd4\xc0\x1e\
\x85\x00I'\xcb9\xb6\xb0\xe1\x0c\xdfeL\x96\x98\x00\
`\xed\xa6<\xc6\x5c\xe7\xbb\x0e\x11I8\x85\x00I-\
{u\x92\x16\x04&&\x00P\xd8u9p\xb4\xef2\
D$\x05\x14\x02$\x9d\x8ea \xb7\xd1w\x11\xfb$\
\x22\x00\xd8\xe1\x8bVbx\xbb\xef:D$E\x14\x02\
$\x8d,W&\xe5\xb0\xa0D\x04\x00&2\xef\x03\xda\
}\x97!\x22)\xa3\x10 \xe9\xd3I\xa5\xf4\x1e\xdfE\
@\x02\x02\x80\xed\xdbx<p\x9e\xef:D$\xa5\x14\
\x02$m,o\xb0\x83\x1b\x9e\xe1\xbb\x8c\xac\xef\x02\x08\
\xca\x1f\x02\xe3=\x88H\x15l\x00,\x01:\x08\x07n\
J\xc0 \xd0\x0b\xa6\xe0\xb32iT\x03{\xc0\x18h\
\xeb\xf1]I\xbcl\x17\xd0C\xf8}\x97\x01\x86\x80\x01\
`\x07\x18\xeb\xb32\xa9N\x86\x8a\xbd\x068\xcdg\x11\
^\x03\x80-\xae\x7f%\x96\xd3}\xd6 U\xb0GB\
\xee$h>\x1e\x82\xb6\xa9_3\xb1\x15\xc6~\x01\xe5\
;\xc0\x14\xdd\xd6'\x8d\xad\xb8;\xfc\xbd\xdeB\x80\xed\
\x82\xcc\xc9\xd0t\x02\xe4VN\xfd\x9a\xca\x10\x8c\xde\x0b\
\x13w\x81y\xc8m}R\x1b\xcbKla\xc3\x19\xa6\
\xeb\x86o\xf9*\xc1\xdb1\xbb\xd6n\xcaR\xdc\xf5K\
\xe0\x18_5\xc8\x1cU\x96C\xf3k\xa0\xb9\x8a\xffU\
v\x02\x86n\x87\xcaw\x80\xf1\xd8J\x93\xbd\xecj\xe8\
\xfa{7m=v9\x8c\xdc\xe7\xa6\xadZt.\xaa\
\x8f\x10`\x9b!s:\xb4\x9d\x0e\xa6\x8a{\xb5\xd1\xfb\
a\xec\xcb`\x1e\x8f\xaf6\x89\x865\xbf\xa2k\xc7\xb3\
\x8c\xb9\xb5\xec\xa3y\x7fC\xef\x85\xdd\xafG\x9d\x7f\x0a\
<;\xecX\xaa\xe9\xfc\x01L\x0e\xda_\x01-o\x81\
\xca\xa2xJ\x13\x99J\xb1\x0ev\x0c\xb4\x0b\xa0\xf5R\
h?\xb3\xba\xce\x1f\xa0\xf9X\xe8\xfc\x07\xe0\xa4XJ\
\x93\x08\x19{\x1c\x03\x8b\xbd\xad\x81\xf3\x12\x00\xac=\xbf\
\x19c\xdf\xe9\xa3m\xa9\x829\x13:__\xfd\x0f\xa0\
\xc9r+\xa0\xf3\xad`\x13\xb7\x0d\xb6\xd4\xb3\x81=0\
\x94\xd2\xb3\x03\xecZ\xe8x\x1b\xe4V\xd5~\x0d\x93\x81\
\xce\xf3\xc0$j\xe39\x99\x8a5\x9b\xac\xdd\xd8\xe4\xa3\
i?#\x00\x03\xed\x1b\x80\xd5^\xda\x969z.t\
\xbc2\x9aK\x05\xad\xd0y\x89B\x80\xb8\x95\xc6\x91\x00\
\xbb\x1a:6\x84\xdf3Q\xe8x\x15\x94\x8f\x8f\xe6Z\
\x12\x97\xc3(V\xde\xe8\xa3a\xe7\x01\xc0\xeez}\x07\
\xd6\xfe\x9d\xebv\xa5\x0a\x95\xe5\xd0\xf1\xdah\xafi\xf2\
{C\xc0\xdah\xaf+2\x934\x8d\x04\xd8\xc3\xa0\xf3\
2\x08\x22>\x0b\xad\xfb\x02\x18\xe9\x8c\xf6\x9a\x12\xb5w\
\xda]\xaf\xefp\xdd\xa8\xfb\x11\x80|\xcb[\x09\x9f!\
\x93\xa4j>k~\xc3\xfe\xd31y\xe8|\x93F\x02\
\xc4\xad4\x8c\x04\xd8\xd5\xd0\xb11\xfc\x1e\x89\x9a\xc9B\
\xe7_BaG\xf4\xd7\x96\xa8,&\xdfr\x89\xebF\
\x9d\x06\x00[\xbcp\x11\xe0\xfc\x1f)U\xb0GB\xf3\
q\xf1]\xff\xc9\x10\xb06\xbe6D\x0e\x96\xe4\x91\x80\
\xb8\xee\xfc'k9\x0e\xccS\xa0\xb03\xbe6d\xbe\
\xdeb\xfb/^\xe0\xb2A\xc7#\x00\xb9\xb7\x10\xee\x1e\
#I\x95s\xb0r\xd84i$@\xdcK\xe2H@\
\x9cw\xfe\x07\xeb|)\x0c\xf7k$ \xb9\xba0\xc1\
\xa5.\x1bt\x16\x00lq\xfdB,\xeb\x5c\xb5'5\
\xb0A\xb8\xc9\x8f\x0bO\xae\x09P\x08\x10\x87\x92\xb4m\
\xb0]\x0d\x1d\x97\xc4{\xe7?Y\xfb\x89\xe1t\xc0p\
A! \xb9.u9\x0a\xe0r\x04\xe0rt\xf7\x9f\
pK\xa6\xdf\xe1/\x0e\x9a\x0e\x10\x1f\x920\x1d\xe0b\
\xd8\xff`A\x1b\xe4\xd7\x86\xff=\x5c\xd0t@2u\
b2\xce\xa6\xc9\x9d\x04\x00[\xb8\xac\x07\xcb\x06\x17m\
\xc9|xX)\xac\xe9\x00\xf1\xc1\xe7t\x80\xcba\xff\
\x83\xe5\x16\xee\xffoM\x07$\x94u6\x0a\xe0h\x04\
`\xec\xcd\xe8\xee?\xf9\x8c\xa7\x13\x995\x12 >\xf8\
\x18\x09\xf0q\xe7?Y\xe6\xa0-\x925\x12\x90D]\
\x18\xf3&\x17\x0d\xc5\x1e\x00\xec\x9e\x8d\x9d`\xd6\xc7\xdd\
\x8eD\xc0N\xf8k\xdb4A\xe7F\x85\x80T\xa8\xa3\
S\xe7\x8a\xbb\xdd\x85\x00{X\xb8\xee\xc5\xc7\x9d\xff\x93\
5\x8c\x1d\xfa\xb1\xe1~\x85\x80\xc41\x97\xd8\x9d\xebb\
\xbf#\x8b\x7f\x04 S^\x07t\xc7\xde\x8eD`\xd0\
o\xf3\x9a\x0e\x98\x87awM\x95\xeb\xec\x94G\x17\xd3\
\x01>\x87\xfd'+M\xf3\xef\xd4t@\xd2,\xa0)\
\xb8 \xeeFb\x0d\x00\xd6nl\xc2\x04N\x862$\
\x0a\x09xNZ\xd3\x015\x1ar\xd7T)\x01_'\
Q\x8bs:\xc0\xf7\xb0\xffd\x13OL\xffw\x9a\x0e\
H\x18{\x99\xb5\x9bb\xd8\x91m\xbfxG\x00\x0a\xe5\
\xf3\xc1.\x8f\xb5\x0d\x89\x8e)\xc0\xc4V\xdfUh:\
\xa0\x16f\x14\xca\x03\xf1\xb7S.@\xc5\xf3HQ\x5c\
\xe2\x98\x0eH\xc2\xb0\xff>\xe3\x8f\xc2\xc4,w\xf9\x9a\
\x0eH\x92\xc3)\xec~u\x9c\x0d\xc4\x16\x00\xac=7\
\x83\xe1\xf2\xb8\xae/1\x19\xfb\x85\xef\x0aB\x0a\x01\xd5\
\x1b\xbd;\xfe6\x06\xff7\xfe6|\x8a2\x04$\xa9\
\xf3\x07\x18\xbcsn\xafS\x08H\x0e\x13\xef\xb99\xf1\
\x8d\x00\x14\x16\xbf:\xdc{RR\xa5|\x87\xdf\xc5\x80\
\x93)\x04Tg\xe2\xbe\xf8\xdb\x18\xbc#\xfe6|\x8b\
\x22\x04$\xad\xf3\xb7\xe3\xd0\xf7\xd5\xb9\xbf^! )\
\x9ek\x8b\xebN\x89\xeb\xe2\xf1\x05\x00c\xde\x1c\xdb\xb5\
%>\xa6\x08C\xdf\xf1]\xc5~Z\x188w\xe6\x01\
\x18\xdf\x12\xdf\xf5\xc7\xb7\xc2\xd0]\xf1]?I\xe6\xb3\
00)\x0b\xfe&\xeb\xff\x1a\x94vU\xf7\x1e-\x0c\
L\x86J|#\xe9\xb1\x04\x00\xdb\x7f\xf1s\x80\x93\xe3\
\xb8\xb68P\xfe.L<\xee\xbb\x8a\xfd\xb40pn\
\x8c\x85\x91*\xee\xf2\xaa\xb5\xfbc`K\xf1]?i\
jY\x18\x98\xa4\x05\x7f\xfb\x8co\x85\xdd\x9f\xa9\xed\xbd\
Z\x18\xe8\x9f1g\xd9\x81u\xc7\xc4q\xe9xF\x00\
L\xa0\xbb\xff43\xa30\xfc\x11\xa88|\xb4l6\
\x9a\x0e\x98\x1b\xf3[\x18\x9e\xe3\x5co5\x06~\x08\x03\
?\x8e\xfe\xbaIW\xcdt@\xd2\x86\xfd\x01*C\xb0\
\xed\xca\xf9-\xdc\xd4t\x80o\x86\x0a\xb1<Mg\xa2\
\xbe\xa0\x1d\xda\xb0\x82\x92}\x18H\xd0w\x81\xd4\xc4\xae\
\x0d\xef\xbc\x93\xf4\x03\xcd\x8eA\xf1z0\x8f\xf8\xae$\
\xc1r\xd0\xfc&\xc8\x1f\x1e\xcd\xe5\xc6\x1e\x82\xc7.\x83\
\xcah4\xd7K\xa3\xceE\xd0\xd63\xfd\xdf'\xb2\xf3\
\x1f\x83m\xef\x82\xe1\x88\x16\xf6\xb6vC\xd7\x92h\xae\
%\xd5\x1a%\x93]k\xda\xaf\x8dtN&\xfa\x11\x80\
\xb2]\x8f:\xff\xfa`\x1e\x81\xe2u\xe1\x02\xa2\xa4\xd0\
H\xc0\x1cL\xc0\xc8M0\xfa\xc0\xfc/5r?l\
}Gcw\xfe0\xf3H@#t\xfe\xa0\x91\x00\xbf\
\x9a)O\x5c\x14\xf5E#\x1d\x01\xb0vc\x13\xc5\xca\
\x16`q\x94\xd7\x15\xcf\xec\xe1a\xa7\x9b\xa4\x1fpv\
,\x0c'\xe6Q\xdf\x95$W\xc5@\xe6,\xe88\x8d\
\xea\xbf\xd5-\x14\xfe\x1bv\xdc\x90\x9c\xa7B\x92\xa0c\
!\xb4O:P'\x89\xdf\x1bqt\xfe\x93\xb5vA\
\xd7\xd2x\xae-3\xd9Ig\xb0\xc6\x98\xeb\xa7\xd8\xcf\
\xb96\xd1\x8e\x00\x14\xed\xb9\xa8\xf3\xaf?\xe6\xe1p\xd8\
=q#\x01z:`F\x81\x85\xd2\x17`\xeb\xe50\
|\xef\xdc\xdf7|/<\xfa&x\xe2ju\xfe\x07\
\x1b\xd8\xb3\xff\xe9\x80F\xec\xfca\xef\xc2@=\x1d\xe0\
\xc1\x12\x8a\xe5\xd7Dy\xc1hG\x00\x0a\xeb\x7f\x0c<\
?\xcakJ\x82hM@:\x95K\xd0\xbb\x15\x82E\
\xd0\xfe|h=\x01\xb2\x8b!\xbb\xf7N\xb6\xb4\x07J\
;a\xe8\x1e\x18\xfc\x09Ll\xf7[o\x1a\xf4\xbc\x00\
\x16\xfd}\xb2\xbe\x17\x5ct\xfe\x93iM\x80{\x96\x1f\
\x98\xee\xcd\xa7Fu\xb9\xc8\x02\x80\xed\xbd\xf8\x99d\x82\
*n3$\x95\xecj\xe8\xb8$Y\x8f9\xd9q(\
^\xab\xe9\x80\x99\xec\x0b\x01\xa5\x04\x8d\xe2\xa4U\xcb3\
`\xd5\xfb\x92\xf5=P\x19\x83mW\xc0\xf0=n\xdb\
\xd5t\x80{A\xf9\x19\xa6\xe3#\xbf\x8a\xe4RQ\x5c\
\x04\x80\x8c\xb98\xb2kIr\x99-0pm\xb2\x16\
\x85\x99|\xb8\x08K\xd3\x01\xd3\xcbd\xa1g\x15d\x13\
t\xc7\x9aF\xea\xfc\x0f\xa4\xe9\x00\xf7*\x99\xbf\x8d\xea\
R\x91\x8c\x00\xd8\x9d\xeb\xdai2\xdb\x80\xce(\xae'\
)\xa0\x91\x80t\xd2H@\xed\xd4\xf9OO#\x01.\
\x15\x18iYi\x96}h\xdeG\x80F3\x02\x90\xe7\
/P\xe7\xdfX4\x12\x90N\x1a\x09\xa8\x8d:\xff\x99\
i$\xc0\xa5.Z\x87\xcf\x8d\xe2B\xd1\x04\x00\xc3\xeb\
#\xb9\x8e\xa4\x8bB@:)\x04TG\x9d\xff\xdc(\
\x04\xb8S1\x17Dq\x99yO\x01\xd8\xe2\xc5Gc\
\x83\xdfDq-I)M\x07\xa4\x93\xa6\x03f\xa7\xce\
\xbfz\x9a\x0ep\xc1\x82}\xaa\xe9\xba\xf1\xc1\xf9\x5cd\
\xfe#\x00\x95\xe0\x0d\xa8\xf3ol\x1a\x09H'\x8d\x04\
\xccL\x9d\x7fm4\x12\xe0\x82\x01\xce\x8f\xe2\x225\xb3\
vS\x96\xe2\xee\xc7\xc0.\x9fo!R\x074\x12\x90\
N\x1a\x098\x94:\xff\xf9\xd3H@\xbc,\xdb\xe8\xda\
y\x981\xb7\x96k\xbd\xc4\xfcF\x00\x06v\xbe\x5c\x9d\
\xbf<I#\x01\xe9\xa4\x91\x80\x03\xa9\xf3\x8f\x86F\x02\
\xe2eXIq\xe9\xe9\xf3\xb9\xc4<\xa7\x00\xccy\xf3\
{\xbf\xd4\x1d\xb3\x05\x066'l\xdb\xe0\xfc\xdem\x83\
W\xfb\xae$\xb9\x14\x02B\xad\xcf\x82\xd5\xefO`\xe7\
\xff\xaetu\xfe\xfb(\x04\xc4\xcc\xce\xab\x0f\xaey\x0a\
\xc0\xeez}\x07\xb9\x96\x1d\x18Z\xe6S\x80\xd4\xa9$\
N\x07\x94\x07\xa1x\x15d\xe6q6z\xbdk\xe4\xe9\
\x80\xdc28\xecz\xc8t\xf9\xaed\xbf4\xde\xf9O\
E\xd3\x01q\x19b\xcc.3Kn\xac\xe9\x87Z\xed\
#\x00M-\xafQ\xe7/\xd3J\xe2H@\xa6\x1d\xda\
\xd6\xc1D\xc9w%\xc9\xd5\xa8#\x01AK8\xec\x9f\
\xb8\xce?\xa5w\xfe\x07\xd3H@\x5c\xdah\xe2U\xb5\
\xbe\xb9\xf6\x00`\xcd_\xd6\xfc^i\x0c\xe6a(^\
\x0d\x95\x11\xdf\x95\xec\x97_\x03\xf6d\x18\x9f\xf7&Z\
\xf5\xab\x11C@\xcf9\x90O\xd0\x14\xd1\x93w\xfe\x8e\
\x0e\xf6qA! &\xe6/j}gM\x01\xc0\x0e\
\x5c\xb4\x04\xecKjmT\x1a\x88\xd9\x02\x03\xd7%+\
\x04\xf4\x9c\x03\x85!\x85\x80\x994R\x08\xc8t\xc1\x82\
\xff\xeb\xbb\x8a\xfd\xeae\xd8\x7f*\x0a\x01q8\xd3\x16\
\xd7/\xac\xe5\x8d\xb5\x8d\x00T2\x7f\x0edkz\xaf\
4\x1e\xb3\x05\x06nL\xcet@\xd0\x06\x1d/\x86\xde\
\xc7\x15\x02f\xd2(!\xa0\xf3t\x08Z}W\x11\xaa\
\xa7a\xff\xe9(\x04D-G\xc5\xd4\xb45p\xadS\
\x00\x7fZ\xe3\xfb\xa4Q%m:\xa0\xed$\xb0\x15\x85\
\x80\xd94B\x08h\x7f\x9e\xef\x0aB\xf58\xec?\x1d\
\x85\x80h\x05\xd6M\x00\xb0\x83\xeb\x96\x01'\xd7\xd2\x98\
4\xb8$\x8d\x04\xb4>\x13LN!`.\xea9\x04\
\x98&hy\xba\xef*\x1a\xe3\xce\xff`\x0a\x01\xd1\xb1\
\x9c\x1aN\xcdW\xa7\xfa\x11\x802\xaf\xa9\xe9}\x22\x90\
\x9c\x91\x00\x93\x85lO\xf8\xdf\x0a\x01\xb3\xab\xd7\x10\x90\
]\x18~-\xf8\xd4Hw\xfe\x07S\x08\x88J\x06\x9b\
\xf9\x93j\xdfT}GnL\x82V\xcbH*%e\
a\xe0\xbe\x00\x00\x0a\x01sQ\x8f! \xbb\xc0o\xfb\
\xf5\xbc\xe0o\xae\x14\x02\xa2a\xa9\xbao\xae*\x00\xd8\
\xe2\xfa\x85X^Xm#\x22\x87HD\x088h\x1f\
,\x85\x80\xd9\xd5]\x08\xf0x\x8e\x99:\xff\xfd\x14\x02\
\xa2p\x9a\xed\xbf\xb8\xaaD[\xe5\x08\x80\xf9\x13\xb4\xfa\
_\xa2\xe2;\x04\x94\xf6\x1c\xfa1\x85\x80\xd9\xd5S\x08\
(\xf5\xfaiW\x9d\xff\xa1\x14\x02\xe6+\x87\x09^Y\
\xcd\x1b\xaa\x0b\x00\xd6\x9e]\xd5\xebEf\xe3k\xc7@\
[\x82R\xdf4\x7f\xa7\x100\xabz\x09\x01\xe5=`\
k>L\xad6\x8d\xb8\xe0o\xae\x14\x02\xe6\xc7P\xd5\
:\x809\x07\x00k76\x01\xda\xfcG\xa2g\x1eq\
\xbf0p\xe4\xd73\x87\x0e\x85\x80\xd9\xd5C\x08\xa8\x8c\
\xc1\xe8o\xdc\xb6\xd7\xa8\x0b\xfe\xe6J!\xa0v\x963\
\xf7\xf6\xd5s2\xf7\x11\x80b\xe54\xa0\xbd\x96\x9aD\
f\xe5z:`\xe8\xae\xd9_\xa3\x100\xbbz\x08\x01\
\x83s\xf8Z\x88\x82\x86\xfd\xe7N!\xa0V\xed\x14x\
\xc1\x5c_\x5c\xcd\x14@Us\x0b\x22Us\x15\x02*\
\xa3P\xfc\x9f\xb9\xbdV!`vi\x0f\x01\xc5\xdb\xc3\
\xaf\x898\xa9\xf3\xaf\x9eB@mL\xe5\xff\xcc\xf5\xa5\
\xd5\x04\x80W\xd4P\x8aHu\x5c\x84\x80\xbe/U\xb7\
\xf8K!`vi\x0e\x01\xa5^\xe8\xbf-\xbe\xeb\xab\
\xf3\xaf\x9dB@-\xe6\xbc\x0e`N\xcf\xc0\xd8\xde\x8b\
\x9fI&\xb8\xb7\xf6zD\xaad\xd7B\xe7\x9b\xc0D\
\xdc\xa1L<\x0e\x8f\xac\x83J\x0d\x9d\xb9\x09\xa0g\x05\
\xe4\x13\xb2o\xfc\xac\x02\xc2Y\xbbv\xa8\xb4\x84g \
\x98\x16 \x0fT\x80}S\x85c\xe1o\xb6\x04v\x18\
\xd8\xfb\xcb\x0c\x02C{_;G\xe5\x12\xf4n\x85R\
\x02v{\xacF\xd0\x0eko\x84\xdc\xb2h\xaf\xfb\xe4\
\x82?\xcd\xf9\xcfKk7tU\xbd\xd1]\xe32\xe6\
\x18\xd3y\xc3og{\xd9\xdc\x1e\xe9\xcbf\xce\xc4\xda\
y\xd7$2g\xe6\x11(^\x17m\x08\xa8\x8c\xc0\xb6\
+k\xeb\xfca\xefH\xc0\xf6\x04\x86\x80,\xd8%`\
\x96A\xb0\x1c\xb2+!\xb3\x18\xb2\x8b\xe7\xbf\xcb\x9d-\
Ai\x17\x94vBy\x1bT\xb6\x83}\x02\xd8\x0d\xa6\
t\xe8\xeb\xf7\x8d\x04\xa4-\x04T\x06\xc3\xaf\x8d5\xd7\
@\xd0\x12\xd15\xd5\xf9Gf\xb8?\xfc]!`n\
\xac=\x13\x985\x00\xccm\x04\xa0\xb0\xeev0\xa7\xcf\
\xbb(\x91j\xd95\xd0\xbe\x0e2\xf3\x5c\x7fZ\x19\x81\
\xedW\xc1\xd0O\xe7_\x93\xf7\x91\x80f`-\x98\xb5\
\x90\x7f\x0a\xe4\x8ft\xbf\x9d\xad-\xc1\xd8\x830\xf1 \
T\xfe\x00\xe6Q\x9e\x1cI\x80\xf4\x8e\x04\xb4=\x17V\
\xbcs\xfe!\xa0<\x00\xdb\xdf\x03\xc3\x1a8\x8d\x94F\
\x02\xe6\xea\xbfL\xd7\xe6Y\xd7\x02\xcc\x1a\x00\xac=\xbf\
\x99B[/\x86\x88b\xb1H\x95\xca\xed\xd0\xb6\x0e\xf2\
kj{\xff\xc4\xe3\xb0m\x13\x8c=\x1c]M\xaeC\
\x80]\x04\xe6\x18\xc8\x1f\x07MO\x03\x93q\xd3\xee\x5c\
\xd92\x8c\xfd\x06&\xee\x83\xcao\xc0\xf4\xa67\x044\
\x1d\x0e+\xdf]\xfbt\xc0\xd8\xa3\xe1h\xc2\xc4\xf6h\
\xeb\x92\x90B\xc0\x5c\x0c\xd1\x19,4\xe6\xfa\xb1\x99^\
4{\x00\xe8_\xf72\x8c\xf9Vtu\x89\xd4`\xa2\
\x0c\x9c\x0c\x0b\xfeo8\x97=\x17\x95Q\xe8\xfb2\xf4\
\xde\x1a\x0e\xf1F-\xee\x10`\xbb!x\x164=\x17\
\xf2\x87\xc5\xd3F\x5c\xc6\x1f\x86\xd1\xff\x85\xf2\xdd\xd0\xfb\
\xeb\xf4\x85\x80\xa0\x1dz\xce\x85\x05\xaf\x86\xa0yn\xef\
\xa9\x0cB\xef\x17\xc2E\xa6q?U\xd0\xe8\x14\x02f\
W1/6\x0bn\xf8\xdeL/\x99K\x00\xf8 \xc6\
\xbc%\xb2\xa2Dj5>\x0c\x85A\xe8x\x09\xb4\x9f\
\x08-\xcf<t\xe8\xdb\x96\xc3M~\x86\xee\x82\xe2w\
\xe3\xdf\xea5\xea\x10`3\xc0S!\x7fJ\xf8\xef\xf3\
\xb9W}$,\x8c\xfc\x02\xfa\xbe\x01\x83w\x84S\x07\
i\x92]\x00\x9d\xa7C\xdb\x89\xd0r\xdc\xa1#/v\
\x02\x86\xef\x83\xa1;\xc3\xaf\xb7\xf2\x80\x9f:\x1b\x91B\
\xc0\xcc\x0c\xef7\x9d\x9b\xdf1\xf3Kfa\x8b\xeb\x7f\
\x81\xe5\xf8\xe8\xaa\x12\x99\x87\xf1\x11\xe8\xdd\x16.\xc83\
\xf9\xf0\x07tv!`\xc2\xce\xbe\xd4\x0bv\xc6Q\xaf\
\xe8\x99\x00z\x96C~\x8e#\x13Sj\x05\xf3\x5ch\
=\x1d2\x9eO\xa8\x8bK\xa9\x17\xfa\xbf\x02\xfd_O\
gG\x9c/\xf7\xc4\x00\x00 \x00IDATi\x9a\
&}\xbd\xd9\xf0,\x89Ro\x18\x02\xc4\x8f\xd6.\xe8\
Z\xea\xbb\x8a\xa4\xfa\xa9\xe9\xda|\xe2L/\x981\x00\
\xd8\xc2e=0\xbe\x8bZ\x8e\x0d\x16\x89\xcb\xf8p\xb8\
\x1a\xdfV\xf1xZ\xdcj\x1d\x09\xb0\x1d\x909\x15\xda\
^\x1cv0\x8d\xa02\x0a\x85\xff\x86\xde\xcf\xfa;\x8c\
G\xea\x87F\x02\xa6S\xa1\x92[h\x16\x5c\xd3?\xdd\
\x0bf\xee\xd8\xcd\xc4\x0bg}\x8d\x88k\xf9V\xe8Y\
\x19v\xbaI\xb1\xef\x11\xc19o\x16\xd4\x0a\xc1\x19\xd0\
\xb9\x09\xda\xcfl\x9c\xce\x1f\xc29\xf5\x05g\xc3\x11\xff\
\x0eK/\x85l\x8f\xef\x8a$\xcd\x86\xfb\xb5Y\xd0\xd4\
\x02\x82\xb1?\x9e\xf9\x053\xb1\xbc0\xd2rD\xa2\x92\
o\x09\xef\xb8\x13\x17\x02\x1e\x0fG(\xa6}M\x00\xf6\
Dh\xdf\x04\xed\xafj\xac\x8e\xff`&\x0b\xdd\xaf\x80\
\xc3?\x01\x8b\xce\x8b~\xd3'i\x1c\xc3\x05(\xec\xf4\
]E\xf2X3c\x1f>\xcbOO{j\x94\xb5\x88\
D*m#\x01\xe6\x18h{\x07t\xbd\x0e\x82$m\
$\xe4Y\xd0\x0c\x0b\xcf\x83\xc3o\x81\xf6\xe7\xfb\xaeF\
\xd2J#\x01\x872f\xc6>|\xda5\x00v\xcf\xc6\
N\xb2\x95^ a\x0f\x1c\x8b\x1cd\xf2\xc2\xc0\xa48\
`a`;\xe4\xce\x86\x96\xe7\xf9\xae*\x1d\x06\xef\x82\
\x1d\xd7Bi\xb7\xefJ$\x8d\xb40p\xb2\x12\xe3#\
=f\xf1\xc7\xa6\x5cu;\xfd\xadS\xb6r\x0a\xea\xfc\
%\x0d\x92<\x1dPy&\xb4\xbfK\x9d\x7f5\xdaO\
\x82\xc3o\x86\xae3|W\x22i\xa4\xe9\x80\xc9\xb2\xe4\
\xa6\xff\xe13\xfdOL\xc3)\xb1\x94#\x12\x87\xa4M\
\x07\x04\xed\xb0\xfc\x1f\xa0\xfb\xc2\xb9o\x5c$\xfb\x05\xed\
\xb0\xecrXy%d:}W#i\xa3\xe9\x80\xfd\
\x8cy\xc1t\x7f5\xd3OK\xdd\xb2H\xba\xe4[\x92\
\x11\x02Z\x8f\x87\xc3\xff\x15:^\xe4\xb7\x8ez\xd0\xfe\
\xc7\xb0\xf6#\xd0\xfaL\xdf\x95H\xda\xe8(\xe1}N\
\x9a\xee/\xa6\x5c\x03`\xed\xa6\x80\xe2\xae>@\xd1[\
\xd2\xc7\xe7\x9a\x80\xeeW\xc0\x92\x0d\xee\x0f\xe7\xa9w\xb6\
\x0c\xbb?\x01\xbd\x9f\x07t2\xa9TAk\x02\x0at\
.\xee1f\xd3!?\x10\xa7\xbeU\xea\xdbq\x1c\xea\
\xfc%\xad|\x8c\x04\x04M\xb0\xe2\x1d\xe1s\xed\xea\xfc\
\xa3g2\xb0\xf8\x0d\xb0\xe2m\x8d\xfd\xe8\xa4TO#\
\x01]\x0c\xeey\xdaT\x7f1\xf5O\xc8\xc0L;d\
 \x92\x0a.C@\xa6\x13V}\x00:\xf4\xd4l\xec\
:^\x04k>\x14n\xc9+2W\x8d\x1e\x02le\
\xca)\xfd\xe9~:*\x00H\xfa\xb9\x08\x01\xf9\xd5p\
\xd8\x0d\xd0\xf2\xf4\xf8\xda\x90\x035\x1f\x0dk\xae\x81\xfc\
*\xdf\x95H\x9a4v\x08\x98\xb2O\x9f\xe6'\xa3\x99\
\xf1\x00\x01\x91\xd4\x883\x044\x1d\x09k>\x5c\xfb\xb9\
\xf1R\xbb\xdc\xf2\xf0s\xdft\xa4\xefJ$M\x1a7\
\x04\xcc-\x00X{~3\x86c\xe2\xafG\xc4\x918\
B@\xf3Sa\xf5?A\xa6+\xbakJu2\xdd\
\xb0\xe6\x83\xd0r\xac\xefJ$M\x1a1\x04X\x8e\xb5\
\xf6\xfc\xe6\x83?|\xe8O\xc4b\xc73\x01\xadb\x92\
\xfa\x12e\x08h~\x1a\xac\xfe\xa0\x9eOO\x82\xa0\x1d\
V\xbd?\x9c\x16\x10\x99\xab\xc6\x0b\x019\x0am\x87$\
\xe5C\x7f\x1a\xda\xf2\x09N\xca\x11q-\x8a\x10\xd0t\
\x04\xacz\x1f\x04-\xd1\xd5%\xf3\x13\xb4\xc2\xea\x0f@\
\xf3Q\xbe+\x914i\xb4\x10\x10\x98C\xfa\xf6C\x7f\
\x12N\xf1\x22\x91\xba1\x9f\x10\x90_\xbdw\xd8\xbf#\
\xfa\xbad~\x82\xb6p$@\x0b\x03\xa5\x1a\x8d\x14\x02\
\xac\x9dC\x00\xb0<\xdbI1\x22\xbe\xd4\x12\x022]\
\xb0\xf2\xbd\x9a\xf3O\xb2Lw\x18\x022\xdd\xbe+\x91\
4i\x9c\x100s\x00\xb0\xf6\xdc\x0c\x96\xe3\xdc\xd5#\
\xe2I5!\xc04\xc1\xcawC~E\xfcu\xc9\xfc\
\xe4\x96\xc1\xaa\xf7\x86\x1b3\x89\xccUc\x84\x80gZ\
\xbb\xe9\x80\x1fx\x07\xfe\xf4\x1bXr$\x06MnJ\
c\x98S\x080\xb0\xfc-Zi\x9e&\xcdG\xc3\xd2\
\xcb|W!iS\xff!\xa0\x9d\xc2\xee\xc3&\x7f\xe0\
\xe0\xd5\xfe\xda\xcdD\x1a\xcb\xbe\x100\xdd\xd9\x01=\xe7\
\xa4s\x87?[\x82\xf1G`|+\x8cm\x81\xf1-\
0\xf1\x04\x94\x0b`G\xa12\x0a\x95\x91\xf0\xb5A\x0b\
\x04\xcd`\x9a\xc3)\x8e\xdc2hZ\x1d\xaey\xc8\xaf\
\x82\xfc\xe1\xe1V\xbci\xd2\xf9\x12\x18}\x00\xfa\xbe\xec\
\xbb\x12I\x93\xe1B\xf8{\xbd\x9e\x1d\x10\xd8\xa7\x03\x0f\
\xef\xfb\xe3\x81\x01\xa0b\x8e\xc5\xe8\xa0\x0di0\xd3\x85\
\x80\xd6\xe3a\xd1\xeb\xfd\xd5U\x15\x0b\xa3\x0f\xc2\xf0/\
\xc2_#\xbf\xda\xdf\xc1\xcf\xa62\xb2\xff\xb5\x13\x8f\xc3\
\xe8oa`\xd2\xdf\x07-\xd0r\x1c\xb4>+\xfc\xd5\
|\x14\xd3\x9c#\x96,\x8b\xff\x16F\x7f\x1f~.D\
\xe6\xaa\xaeC\x809\x16\xf8\xfa\xbe?\x1d\x18\x00\x8c\xd5\
8\xa74\xa6\x83C@\xa6\x0b\x96\xbf-\xf9w\xbe\xe3\
[`\xe0{P\xb8=\xbc\xc3\x8fCe\x04\x86~\x1a\
\xfe\x02\xc8.\x82\x8e\x17@\xd7\xcb\x92\xbd\x13\x9f\xc9\xc2\
\x8a\xb7\xc3#o\x84\xf2\xc0\xec\xaf\x17\xd9\xa7^C\x80\
=\xb0\x8f?x\x0a@\x01@\x1a\xd7\xe4\x10\xb0\xec2\
\xc8\xf6\xf8\xaehj\xb6\x04\xc5\xefB\xff\xd7`\xf4w\
\xee\xdb/\xed\x0e\x87\xd6\xfb\xbe\x1c\xce\xb7w\xbf\x12:\
OK\xe6)\x88\xd9E\xe1\x09\x8d\xdb\xdf\xeb\xbb\x12I\
\x9b\xfa\x0c\x01\x07\xf4\xf1O\x8e\xe3Y\xbb)\xa0\xb0k\
P\x8b\x00\xa5\xe1U\x9e\x09\xdd\x17\xfa\xae\xe2Pv\x0c\
\xfa\xbf\x09\xbd\xb7Bi\x97\xefj\x0e\x94[\x02\x0b\xce\
\x85\xee3\x93y\x5c\xef\x13\x1f\x82\xc2\xb7}W!i\
\xd4\xda\x0d]K|W\x11\x95A:7w\x1a\x83\x85\
\xc9\x01\xa0\x7f\xc3\xe1\x18\xfb\x07\x7fu\x89$A\x07\xb4\
\xbf3\xdcX&1l\xd8\xf1\xef\xf9$\x94\xfa|\x17\
3\xb3\xec\x02Xt>t\x9dI\xa2\xd6\x09\x94\x07\xe1\
\x91\xbf\x81R\xaf\xefJ$\x8dZ\xbb\xeag$\xa0\x14\
\xac6\x0b\xaf\xdf\x0a\x07<\x06h\xb5\x8f\xa6H\xee\xd5\
\xc9\xea\xfc\xc7\x1e\x82\xc7.\x83\x1d\xd7$\xbf\xf3\x87\xb0\
\xc6'\xae\x86G7\x84\xab\xf0\x93\x22\xd3\x0eK\xd6\xf9\
\xaeB\xd2\xaa\x9e\x1e\x11\x0c\xf6\xf7\xf5\x93\x1f\x80V\x00\
\x90\x06w\x0c\xb4$\xe4$l;\x0e;?\x02\x8f\xac\
\x87\x91\xfb}WS\xbd\xd1\xdf\xc3\xa3\x97\x84\xff\x06;\
\xe1\xbb\x9aP\xc7\x0b\xa1\xfdy\xbe\xab\x90\xb4\xaa\x97\x10\
\x90\x99:\x00$x9\xafH\xccl\x06Z\xce\xf1]\
Ehb\x07<\xf6\x16\xe8\xfb\x120\xc5\xde\x04\xa9Q\
\x09\xff\x0d\x8f^\x02\xe3\xdb}\x17\x13Zr1\x98\x9c\
\xef*$\xad\x86\x0bP\xd8\xe9\xbb\x8ay2O\xf6\xf5\
\xfb\x03\x80\xd1\x08\x804\xb0\xe0\x8f!\x97\x809\xbe\xc1\
\x1f\xc3#\x17\x87\xcf\xe2\xd7\x8b\xb1\x07\xe1\xd1\x8b\xc3\xc7\
\x15}\xcb-\x87\x05g\xfb\xaeB\xd2l\xb8?\xe5#\
\x01\x9a\x02\x10\x99\xa4\x0d\xda^\xe5\xbb\x08\xd8\xfdI\xd8\
\xf6n\xa8\x0c\xfa\xae$z\x95\x11\xd8\xfe~\xd8\xfdi\
\xdf\x95\xc0\xc2\xd7\xeaP'\x99\x9f4O\x07X\x0e\x0c\
\x00\xd6b\x80\xc3\xbd\x15$\xe2Spj\xb8\xdb\x9d7\
\x15\xd8q\x1d\xec\xf9\x8c\xc7\x1a\x1c\xd9\xf3ix\xe2_\
\xc0\x96\xfd\xd5\x10\xb4B\xcf\xb9\xfe\xda\x97\xfa\x90\xde\x10\
p\xd0\x14\xc0\xe0\xc6E@\xab\xafjD\xbc\xb1\x1d\xd0\
v\xba\xc7\xf6'`\xfb\xfb\xa0\xff\xeb\xb3\xbf\xb6^\x14\
\xbe\x05\x8f\xbf\xdf\xef\xe2\xc0\xee\xb3\x92\xbb\xd1\x93\xa4G\
:C@\x87\xed\xbfx\x01\xec\x0b\x00\xe5\xcaj\xaf\xe5\
\x88\xf8\x929\x15L\xdeS\xe3\x15x\xfc\x030\xf0C\
O\xed{4\xf0\xc3\xf0\xdf\xeek\x91c\xd0\x04=\x7f\
\xea\xa7m\xa9/i\x5c\x18Xa5\xec\x0b\x00\x01\x0a\
\x00\xd2\x80Z\xa0\xf5E\xfe\x9a\xdf\xf9\x91\xc6\xec\xfc\xf7\
\x19\xf8!\xec\xb8\xde_\xfb]\xaf\x80L\xa7\xbf\xf6\xa5\
~\xa4ma`fr\x00\xb0V\x01@\x1a\x8f9)\
<\x06\xd7\x87\xdd\x9f\x80\xbe\xdb\xfc\xb4\x9d$\xfd\xdf\x08\
\xd7\x05\xf8\x104C\xf7+\xfc\xb4-\xf5'M\xd3\x01\
6X\x03O\x06\x00\x8d\x00H\x83\xb1\x19h=\xcdO\
\xdb\x03\xdf\x87=\xff\xe1\xa7\xed$\xda\xfdi\x7f#!\
\xddg'\xf3\x10#I\xa7\xb4\x84\x80`\xf2\x08\x801\
\xab\xbc\x16#\xe2\x9a9\x1a2\x0b\xdc\xb7;\xbe\x1d\x9e\
\xb8\xc6}\xbbI\xf7\xc4\x87`|\xab\xfbv\xb3=\xda\
\x1dP\xa2\x95\x86\x10\xb0w\xd4\x7fo\x00`\x85\xd7b\
D\x5c\xcb\x9d\xe2\xbeM;\x01\x8f_\x05\x95!\xf7m\
']e\x04\xb6_\x15n\x81\xecZ\xd7\xcb\xdd\xb7)\
\xf5-\xf1!\xc0,\x87\xfdS\x00\x09\xd8\x02M\xc4\x11\
\xbb\x00Z\x9e\xe1\xbe\xdd]\xff\x06\xa3\x0f\xbao7-\
\xc6\xfe\x10\xae\x8dp\xad\xed\x8f\x92\xb1\x0b\xa4\xd4\x97$\
\x87\x00k\x96\xc2\xfe\x9d\x00\xf5\xd5/\x8d#8\x1e\xe7\
G\xd5\x8e\xfd\x01\xfa\xbf\xe2\xb6\xcd4\xea\xfdRx\x02\
\xa2S\x06:^\xe4\xb8Mi\x08I\x0d\x01\xc6.\x01\
\x08\xac\xbd0\x07x\x98\x0c\x15\xf1\xa4\xe9\xb9\x8e\x1b\xb4\
\xe1N\x7f>w\xbfK\x8d\x0a\xec\xb8\x01\xb0n\x9b\xed\
<\xd5m{\xd28\x92\x19\x02\x16Y\xbb)\x1b0\x12\
,\xc1\xf9\xed\x90\x88'v!\xe4\x0fs\xdbf\xff\x7f\
\xa5\xf3H__F~\x0d\x85o\xbbm\xb3\xe9(\xc8\
\xeba(\x89I\xf26\x0b\x0a\x18\xea[\x180\x96[\
\xe2\xbb\x12\x11g\xcc\xb1n\xdb\xb3c\xb0\xe7Sn\xdb\
\xac\x07\xbb?\xee~A`\xfb\xc9n\xdb\x93\xc6\x92\xb4\
\xcd\x82\xc6\xc7\x97\x06\x98\xf2b\xdfu\x888\x93w\xbc\
\xf8\xaf\xff\x9bP\xeas\xdbf=(\xf5\x86g\x06\xb8\
\xd4\xe6zjH\x1aN\x92\xa6\x03\x82`q\x00\x81\xe6\
\xff\xa5A\xe4\xa1\xe9\xa9\xee\x9a\xb3%\xe8\xfb\xa2\xbb\xf6\
\xea\xcd\x9e\xcf\x86\x9fCWZ\x9e\x1e\x9e\x14(\x12\xa7\
\xc4\x84\x00\xd3\x1d@\xa5\xdbw\x19\x22n\x1c\xe1v\xd7\
\xb7\xe2wa\x22\x09\xdf\xe8)U\xda\x15~\x0e]1\
Yh=\xde]{\xd2\xb8\x92\x10\x02\x02\xbb @O\
\x00H\xa3\x08\x0ew\xdb^\xff\xd7\xdc\xb6W\x8f\x5c\x1f\
\x93\xdc\xf2t\xb7\xedI\xe3\xf2\x1e\x02Lw@\x10t\
y\xac@\xc4\x9d\xdcS\xdc\xb55\xfe\x18\x8c\xfe\xce]\
{\xf5j\xf4\x01\x18{\xd4]{-\xc7\xb9kK\xc4\
g\x08\xb0\xb6+\xc0j\x0a@\x1aA\x16\xf2G\xb8k\
\xae\xf0\x1dwm\xd5\xbb\x01\x87\xd3\x00\xcdO\x01\x93w\
\xd7\x9e\x88\xbf\x10\xb0 \x0bA\x97\xf3M7d?\x9b\
\x01\xd3\x0a\x95\x0e09\xdf\xd5\xcc\xc3 \x98A`\xcc\
w!S\xb3K\x1c\xce\xff[(*\x00D\xa6\xf0]\
Xt\x01N\xb6+19h:\x0cF\x7f\x1f\x7f[\
\xb5\xc8\xb4Cv!d\xba\x81\x8c\xefjjcGa\
b'\x94\xfb\xdd.\xf2L\xb2\xe1\x02`\xa0\xcb\xe9S\
\xf9\xddY\xb0\xed.[\x14\xc0v\x87\xdb\xd1\xe6O\x80\
\xa6#\xa9\xab}\x98\xca\x030z7L\xdc\x07\xe6w\
`*\xbe+\x0a\x19\x87\xbb]\x8f>\x08\xa5\xdd\xee\xda\
\xabw\xa5]0\xfa\x104\x1f\xe5\xa6\xbd\xa6#\x92\x13\
\x00L6\xdc\x9f\xa0\xfd\xf9\xd0vR\x18\x00\xea\x86\x0d\
\xa7\xc9\x06\x7f\x12\x1e\x91=\xbe\xcdwA~\x0d\xf7\x87\
\xbf\xbb\x0a\x01\xd6\xb6e\x01=\xf7\xe2\x8am\x87\xcc\xe9\
\xd0\xf6b0)M\xef\xb3\xc9t@\xdb\xa9\xc0\xa9P\
\xda\x09C\xb7\x81\xb9\x0f\xef\xa3L\xc1Jwm\x0d\xdf\
\xe3\xae\xadF1|\x8f\xc3\x00\xe0x\xb1\xe8\x94\x0ct\
\xbc\x00\x16\xbd\x1e\xf2\xf5zX\xab\x81\xe6\xa3\xc3_\x8b\
\xfe\x1a\x06~\x08\xbbni\xec'g\x86\xfb\x01\x0b]\
\x0enXL\xd0\x1a\x00-\xf1\xb7$\xd8\xa3\xa0\xe3\x0a\
h?\xbd~;\xff\x83e\x97@\xd7\x85\x90}-\xe0\
\xf0\xf1\xbb\xa9d\x96\xbbkk\xf8^wm5\x8a\xe1\
_\xb8k+\xbf\xc6][S\x09Z`\xe5\x95\xb0\xe2\
\x9du\xdc\xf9\x1f\xcc@\xc7\x0ba\xedG\xb4!\x93\xb3\
m\x83+-\x01\x1a\x01p\xe0D\xe8zS\xe3n2\
\xd2\xfa<h\xbe\x04\xac\xc7\x7f\x7f\xd6\xd5\xb0Z\x09F\
~\xe5\xa6\xadF2\xf2+w\xf3\xc59\x87a\xf1`\
\xd9\x1eXsu8\xe4\xdf\x88\x826X\xf5^Xp\
\x96\xefJ\xfc\x1a\xeew\x10\x02\xc2\x11\x80\x06\xed\x95\x1c\
\xb1\xc7@\xe7y\xec?y\xb9A\xe5\x0f\x87\xa67@\
\xc5\xc7z\x87\x00\xb2\x8ev\xbc\x1e\x7f\x04*#n\xda\
j$\x95\x11\x18w\xf48`\xce\xd3\xf9h\xa6\x09V\
\xbe;\x5c\x83\xd0\xd0\x02X\xb2\x0e:N\xf1]\x88_\
\xb1\x9f\x1d`5\x05\x10\xab\xca\x22\xe8x\x03u\xb5\xc8\
o>\x9a\x8f\x86\xcc\xab\xa0\xecz\xe5o\x87\xbb'\x00\
\xc6\xb7\xbai\xa7\x11\xb9\xfa\xdc\x9a\x5c\xb8\xd2\xde\xb5\xa5\
o\x0a\xbfG\x040\xb0\xec\xad\xfe\xa7c|\x8bw:\
\xa0%\x00\x9a\xe3\xbaz\xc3k:\x0b\x02}z\x0f\xd0\
\xf1R\x18js\x1c\x02\xda\xdc55\xb6\xc5][\x8d\
f\xdc\xe1\xe76\xdb\xe3\xae-\x08;\xfe\xae\xd3\xdd\xb6\
\x99tA3,\xb9\xd0w\x15\xfe\xc57\x12\xd0\x12\xe0\
}uV\x9d\xb2k\xa0\xe5\x04\xdfU$\x90\x81\x9e\xd7\
A\xef\x16w!\xc0:\x1c\xe4r\xd9I5\x1a\x97\xa3\
+\x99Nwm\xc1\xde\x8eN#\x85\x87h;\x11Z\
\x9f\xe9\xbb\x0a\xff\xe2\x19\x09\xc8*\x00\xc4%\xab\xb3\xc5\
\xa7\xd5z<\x04\x8ba\xcfc\x8eB\x80\xc3\x11\x80\x89\
\xed\xee\xdaj4.\x9f\x13w\x19\x00\xf2\xab\xa0\xc5\xf1\
1\xd5i\xd2\xf5r\xdf\x15$C\xf4#\x01\x99\x80\xd4\
n'\x95`6\x80\x96g\xfb\xae\x22\xd9\xda\x9f\x1fv\
\xfe.B\x80q8\x02P\x19t\xd7V\xa3\xa9\x0c\xb9\
k+\xd3\xe1\xae\xadv\xdd,\xcc\xa8\xed$\xb7\xa7x\
&Y\xb4\xdb\x06g\x15\x00\xe2`\x97\x86\x8f\xb3\xc8\xf4\
Z\xf7N\x8f\x94K\xf1O\x07\xb8\xfc\xe1Q\x19u\xd7\
V\xa3\xa9\x0c\xbbk\xcb\xe5\xb6\xdc\xad\x9a*\x9cQ\xa6\
}\xef\x8e\xa9\x02D7\x1d`5\x02\x10\x0f\xa3\xf3\x95\
f5\xf9\xb1\xbc\xd2D\xcc#\x01\x0e\xbf\xc4]\xde\xa5\
6\x1a\x97\x8fW\xba\x0c\x8d9G\x8f\xa8\xa6Y\xce\xe9\
\x1e\xf9\xc9\x17\xc5t\x80\xd1\x08@<\x8c\xe3\x05Di\
t\xf0cV\xb1N\x07\xb8\xfa\x12\xb7P\x19w\xd4V\
\x03\xaa\x8c\x02\x8e\xce\x96p9\x02\xe0\xe3\x91\xc3\xb4\xd1\
\xe7\xe8P\xf3\x9f\x0e\xc84\xf8\xee4q\xd1\xe9\x8a\xb3\
\x9b\xe2s\xe4jM\x80H\x92X\xfd\xbc\x90\x1a\xcd3\
\x04\x04@9\xbaj\x04\x00[\xf4]A\xf2\x95\xf6L\
\xfd\xf1XB\x80\xab/q\x03\x81\xce\x92\x8fM\xd0\x8c\
\xb3\x1d5\xed\x84\x9bv\x00J\xbd\xee\xdaJ+\x9d\xae\
9\xbd\xdaC@Y\x01 \x0e\xb6\xe0\xbb\x82\xe4\x9b\xe9\
\x1b:\xea\x85\x81.\xcf\x1c\xd7\xe2\xcf\xf8\x04\x0e\x9f\xe6\
p\xf95Srq\xf0K\xcaM\xec\xf2]A\xb2\xd5\
\xb20\xd0RR\x00\x88\x83\xd9\xa1\xc5`\xb3\x19\xba{\
\xe6\xbf/MD\x18\x02\x5c\x06\x00\xed\xfc\x18\x1b\x97\x87\
i\xb9\x5c\xcb\xe1\xf2\xa4\xc34*\x0f\xc0\xd8\x83\xbe\xab\
H\xbej\x0f\x102\x1a\x01\x88\x87\xa9\xc0\xc8,\x1d\x5c\
\xa3\x1b\xfc\xc9\xec\xaf\x89\xea\xe9\x00\xeb\xf0\xf1\xb1\xa0\xdd\
][\x8d\xc6\xe5\xe8\x8a\xcb\xfd\x1c\x06\xefp\xd7V\x1a\
\x0d\xfd/XuSsR\xdd\xd3\x01\xa5\x00\xa7\xb7G\
\x0d\xa44\x87\x0e\xaeQ\x0d\xdf;\xf7\x1d\xf3\x22\x99\x0e\
p\xf8\xf8X\xaeQ\xceo\xf7 \xbf\xd2][e\x87\
\xebx\xc6\xb7\xc1\xf0/\xdd\xb5\x976\xfd\xff\xe5\xbb\x82\
t\x99\xfbt@Y\x01 .\xe61\x8d\x02L\xc9\xc2\
\xee\x8fU\xf7\x96yO\x078\x9c\x8e\xc9\xafv\xd7V\
\xa3q\xf9\xb9-\xf7\xbbk\x0b`\xd7-\xe8\xe9\xa1)\
\x0c\xde\x09#\xf7\xf9\xae\x22}\xe66\x1dP\x0a\x00m\
]\x16\x97\xf1\xaf\xe8l\xf8\x83\x15\xfe\x1bF~S\xfd\
\xfb\xe6\x13\x02\x8c\xc3)\x80&\x05\x80\xd8\xe4W\xb9k\
\xab\xe48\x00\x8c>\x00\x85o\xbbm3\xe9*#{\
\x83\x91\xd4d\xf6\x100\x12\xe0t|\xb4\xc1\x98=0\
\xf0\xaf(\xd9\xef5r?\xec\xb8\xa1\xf6\xf7\xd7\xbc&\
`\xd0\xdd\xaan\x97\x9dT\xa3q\xf5\xb9\xb5\x13\xd3?\
\xa6\x1a\xa7\x1d\xd7\xc3\xe8o\xdd\xb7\x9bH\x16\x1e\xff'\
\x9d\xae9_3\xaf\x09\x18\x09\x00\x87\xb7G\x0d\xc8<\
\x00\x85O\xe2l\x07\xb3\xa4\x1a{\x08\xb6\xbfg\xfe\xcf\
W\xd7\xb4&\xa0\x02%G\x8f\x11\xe5\xd7\xba}\x5c\xad\
Q\x04-\x90?\xccM[\x13;\xf0\x12\xda\xed8l\
\xdb\x04c\x7fp\xdfv\xa2T`\xc7f-\x8e\x8c\xca\
\xb4k\x02\xcc\xb0\x02\x80\x0b\xe6g\xd0\xfb\xa1\xc6}4\
p\xe0\x87\xf0\xd8e\xd1mxR\xcbt\x80\xabg\xad\
M\x16Z\x8es\xd3V#iy\x86\xbb\xfd\xf9'\x9e\
p\xd3\xceTJ\xbd\xe1\xf7\xca\xe0\x8f\xfd\xd5\xe0Se\
\x10\xb6\xbe\x13\xfa\xbf\xea\xbb\x92\xfa2\xe5t@eX\
S\x00\xaed\x1f\x83\x9do\x81\xbe\xdb\x1a\xe7\x91\x96\xf1\
\xad\xb0\xfd\xaa\xf0W\xd4\xa7\xe4U;\x1dPvx\x96\
|\xeb\xb3\xdc\xb5\xd5(\x5c~N\xc7\x1eq\xd7\xd6T\
*#\xb0\xed\xdd\xb0\xed\x8a\xf0\x09\x81F`\xcb\xe1j\
\xff\x87\xff\x06\x86~\xe6\xbb\x9a\xfat\xc8t@0\x92\
E#\x00\xee\xb4f`\xf0V\xe8\xbf\x0d:^\x08\xed\
\x7f\x0c\xcdO\x05\x8c\xef\xca\xa2S.\xc2\xe0]\xe1\xf0\
\xdd\xd0\x9d\xf1\x86\x9d}\xdb\x06/\x5c\x03\x99Y\xee\x0e\
+s|\xec0\x0a\x0a\x00\xd1s\xf99\x1d\x7f\xc4]\
[3\x19\xbc3\xec\x0c\xdb\x9f\x07\xed'C\xdbI\x90\
\xa9\xa7\x83\xc6l\xb8\xf8q\xf0\x0e(\xfe`\xee\x8f\x06\
K\xed\x86\xf7\xeeR\xdb\xb5\x14le8\x0bfP\x8b\
\xd4\x1cj_\x00\xa6\x17\xf6|6\xfce\xb2\x90\xe9\x0e\
\x8f\x045i\x9d;.\x87\xab\xa6K\xbb\xddOs\xec\
[\x13\xd0\xb3z\xe6\x10`\x1d\x0e\xeb6\x1f\x15\x1ew\
\xecj\xddA\xbd\xcb-\x81f\x87\xe7\xc1'i\x0e\xde\
\x96`\xe0G\xe1/\x087C\xca.\x82l7\xa9=\
\xc8\xd5\x8e\x84[\xfb\x96\xfb\xddn\xb9,\xa1\xe1\x02`\
\xa0k\xc9P\x16\xac\xe3\xe7]\x84\xb6\x9e\xf0\xf7\xe2\xee\
\xf0\x1b\xa0\xb4[\x87]\xcc\xc7\xbe5\x013\x86\x80\xbd\
\x9fk'\xf3\xc8\x06:O\x83\xde\xcf:h\xab\x01t\
\xbe\x04g\xa3dv\x02\xc6\x1eu\xd3V-*C0\
>\x04\xe3\x09\xaeQ\x92o\xb8\x1flem\x80A\x01\
\xc0\x87\xb6\x1e\xe8X\xec\xbb\x8a\xfa1\xdb\x9a\x00S\x82\
\xf1\x87\xdc\xd5\xd3u\xba\xbb\xb6\xea]\xe7K\xdd\xb55\
\xfa\x80\xdb\x93\x00E|1\xb6\x14\x80Q\x00\xf0\xa5}\
\x01t.\xf2]E\xfd\x98\xed\x11\xc1\xf1\xdf\xbb\xab%\
\xbff\xef\xfa\x0e\x99\x97\xe6\xa3\xdd\xee\x008\xf2+w\
m\x89x\x15\xf4\x06T4\x02\xe0\x95F\x02\xa25\xd3\
H@\xc5\xf1\xdcn\xf7\xab\xdc\xb6W\x8f\x5c\x7f\x0eG\
~\xed\xb6=\x11_\x02v\x04Z\x03\x90\x00\xed\x0b\x14\
\x02\xa2\xb4\xef\xe9\x80\x83C\x80y\xd4\xed\xa2\xa3\xce\xd3\
 \xb7\xd4]{\xf5&\xb7d\xef\xfc\xbf#\xb6\xa4C\
y\xa4q\xd8\xcc\xe3\x01\xd0\xe7\xbb\x0eA\xd3\x01Q\x9b\
r:`\x0c\xc6\x1epW\x83\xc9\xc2\x82s\xdc\xb5W\
oz\xfe\xcc\xdd\xe6?\x10\x1e:\xa3\xb3;\xa4Qd\
\xcc\xe3\x01\xd6\xeaY\xa5\xa4\xd0t@\xb4\xa6\x9a\x0e\x98\
p|\x87\xd7}&d{\xdc\xb6Y\x0f\xb2\x0b\xa1\xeb\
\x0c\xb7mj\x03\x1ai$\x86\xdf\x07\xe4K\xd3\x9e\x14\
 \x1eh: Z\x07O\x07Tj8\x89p>L\
\x13,z\x9d\xdb6\xeb\xc1\xa2\x0b\xc0\xe4\xdd\xb6\xa9\xbd\
\xe7\xa5\x91\xe4\xf2\xbf\x0fh]\xb1\x8b\x86?\xa9&a\
4\x1d\x10\xad\xc9\xd3\x01\xa6\x17\xc6\x1fv\xdb~\xd7\xcb\
\xa1\xe5X\xb7m\xa6Y\xcb\xd3\xa1\xcb\xe1\xa3\x7f\x00\xa3\
\xbfk\x9cmwEL\x06\x16\x8e<\x11\x18\xb3\xa9\x04\
DtJ\x8bDF\xd3\x01\xd1\x9a<\x1d0\xfa\xbf\x8e\
\x1b7\xb0\xf4\x92\xf0\x9bNff2\xb0t#\xce\xb7\
\xc7\x1e\xf8\xbe\xdb\xf6D|\xca\x04ecn-\x07{\
\xff\xe8\xe8\xa84\xa9\x8a\xa6\x03\xa2\xf5\xe4t\xc0\xdd8\
\xdf\xfe\xba\xe9p\xe8>\xcbm\x9bi\xb4\xe05\xd0t\
\x84\xe3F+P\xfc\x9e\xe36E<2\xc1\x18@\x18\
\x00\x0cZ\x07\x90T\x9a\x0e\x88V\xb9\x04\xbd\xbf\x82\x91\
_\xb8o{\xf1\x1b\xa0\xf9)\xee\xdbM\x8b\xe6\xa7\xc2\
\xa2\xf3\xdd\xb7;\xf43\x9d\xdb \x8d\xc5\x04C\xb0/\
\x00X\x1e\xf7Z\x8c\xcc\xac\xadG! J\xa5\x09\xe8\
\xfb\x86\xfbvM\x0eV\xbc#<\xd0E\x0e\x14\xb4\x87\
\x9f\x1b\x93s\xdfv\xff7\xdd\xb7)\xe2\x95)\xc0\xfe\
\x11\x80-^k\x91\xd9iM@\xb4\x06\xef\x80\x92\x87\
\xa5/\xb9\x15\xb0\xec2\xf7\xed&\x9a\x81eo\x86\xdc\
r\xf7M\x97\xf6\xc0\xd0]\xee\xdb\x15\xf1)\x9b\xd9\x06\
\xfbG\x00\x14\x00\xd2@k\x02\xa2cK\xd0\xffU?\
mw\xbc\x10\x16\x9d\xe7\xa7\xed$Z\xf4\xd7\xd0q\x8a\
\x9f\xb6\xfb\xbe\xac#i\xa5\xf1\x04\xc1\x1f\xe0\xc9\x11\x00\
\xa3\x00\x90\x16\x0a\x01\xd1\xe9\xff\xaa\xbf\x9d\xdf\x16\x9e\x07\
\x0b\xce\xf6\xd3v\x92t\xbf\x12\x16\xfe\xa5\x9f\xb6+#\
\xd0\xff_~\xda\x16\xf1\xc9d~\x03\xfb\x02@Y\x01\
 U\x14\x02\xa2Q\x1e\x84\xc2\xb7\xfc\xb5\xbf\xe4\x22\xe8\
x\x81\xbf\xf6}\xebx\x01,\xdd\xe0\xaf\xfd\xfeo@\
e\xd0_\xfb\x22\xbe4\x05?\x87}\x01 Sy\xcc\
k1R=\x85\x80h\xf4~\x0e\xec\x98\xa7\xc6\x03X\
\xfe\x0f\x8d\x19\x02:^\x10\xfe\xdb\x09f}i,*\
\xa3\xd0w\xab\x9f\xb6E|2\x06\xb2\xdd\xf7\xc0\xde\xef\
>\xd3\xb9y\x0f0\xec\xb5(\xa9\x9eB\xc0\xfc\x95\xf6\
@\xff\xd7\xfd\xb5\xbf\xef\xc9\x80F::\xb8\xeb\x0cX\
\xfev?+\xfe\xf7\xe9\xbf\x0dJ:\x07M\x1aP&\
W1\xdd7\xf5\xc1\xe4\xf8m\x8d\xe3\xc3\xd2%\x12\x0a\
\x01\xf3\xb7\xe7s\x9eO\x81\x0b\xc2\xdd\xef\x1aaa\xe0\
\xa2\xbf\x86e\x97\xfb\xdd\x15\xb12\x08\xbd_\xf0\xd7\xbe\
\x88OAf\xe8\xc9\xff\xdc\xff\xd1\xca\x83>j\x91\x08\
(\x04\xccO\xb9\x1f\xf6\xfc\x87\xef*\xc2\x85\x81+7\
A\xa6\xddw%\xd1\x0bZ\xc3\x91\x8e\x85\xaf\xf5]\x09\
\xec\xfew(\x17}W!\xe2G\x90yr\xd7\xab\xc9\
\x13p\x0a\x00i\xa6\x100?}_L\xc6a0\xed\
\xcf\x87\xc3n\x82\x96c|W\x12\x9d\xe6\xa3`\xed\x8d\
\xd0q\xaa\xefJ`|;\xf4\x7f\xcdw\x15\x22\xfe\x04\
\xc1\x93k\xfe&\x05\x80\xe0!\x1f\xb5H\x84\x14\x02j\
gK\xb0\xeb\x16\xdfU\x84rKa\xf5\x87\xa0\xe7\x9c\
t\x1f d2\xd0s.\xac\xb9.\xdc\x00)\x09v\
\xde\x08v\xc2w\x15\x22\xfe\x04\xd9\xdf=\xf9\x9f\xfb?\
j\x15\x00\xea\x81B@\xed\x06\xef\x80\xc1\x1f\xfb\xae\x22\
dr\xb0\xf8B8lsx<n\xda4?\x15\xd6\
\x5c\x0b\x8b\xff\x16L\xd6w5\xa1\x81\xef\xc3\x90\xeb\x93\
 E\x12\xe7\xc9\x83P&}g\x9a\x07\x9d\x9f\x90&\
\xf1h_\x00\xc6Bq\xb7\xefJ\xd2g\xc7\x0d\xd0z\
|\xb87}\x124\x1d\x01k>\x0c\x85o\xc3\xee\x8f\
\xfb\xd9\xbe\xb8\x1a\xd9\x85\xb0\xe8\x02\xe8z)\xce\x8f\xf4\
\x9dIy \xbc\xfb\x17ix\xb9;\xf6\xfd\xd7\x93\xdf\
\xa1\xd6n\x0a(\xec\x1a\xc4\xd0\xe2\xa7(\x89\xdc`\x1f\
\x0c\xe8\x94\xb3\xaau\x9d\x11\xaeTO\x1a;\x1en\x5c\
\xd4\xfby\x98H\xd8\x01\x9e\xb9\xa5\xd0\xf3\xa7\xd0u\xa6\
\xdf\xc7\xfb\xa6\xf3\xf8\x07\xa1x\xbb\xef*D\xfc\x0a\x02\
\xcbS\xbe\x951&\xbc\xdb? \xa2\xdb\xc2\xba\xbb\xc1\
\x9c\xe0\xa72\x89\x85B@mV\x5c\xe1o\x7f\xfa\xd9\
\xd8\x12\x14\xbf\x1b\xee_0\xfa\x80\xdfZ\x9a\x8f\x0e\xf7\
0\xe8|Ir\x86\xfa\x0f6\xf0}\xd8\xfe>\xdfU\
\x88\xf8\x97k.\x9a#\xbf\xd6\xb5\xef\x8f\x07}\xc7\x9a\
\xfb\x01\x05\x80z\xd2\xbe \xfc]!\xa0:;>\x1c\
\xcec\xe7\x96\xf8\xae\xe4P&\x1b\x8eRt\x9d\x01\xe3\
[`\xe0{P\xb8\x1d&\x9ep\xd3~vQ\xb8\x93\
_\xd7\x19\xe1\x14E\x92\x95v\xc3\x8e\xeb|W!\x92\
\x0c\x99\xec\xd6\xc9\x7f<0\x00X\xeeO\xd2\xb4\x9dD\
D!\xa0z\xe5Ax\xe2\x9fa\xd5?%{%~\
~u\xb8\x7f\xc0\xc2\xbf\x82\xd1\x87`\xf8\x1e\x18\xbe\x17\
F\xee\x8bns\xa3\xa0\x05Z\x9e\x01\xad\xcf\x0a\x7f5\
\x1fI\xa2\xe6\xf7\xa7cK\xb0\xfd\xaap\xfe_D \
\x93\xfb\xf5\xe4?\x1e\x18\x00\x02s?V\x0b\x01\xeb\x92\
B@\xf5\x86\x7f\x19>\x1a\xb8\xe4\x22\xdf\x95\xcc\x81\x09\
\x9f\xb7o>*|\xf4\xce\x96a\xfc\x11\x18\xdf\x1a\x8e\
\x12\x8co\x09G\x08\xca\x85p\x1f\xfc\xca\xc8\xfe\x80\x10\
\xb4\xec\xfd\xd5\x0c\x99.\xc8-\x83\xfc\x1a\xc8\xaf\xda\xfb\
km\xb2C\xd0tv}\x14F\xee\xf7]\x85Hr\
d2wL\xfe\xe3AS\x00V\xdf-\xf5L!\xa0\
z}_\x82\x96\xa7A\xc7\x8b|WR\x1d\x93\x81\xa6\
#\xc3_\x8d\xa8\xf8]\xe8\xfb\x8a\xef*D\x92\xc5\xe4\
\x0fX\x09{\xe0Q\x5c\x1d;\x1fB\x87\x02\xd57\xed\
\x13P\xbd\xc7\xffEw\x92i2\xfa\x00\xec\xb8\xc6w\
\x15\x22\xc9\x92\xcdUXv\xf8o&\x7f\xe8\x80\x00`\
\xcc\xade\xe0>\xa7E\x89{\x0a\x01\xd5\xb1c\xb0\xed\
\xcadl\x15,3\x9bx\x1c\xb6\xbe\x0b*\xbe\x8ex\
\x16I\xa8 \xd7g\xcc\xa6\xca\x01\x1f:\xf4U\xf6\x1e\
W\xf5\x88G\x0a\x01\xd5)\x17`\xdb\xbb\xc2\x83\x83$\
\x99J}\xb0\xf5m\xfa\x7f$2\x95L\xe6\x90\xdd~\
\x0f\x0d\x006P\x00h\x14\x0a\x01\xd5\x19\xdf\x0a[\xfe\
A\xab\xca\x93\xa82\x08[\xdf\x11\x1e\xf6#\x22\x872\
\x99\x9f\x1f\xfc\xa1)F\x00\xb8\xdbA)\x92\x14\x0a\x01\
\xd5\x19\xfb\x03l};T\xb4T&1*\xc3\xb0\xe5\
m0\xa6\x03ME\xa6u\xd0\x02@\x98*\x00t\x99\
\xfb\x00\x1d\x97\xd5H\xda\x17@\xe7\x22\xdfU\xa4\xc7\xe8\
\x03\xb0\xe5\xeft\xa6|\x12\x94\x07\xc3a\x7f\xdf;\x22\
\x8a$\x99\x09`U\xdb\xb7\x0e\xfe\xf0!\x01\xc0\x98\xeb\
\xc70\xfc\xe6\xe0\x8fK\x9dk\xeb\xd1H@5F\x7f\
\x0f\x8f]\x0e\xa5=\xbe+i\x5c\xa5>\xd8\xf2\x16\x18\
\xd1\x8f+\x91\x19e\x9b\x06\x8c\xb9\xf9\x90a\xcb\xa9\xa6\
\x00\x00sW\xdc\xf5H\x02i:\xa0:\xe3\x8f\x86#\
\x01\x13\x9awvn|\x1bl\xb9,\x9c\x92\x11\x91\x99\
\xe5r\xbf\x9b\xea\xc3\xd3\x04\x00\x14\x00\x1a\x95B@u\
\xc6\xb7\xc2\xa3\x1ba\xe4W\xbe+i\x1c#\xbf\x81\xc7\
.\xd5\x82?\x91\xb9\xcaf~0\xd5\x87\xa7\x0e\x00\xa6\
\xa4\x00\xd0\xc8\x14\x02\xaaS\x1e\x08\x17\xa1\x15\xff\xc7w\
%\xf5\xaf\xf8\xdd\xbd\xeb/\x0a\xbe+\x11I\x8fL\xf3\
\xadS}x\xea\x00\xd0\xbe\xec~@\xdfa\x8dL!\
\xa0:v\x0c\x1e\xff@\xb8\x03\x9d-\xf9\xae\xa6\xfe\xd8\
2\xec\xfa7x\xfc\x9f\xc0\x8e\xfb\xaeF$=\xb2\xf9\
2K\x8e\x98\xf2\xa6~\xca\x00\xb0w\xb7\xa0\x9f\xc5Z\
\x94$\x9fB@\xf5\xfa\xff\x0b\xb6\xbc\x15J:o!\
2\x13;a\xcb\xe5\xd0\xfb9\xdf\x95\x88\xa4O6\xff\
\xc4\xc1;\x00\xee3\xdd\x1a\x00\xc0\xde\x19W=\x92\x22\
\x0a\x01\xd5\x1b\xf9\x15<|\xa1\xa6\x04\xa20\xf0Cx\
\xf4b\x9d\xc5 R\xabln\xda\xbd}\xb2\xd3\xfd\x05\
\x04?\x06\x1d\x0d,\xe8\x14\xc1ZT\x86\xc2)\x81\xe1\
\xbba\xf1E\x90i\xf7]Q\xba\x94\x07`\xe7G\xa0\
x\xc8\xde%\x22R\x8d \xff\xd5i\xffj\xda7\x8d\
\x0f\xff\x08\xd0d\xa6\x844\x12P\x9b\xc2\xb7\xe1\x917\
@\xf1;\xbe+I\x8f\xc1\xbb\xe0\x917\xaa\xf3\x17\x99\
/\x13@n\xc5\xb4sgf\xa6\xf7\xda\xc2\xfa\x9f\x02\
\x7f\x14yQ\x92^\x83}\x1a\x09\xa8U\xfb\xf3\xc2\xd1\
\x80\xfc\x0a\xdf\x95$\xd3\xf8\xd6\xf0\xae\x7f\xe8\x7f}W\
\x22R\x1f\xf2-\xfd\xe6\x88\xaf.\x98\xee\xafg\x98\x02\
\x00\xe0\x07(\x00\xc8d\xed\x0b\xc0X(\xee\xf6]I\
\xfa\x0c\xde\x09C?\x83\xeeW\xc1\xa2\xd7A\xd0\xe6\xbb\
\xa2d\xa8\x8c@\xdf\x17`\xcfg\xc1j\x17r\x91\xc8\
\x04\xd9_\xcf\xf8\xd73\xbe\xd90\xe5\xe6\x01\xd2\xe0\xb4\
mp\xedl\x09\xfa\xbe\x0c\x7f\xf8k\xd8\xf3\xe9\xb0\xf3\
kT\x95Q\xe8\xbb\x0d\x1e>\x1fv\x7fZ\x9d\xbfH\
\xd4r\xd9i\xe7\xffa\xd6)\x80\xcbz`|\x17\xb3\
\x05\x05iL\x9a\x0e\x98\xbfl\x0f\xf4\xfc)t\xbd\x1c\
\x82\x16\xdf\xd5\xb8Q\x19\x81\xfeo@\xef\xe7\xa1\xdc\xef\
\xbb\x1a\x91\xfad\x0ct\xae\x5cb\x96\x7f|\xda\x1f\xd2\
3\x06\x00\x00[Xw7\x98\x13\xa2\xadL\xea\x86\xcf\
\x10`\x9a\xc2\x0e4\xdb\x13\xfe\xb9\xdc\x17\x1e\xceS\x19\
\xf3S\xcf|d\xda\xa1\xeb\x95\xb0\xe0\xec\xfd\xff\x9ez\
S\xda\x13\xde\xf1\xf7\x7f\x03*\x83\xbe\xab\xa9^\xd0\x04\
\xd9\x85\x90\xe9\x01*\xe1aD\xa5\xdep\x13(\x91\xa4\
ij\xed3\x87\x7fe\xc6\x1f&\xb3\xad\x01\x00\xcb\xed\
\x18\x14\x00dj\xae\x1f\x11\xcctA\xe7\xe9\xd0~\x12\
\xb4\x1c\x07\xe6\xe0/\xe1\x0a\x8c\xfc:\x5cI^\xfcN\
\xf8\x03:\x0d\xca\x83\xd0\xfb\xd9p.\xbc\xfdd\xe8:\
\x13\xda\xfe\x889d\xf4\x84\xb3\xe1\xba\x87\xc27\xc35\
\x10i\xdb%1\xbbp\xd2\xd7\xdb\xb1\x1c2\x18jK\
\xe1\xbe\x0f\x83w\x86_o:\x22Z\x92\x22\x93\x9fu\
5\xed\xec#\x00\xfd\x1bO\xc7T\xf4<\x8e\xcc,\xee\
\x91\x80\xa0\x05z\xce\x81\x05\xe7\xcc}\xa8\xbc2\x06\xfd\
_\x86=\x9fO\xe7\x1dgn\x09t\xbc\x18:O\x85\
\xa6\xa3|WS\x9d\xd1\xdf\xc3\xc0\xf7\xa0\xf8\xbdt\xee\
\x8a\x98i\x87\x9e?\x83\xee\xb3\xc3;\xff\xb9\xa8\x0cC\
\xef\x17\xa0\xef\x8b\x8d\xbd\xb6C\x92\xa1s\xd1yf\xc5\
\x7f\xfe\xfbL/\x99=\x00\xd8\xf3\x9b)\xb4\xf5bh\
\x90\x09J\xa9Y\x5c! \xbf\x12V\xbe\x07\xf2\xabk\
{\xff\xc4\x13\xb0\xedJ\x18{8\xda\xba\x5c\xca\xaf\x84\
\xf6?\x86\xb6\xe7B\xcb\xd3\xa7\x18\xf9\xf0l\xdf\x9d\xf0\
\xd0Oa\xf0\xc7\xe9>\xa9\xaf\xe9\x08X\xf9n\xc8-\
\xad\xed\xfd\xe3\x8f\x85_o\xe3\xdb\xa2\xadKd\xae2\
Y\xcbQG\xb5\x18s\xfd\x8c\xf3Ss\x1a_\xb4\x85\
\xf5\xdf\x06^\x1aIaR\xdf\xa2\x0e\x01\xad\xc7\xc3\x8a\
+\xe7\xbf\x93^e\x04\xb6_\x15vPi\x17\xb4\x84\
\x9f\x97\x96g\x84a\xa0\xf9)`rnk\xb0\x130\
\xfa\xbbp\xbae\xe4>\x18\xfee}\xdc\xf5\xb6\x9d\x08\
+\xde1\xff\x05\x99\xe5A\xd8\xfen\x18\xbe7\x9a\xba\
D\xaa\xd1\xdc\xf6\x98Y{\xdba\xb3\xbdln\xb7\x11\
\x86\xdb\xb1\x0a\x002\x07Q\xae\x09h=\x01V\xbd'\
\x5c\xec7_A\x0b\xacxgx\x8e|\x9aG\x02 \
\xech\x07\xef\x0c\x7fA\xd8\xf97\xad\x0d\xef\x5c\x9b\x0e\
\x87\xfca\x90[\x16\xde\xc1\xcew\xa4\xc0N\xc0\xc4\x8e\
p\x14e\xfc\xd1\xf0s7\xf6\x07\x18{\xb4\xfe\x1e\xdb\
k:\x22\x9a\xce\x1f\xc2\xc0\xba\xea*\xd8z\x05\x0c\xdf\
3\xff\xeb\x89T#\x93\x9f\xd3\xd6\xa3s\x1b\x01\x18\xb8\
\xe88*\x99\xfb\xe6W\x914\x94\xf9\x8e\x04D\xd9\xf9\
O6\xf1\x04<\xb2.\x9dk\x02\xaaf\xc2El\xd9\
\x9ep\xf1d\xa6#\xdc|(h\x0d\xffz\xdf\xdc\xf6\
\xbe\xa7&*\xc3\xe1\x19\x06\xe5\x01(\x17\xc2\x05\x94\xa5\
=4\xc4\x99 \x99v8\xec\xa6\xda\x87\xfd\xa7c\xc7\
\x14\x02\xc4\xbd\xae\xe5'\x99\xe5\x9f\x9a\xff\x22\xc0}l\
a\xfd\x1f\x80\xc3\xe7U\x944\x96ZC@\xcb3`\
\xd5\xfb h\x8e\xbe&\x80=\xff\x09\xbb?\x1e\xcf\xb5\
%\x9d\x16\xffM\xb8\x1fC\x1c\xec\x18l\xbd2<\x18\
J$n\xb9\xe6Qs\xe4\xd7\xe64\x8cU\xc5\x06?\
\xe6\x1b\xb5\xd6#\x0d\xaa\x96\x03\x84\xe2\xee\xfc\x01\x16\xbc\
\xba~\x9f\xb5\x97\xeae{\xa0\xfb\xac\xf8\xaeo\x9a`\
\xd5\xbb\xa1\xf5\xd9\xf1\xb5!\xb2O&7\xe7\xe1\xa6*\
\x02@E\x01@\xaa\xd7\xbe\x00:\x17\xcd\xed\xb5.:\
\x7f\x08\xaf\xdfyZ\xbcmHzt\xbdl\xee\x8f\xfa\
\xd5J!@\x5c\xc95\xcd\xf8\xe8\xdfds\x0f\x00\x9d\
\x99\xff\x07\x0c\xd4R\x8f4\xb8\xb9\x9c\x1d\xe0\xaa\xf3\x7f\
\xb2\xa6\x93\xdc\xb4#\xc9\xe7\xeakA!@\xe2\x96\xc9\
VX\xb1\xe8\xdf\xe6\xfa\xf29\x07\x00c\xae\x1f\xc3\xa2\
C\xcd\xa563M\x07\xb4\x9e\x00\xab\xdf\xef\xae\xf3\x87\
\xbd\xcf\xd2\xe7\xdd\xb5'\xc9\x144A\xcb1\xee\xda3\
M\xe1\x1e\x03\xad\xda\x5cUb\x90kyp\xb6g\xff\
'\xab\xee\x90\x9f\xc0\xcex\xb2\x90\xc8\x8c\xa6\x0a\x01-\
\xcf\x08\x7f F\xbd\xda\x7f6&\xa3u\x00\x02\xd9E\
8?\xeb,h\x0a\x9fp\xd1H\x80D-\xdf\xf2\xf9\
j^^\xddW~9\x7f\x1b0^\xd5{D&\x9b\
\x1c\x02|\xdc\xf9O\xa6\x00 \x99\x05~\xda\xd5H\x80\
D-\x93\xb1\xb4\xb7][\xcd[\xaa\x0a\x00f\xc15\
\xfd\xc0\xf7\xab*J\xe4`\xed\x0b`\xc1\xc9~\xee\xfc\
'\xb3\x15\x7fmKBx\xfc\x1a\xd0H\x80D)\xd7\
\xba\xc5t\xde\xbc\xbb\x9a\xb7T?\xf6e\xed\x17\xab~\
\x8f\xc8dv5,z\x9b\xbf;\xff}\xca)9)\
P\xe2S\xea\xf3\xdb\xbe\x16\x06JTr\xf9\xaa\x86\xff\
\xa1\x96\x00\x90\xcd\xdd\x06\x94\xab~\x9f\x08\x80]\x0b\x9d\
\x97\xf9\xef\xfc\xed\x84\xff\x1f\xfe\xe2_i\x8f\xff#\x8a\
5\x1d \xf3\x15d \xd7\xfc/U\xbf\xad\xda7\x98\
\xf6kw`\xf9q\xb5\xef\x13\xc1\xae\x86\x8e\x0d\xc9X\
}?\xfc\xcb\xfa\xdb\xcb^\xaag\xc7\xc3S\x0c\xc4\x9d\
\xef\xf3\x00\x00\x1c\x85IDAT}\xd3t\x80\xccG\
\xbee\xbbY\xf2\x89'\xaa}[m\xcb_\x8d\xbd\xb5\
\xa6\xf7I\xe3J\xca\x9d\xff>Cw\xf9\xae@\x92b\
\xdf\xa1J\xbei$@j\x95\xcb\x7f\xa9\x96\xb7\xd5\x16\
\x00\x82\xcc\xe7\x00\xcf\xe3f\x92\x1aI\xba\xf3\x87\xf0\xc0\
\x9b\xe2w}W!IQ\xfcNx\x10R\x12h$\
@\xaae\x0c\xe4\xdb\xfe\xb1\x96\xb7\xd6\x14\x00L\xc7\xf5\
\xbb@\x9b\x02\xc9\x1c\xd8U\xd0qIr\xee\xfc\x01z\
o\x0dO\xbc\x13\x01(\x17\xa17Ak\x9b\xb50P\
\xaa\x91o\xddb\x16\x7fl{-o\x9d\xcf\x0e\x18\xff\
1\x8f\xf7J#\xb0k\xa1\xf3\xcd\xc9\xea\xfc\xc7\x1e\x85\
\xbe\x9aF\xcb\xa4\x9e\xf5}\x01\xc6\x1f\xf3]\xc5~\x9a\
\x0e\x90\xb9\xca5\x7f\xb2\xd6\xb7\xd6\x1e\x00FZ\xbe\x04\
\x0c\xd5\xfc~\xa9oI\x1b\xf6\x87\xf0\xae\x7f\xfb\x95P\
\x19\xf5]\x89$Me\x04\xb6\xbe\x13\xca\x05\xdf\x95\xec\
\xa7\xe9\x00\x99M\x90\xb1\xb4,\xfe`\xcdo\xaf\xf5\x8d\
f\xd9\x87\x86\xc0~\xbd\xd6\xf7K\x1dK\xda\x82?\x80\
\xca\x18l\x7f\x0f\x8c\xd74R&\x8d`\xe2\x09\xd8~\
\x15\xd89o\xa5\x1e?\x8d\x04\xc8L\x9a\xdb\xee3\x0b\
\xaf/\xd6\xfa\xf6yn\x82m?=\xbf\xf7K\xddI\
\xe2\x9d\x7fe\x0c\xb6]\x01\xc3\xf7\xfa\xaeD\x92n\xf8\
^\xd8\xf2\xf6pD )4\x12 \xd3\xc95\x7fx\
>o\x9f_\x00\xe8\xdc\xfd\xdf\x18\xb6\xce\xeb\x1aR?\
\xec\xea\xe4-\xf8{\xb2\xf3\xbf\xc7w%\x92\x16#\xf7\
\x85\xd3\x01I\x0a\x01Z\x18(\x07\xcb5\x8f\xb1l\xfc\
\xdf\xe7s\x89y\x05\x00cn-\x03\x9f\x99\xcf5\xa4\
N\xa8\xf3\x97z\xa2\x10 I\xd7\xd4\xfa\xed\xbd}p\
\xcd\xa28\x07\xf3c\x80\x8d\xe0:\x92V\xea\xfc\xa5\x1e\
)\x04HR\x99\x00r\x1d\xef\x9c\xf7e\xa2\xa8\xc5\x16\
\xd6\xff\x18x~\x14\xd7\x92\x94Q\xe7/\xf5\xae\xe5\x19\
\xb0\xea*\x08Z|W\xb2\x9f\x1d\x83\xadW\xc2\xf0\xdd\
\xbe+\x11\x1f\x9a\xdb\x9f0k\xbf\xbc|\xbe\x97\x89b\
\x04\x00\x8c\xf9X$\xd7\x91tQ\xe7/\x8d@#\x01\
\x924\xb9\xe6ODq\x99h\x02\xc0h\xe5s@\xcd\
\x8f\x22H\x0a\xa9\xf3\x97F\xa2\x10 I\x91\xc9U\xc8\
-x_\x14\x97\x8a$\x00\x98%7\x0e\x82\x99\xd7j\
DI\x91$n\xef\xab\xce_\xe2\xa6\x10 I\x90o\
\xbd+\xecs\xe7/\x9a\x11\x00\x80\xc0lF\x8b\x01\xeb\
\x9f]\x0d\x1d\x97\xaa\xf3\x97\xc6\xa4\x10 >\x19\x03\xb9\
\xfc?Dv\xb9\xa8.\x04`\x0b\xeb\x7f\x08\x9c\x12\xe5\
5%A\xecZ\xe8|SB7\xf9Q\xe7?\xab\xfc\
*h?9\xdcU.\xbb\x18\xb2=\xe1\xc7K\xbdP\
\xda\x09\xc3\xbf\x80\xc1;`|\x9b\xdf:\xd3\xa0\xf5\xd9\
a\xa7k\x9a|W\xb2\x9f\xbe\x17\xea_D\x8b\xff\xf6\
\x898\x00\xac{\xad\xa6\x02\xea\x94:\xff\xf4j9\x06\
\x16\xffM\xb8\x9a}.\x86\x7f\x09\xbb\xfe\x15F\x7f\x1b\
o]i\xa7\x10 \xaeu.~\x87Y\xf1\x1f\xef\x8f\
\xear\xd1\x06\x00\xbb\xb1\x89be\x0b\xb08\xca\xeb\x8a\
g\xea\xfc\xd3\xc94\xc1\xd27A\xd7\xe9T\xff\xadn\
\xa1\xf0m\xd8q=\xd8\xf18\xaa\xab\x0f\x0a\x01\xe2J\
\xaey\x82#\x9e\xd3n\xcc\xa6\xc8\xbe!\xa3[\x03\x00\
\x18s\xfd\x18\x98\x8fDyM\xf1L\x9d\x7f:e{\
`\xcd\x87\xa0\xeb\xa5\xd4\x96\xf3\x0dt\x9d\x11^c\xdf\
T\x81\x1cj\xf8\xee\xf0y\xfc$\x1d \x144\xc1\xca\
\xf7@\xeb\xb3|W\x22Qji\xfbJ\x94\x9d?D\
\x1c\x00\x00\xc8\x8e\xdf\x04\xe8\x96\xa1\x1e\xa8\xf3O\xa7\xa0\
\x05V\xbd\x1f\x9a\x8f\x9e\xff\xb5\x9a\x9f\x16^+I\x8b\
>\x93&\xb1!\xe0\xbd\x0a\x01\xf5\x22\x93\xb54\xb5\xbc\
9\xea\xcbF\x1e\x00L\xdb\xcd\x8f\x83\xfd|\xd4\xd7\x15\
\xc7\xecB\xe8X\xa7\xce?u\x0c,\xff{h:\x22\
\xbaK6\x1d\x01\xcb\xdeJ\xc43\x86\xf5%\xb1!\xe0\
J\xc8\xaf\xf1]\x89\xccW\xbe\xed\x17f\xe1\xc7\xb7D\
}\xd9\xe8G\x00\x00\xac\xb9:\x96\xeb\x8a\x1b\xb6\x09Z\
\xdf\x08A\xab\xefJ\xf6S\xe7?7\x1d/\x84\xf6\x18\
v\xe5\xee8%\xfc%\xd3Kd\x08h\x83\x95\x9b \
h\xf7]\x89\xd4\xca\x18\xc84\xfd]\x1c\x97\x8e%\x00\
\x98\xee\xcdw\x03?\x8a\xe3\xda\xe2@\xe6\xa5\x90[\xe1\
\xbb\x8a\xfd\xec\x18l\xbbR\x9d\xfflL\x16\x16]\x10\
\xdf\xf5\x17]\x10\xb6!\xd3\x1b\xbe\x1b\xb6\xbc\x1d*\xa3\
\xbe+\xd9/\xbf\x0a\x16\xfd\x95\xef*\xa4V\xf9\xb6'\
\xcc\xaa\xcf|7\x8eK\xc73\x02\x00P\xb1\x1a\x05H\
#\xdb\x05m\xa7\xf9\xaeb\xbf\xca\x18l\xbdB\x87\x9e\
\xccE\xfb\xc9\x90\x8f1\xb8\xe5WA\xfb\xf3\xe2\xbb~\
\xbd\x18\xb9\x0f\xb6mJ\xd6H@\xf7+!\xb7\xc4w\
\x15R\x8b\xa6\xfc\x07\xe3\xbat|\x01\xa0{\xc9m\xc0\
\xfd\xb1]_\xe2\x919\x19L\xcew\x15!\x0d\xfbW\
'\x8e\xa1\xffC\xda89\xfe6\xeaA\xd2\xa6\x03L\
\x1e\xba\xff\xc4w\x15R\xad|\xf3\x10\xcb\x8f\xb9&\xae\
\xcb\xc7\x16\x00\x8c\xd9T\xc1\x98\x0f\xc7u}\x89I\xd3\
\x09\xbe+\x08\xa9\xf3\xaf^\xdb\x89\xf5\xd1F\xbdHZ\
\x08\xd0\xe8M\xfa4\xb5\xdd`\xcc\xa6J\x5c\x97\x8fo\
\x04\x00\xa0c\xfcS@\xe4+\x17%&\xb6\x0br+\
}W\xa1\xce\xbf\x16\x99v\xc8t8h\xa7K\x0b\xca\
\xaa\x91\xa4\x10\x90_\x03\xb9\xa5\xbe\xab\x90\xb9\xca5\x8f\
\xb3\xe2iW\xc4\xd9D\xac\x01\xc0\x98\x9b'0\xe6\xba\
8\xdb\x90(%`\xc3\x17-\xf8\xabMva}\xb6\
U\x0f\x92\xb400I\x8b{ef-\x9d\x1f\x8fz\
\xe3\x9f\x83\xc5;\x02\x0006\xfcQ\xa0/\xf6v$\
\x02\x9e\xef\xec\xb4\xe0\xafv\x81\x83\xbb\xff}\x5c\x8c4\
\xd4\x9b\xa4,\x0c\xd4\xae\x8e\xe9\x90m*\x93\x8b\xe7\xd1\
\xbf\xc9b\x0f\x00f\xf1\xc7\x06\x80\xeb\xe3nG\x22\xe0\
s\xf1\x9f\x86\xfd\xe7\xc9\xe5&=\xda\x10\xa8&I\x98\
\x0eH\xd2\xc6^2\xbd\xe6\xb6[\xf7\xf6\x9d\xb1\x8a\x7f\
\x04\x00\xa0<\xf1a\xa0\xdfI[R;\x1b\xfb\xd7\xdb\
4\xedj\xd8_\x1a\x84\xef\xe9\x80R\xaf\x9fve\xee\
2M\x15:V\xacw\xd1\x94\x93\x00`zn.\x00\
7\xb8hK\xe6c\xd0}\x93\x1a\xf6\x97F\xe3s:\
\xa0\xb4\xc7}\x9bR\x9d\xe6\xd6/\x99\xae\xab\x9d$5\
7#\x00\x00\x95\xdc\xbf\xa0Q\x80\x84{\x02*C\xee\
\x9a\xd3\x9d\xbf4*\x1f#\x01\xe5\x01\x18\x7f\xd8]{\
R\xbdL\xbeB\xa6\xfbbW\xcd9\x0b\x00f\xc15\
\xfd\x18nt\xd5\x9e\xd4\xc0X\x18\xbd\xd7M[v,\
\x9c\x0f\xd5\x9d\xbf4\xaa\x91\xfb`\xeb;\xdc\x85\x80\xa1\
\x9f\x82-\xbbiKj\xd3\xd4\xfa5\xb3\xe2\xe6\xdd\xae\
\x9as7\x02\x10\xfa0Pt\xdc\xa6Tc\xe2\xae\xf8\
\xdb\xd0\xb0\xbfH\xc8\xe5t@\xf1\xf6\xf8\xdb\x90\xdae\
s\x15r\xed\x7f\xeb\xb2I\xa7\x01\xc0tn\xde\x03V\
\xbb\x03&\x99y\x08F\x7f\x1d\xdf\xf55\xec/r \
\x17\xd3\x01#\xbf\x82\xa1\x9f\xc7w}\x99\xbf\x96\xce\xcf\
\x99\xe5\x1f\xdf\xe5\xb2I\xd7#\x000\xc6\xbf\x00;\x9c\
\xb7+s7\xf6\x15\xb0\xa5\xe8\xafku\xe7/2\xa5\
8G\x02l\x09v~4\xfa\xebJt\xb2M%\x9a\
3\x17\xb9n\xd6y\x000Kn\x1c\x04>\xe0\xba]\
\xa9\x82\xd9\x0e\xc5OD{\xcd'\xe7\xfcu\xe7/2\
\xa5\xb8F\x02vn\x86\xd1\x07\xa2\xbd\xa6D\xab\xa5\xe3\
&\xb3\xf03\xce\xa7\xc7\xdd\x8f\x00\x00t.\xbe\x11\xd0\
r\xd4$3\xbf\x80\x81\xafGs\xad\xca\x10l}\x97\
\xee\xfcEf3r_8EV\x19\x8e\xe6z\xbd\xb7\
B\xff7\xa2\xb9\x96\xc4\xa3\xa9u\x84\x15\x8bb\xdf\xf5\
o*^\x02\x801\x9b\xc61\x5c\xe5\xa3m\xa9\x82\xfd\
o\xe8\xbby~\xd3\x01\xe3\xdb\xe1\xb1Ka\xf8\x17\xd1\
\xd5%R\xcf\x86\xef\x81G7\xc0\xf8<\xceQ\xb3e\
\xd8y#\xec\xba%\xba\xba$\x1e\xad\x1d\xffh\xcc\xf5\
^\xb6\x87\xf43\x02\x00\xd0\xb1\xf3\x93\x18~\xe9\xad}\
\x99\x9b\xcc/a\xe7\x15\xe1\x22\xa2j\xd8\x09\xe8\xfbR\
\xf8\x83l\xec\xd1xj\x13\xa9W\xe3[\xe1\xb1K\xa0\
\xef\xcb\xe1\xf7R5F\xee\x0bCw\xdfm\xf1\xd4&\
\xd1i\xee\xe8e\xc9\xd8\xfb}5\x9f\xf5\xd5\xb01\xb7\
\x96m\xdf\xbaK\x09\xcc\xff\xf8\xaaA\xe6\xa8\xa5\x08\xbb\
\xdf\x03\xe6)\xd0\xf52h}Nx\xfc\xecT\xc6\xb7\
\xc0\xe0\x9d\xd0\xff\x15\x98\xd8\xe9\xb6N\x91zR\x1e\x84\
\x9d7A\xdf\x17\xa1\xfb,h\x7f\x1e\xe4WO\xff\xda\
\xe1\x9fA\xe1\xdb0\xf43\xb7uJm\x8c\x81\xe6\xd6\
\x0d\xc6\xfc\xbb\xb7\xcd\x19\xbc\x9f\xeaa\xfb\xd7}\x19c\
\xce\xf6]\x87\xccAa'\x0c\xf7\x83\xc9@\xd3\x11\xe1\
\xb1\xb0\x99\xeep\x8a\xa0\xd4\x0b\x13\xdb`\xe2\xff\xb7w\
\xe7Ar\xd6u\x1e\xc7\xdf\xdf\xe7\xe9\xbb{\xa6\xe7\xc8\
Lf&\x13 \x22+\x22\xca*\xb5\x82\xcajyp\
-\x88\xe0\x06\xcaUaA1\x90\x99 \xa0\xac\xb8\x94\
\x8b#\x85\x0a\x88\x8b\x90\x03\x08,\x0c\xe4\x02\x11\xd6\x13\
\xa1TP\xd7s](\xa8uQ\xc1\x12\xe5\x0c!$\
s\xe4\x9e\x99\xe7\xb7\x7f\x0c\x16w\x98\xa3\xbb\x7fO?\
\xfdy\xfd\x93\xaa\x14\xc9\xbc\x81\xa9\xf4'\xbf~\x9e\xa7\
u\x83\x87\x17\xf97\xc2\x1e_\xad\xcd\xd7z\xe4\xd3\x93\
\x7f\xcb\x94\xdaK\xcf\x85\xf4\xbc\xc9O\xf5\xb3\x14L\x0c\
\xc1\xf8F\xd8\xf9\xb0\x1e\xf2SorM\x0f\xda^\xb7\
\xbd\xceg\x82\xb7\x13\x80\xe7\xb8O\x83\x1d\x09d}\x97\
\xc8\xab(wN\xfe\xb8m\x08v<\x04<\xe45G\
\xa4\xe1\x8c=\xa5\x91\x9d\x04\x16@:\xf3!\xdf\x19\xfe\
\xae\x01x\x96\xb5\x5c\xf9'\x9c\xbb\xdcw\x87LQ\xb9\
\x13\x0a-\xbe+DD\xeaW\xaex\x97\xcd\xbb\xc9\xfb\
=\xd1\xde\x07\x00\x00c;.\x04{\xd2w\x86L\x91\
F\x80\x88\xc8\xcc\x84\xe9q\xc2\xd2\x09\xbe3 &\x03\
\xc0:\xae\x1b\xc5\xf87\xdf\x1d2\x0d\x1a\x01\x22\x22\xd3\
\x97k\xba\xcczo\x8c\xc5\xe72\xc7b\x00\x00\xd04\
\xe7z\xe07\xbe3d\x1a4\x02DD\xa6.[\xdc\
D\xef\xcd\xe7\xfa\xce\xf8\xab\xd8\x0c\x00\xb3\x81\x08sg\
\x01\xcew\x8bL\x83F\x80\x88\xc8\xab3\x83\x5c\xf14\
\xb3\xf8\xbc\xc6\xc5f\x00\x00X\xf3\x8a_\x00\xb7\xf8\xee\
\x90i\xd2\x08\x10\x11\xd9\xbdb\xf9^\xeb^\xf3\x0d\xdf\
\x19\xcf\x17\xab\x01\x00@\xc4gpl\xf7\x9d!\xd3\xa4\
\x11 \x22\xf2\xf2R\x99\x88Ry\xa1\xef\x8c\x17\x8b\xdd\
\x00\xb0\xd6\xe5\x7f\x01\xbe\xe0\xbbCf@#@D\xe4\
\xa5\x0a\xcd\xd7X\xcb\xb5\xb1\xfb\x00\xbc\xd8\x0d\x00\x00\xca\
\x1d_\x05\xbb\xc7w\x86\xcc\x80F\x80\x88\xc8s\xb2\xa5\
Mt\x8f\xf7\xfb\xcex9\xb1\x1c\x00f\x03\xe3D\xf6\
q`\x9a\x9f\x82!\xb1\xa0\x11 \x222y\xe1_*\
\x7f\xa2\xd9-\xb1|Ns,\x07\x00\x80\xb5.\xbd\x1f\
\xe7.\xf3\xdd!3\xa4\x11 \x22\x8d._\xfe\x81\xcd\
_{\xbb\xef\x8cW\x12\xdb\x01\x00@9;\x00\xfc\xd1\
w\x86\xcc\x90F\x80\x884\xaatv\x07\xf3s\xc7\xf9\
\xce\xd8\x9dX\x0f\x00\xb3\xcb\xb6\x13\xd9'\xd0\xb3\x01\xea\
\x97F\x80\x884\x1a3(4\xf5\x99\xad\xda\xea;e\
wb=\x00\x00\xacu\xd9\x8fq\x5c\xef\xbbCfA\
#@D\x1aI\xbe\xfc+\xeb^\x17\xfb\xd7\xad\xd8\x0f\
\x00\x00\xa2\xb1O\xe1x\xdcw\x86\xcc\x82F\x80\x884\
\x82Tn\x8c\x96\xce\xa3}gLE]\x0c\x00k[\
9\x0cv\xb6\xef\x0e\x99%\x8d\x00\x11I23(\xb5\
\x9cc\xcd\xcbc\xf1a?\xaf\xa6.\x06\x00\x80\xb5,\
\xbb\x05\xe7\xbe\xe9\xbbCfI#@D\x92\xaaP\xfe\
\xadu\xad\xba\xc2w\xc6T\xd5\xcd\x00\x00 =\xde\x07\
l\xf4\x9d!\xb3\xa4\x11 \x22I\x13f\xc7)\x94\x8f\
\xf4\x9d1\x1du5\x00\xac\xb8\xf2I\x8cS}wH\
\x05h\x04\x88HR\x98A\xa9\xf9lk\xbf\xf61\xdf\
)\xd3QW\x03\x00\xc0\x9a\x97\x7f\x0bc\xa5\xef\x0e\xa9\
\x00\x8d\x00\x11I\x82|\xf3\xaf\xad{\xed2\xdf\x19\xd3\
Uw\x03\x00\x80-cg\x03\xbf\xf7\x9d!\x15\xa0\x11\
 \x22\xf5,\x9d\xdd\xce\x98\x1d\xee;c&\xear\x00\
X\xcf\xcam8>\x02\xec\xf2\xdd\x22\x15\xa0\x11 \x22\
\xf5\xc8B\xc84/\xb4\xbdo\x19\xf6\x9d2\x13u9\
\x00\x00\xace\xf9\xbd8\xf7y\xdf\x1dR!\x1a\x01\x22\
Ro\x8a\xcd\xab\xe3\xfc\xac\xffWS\xb7\x03\x00\x80r\
\xe7%\x18w\xf9\xce\x90\x0a\xd1\x08\x10\x91z\x91oz\
\x8cy\xfb\xfd\xb3\xef\x8c\xd9\xa8\xeb\x01`6\x10\x91\x9a\
8\x09\xd8\xe4\xbbE*D#@D\xe2.\x9d\x99 \
l\x7f\xaf\xd9@\xe4;e6\xeaz\x00\x00X\xe1\xaa\
\xc7\x89\xdc'|wH\x05i\x04\x88H\x5c\x99A\xa1\
\xf5\xb3\xd6{\xcd\x83\xbeSf\xab\xee\x07\x00\x80\xb5\xae\
\xb8\x0d\x18\xf4\xdd!\x15\xa4\x11 \x22qTh\xfd/\
\xeb^}\xa9\xef\x8cJH\xc4\x00\x00`\xa7;\x03x\
\xc0w\x86T\x90F\x80\x88\xc4I\xb60Bz~]\
=\xedow\x123\x00\xacs\xc5\x16\x8c\xe3\x80\xba\xbc\
\x1dC^\x81F\x80\x88\xc4A\x98\x8a(\xb5\xbc\xc7\xba\
.\xdd\xea;\xa5R\x123\x00\x00\xacy\xf9\x83\x98\x9d\
\x048\xdf-RA\xe5N(\x94}W\x88H\xa3\x9a\
|\xdf\xff<\xeb\xb8\xe1\x1e\xdf)\x95\x94\xa8\x01\x00`\
\xcd\xcb\xbe\x8dq\x91\xef\x0e\xa9\xb0\xf2\x5c\x9d\x04\x88\x88\
\x1f\xc5\x96\xef\xd8\xbc\xb5\x17\xfb\xce\xa8\xb4\xc4\x0d\x00\x00\
\x9a:>\x07\xdc\xe1;C*Lo\x07\xbc2W\xc3\
\x87b\xd6\xf2k\x89\xf8\x96/=\xca<w\x9c\xef\x8c\
jH\xe4\x00\x98\xbc73\xf3\x11\xe0a\xdf-Ra\
\x1a\x01/obs\xed\xbe\xd6\xf83\xb5\xfbZ\x22>\
\xa5s;)\xb4\x1elv\xcb\x84\xef\x94jH\xe4\x00\
\x00\xb0\xf2e\x9b\x88\xdc\x07ql\xf7\xdd\x22\x15\xa6\x11\
\xf0R\xe3\x9b\xa8\xcd\xa5/\x0e&\x86j\xf0uD<\
\x0bS\x8e|\xf9X\xeb\xb8\xee\x09\xdf)\xd5\x92\xd8\x01\
\x00`\xad+\xee\xc38\xcdw\x87T\x81F\xc0\x0b\xb9\
q\xd8Q\x83\xe7\x92l\xff\xfd\xe4\xd7\x12I23(\
\xb6\x5cd=\xab\x13\xfdVr\xa2\x07\x00\x80\x95\x97\xaf\
\xc2\xb8\xdaw\x87T\x81F\xc0\x0bm\xf9e2\xbe\x86\
\x88o\xc5\x96\xbb\xadg\xddy\xbe3\xaa-\xf1\x03\x00\
\x80\xa6\xe0L\xe0\xd7\xbe3\xa4\x0a4\x02\x9e3\xfac\
pU|\xab\xd2M\xc0\xe8O\xab\xf7\xfb\x8b\xc4A\xbe\
y=\xf3\xf6;\xc2wF-4\xc4\x000[\xba\x93\
\xd0\x1d\x0b\xfc\xc5w\x8bT\x81F\xc0\xa4]O\xc0\xc8\
\x9d\xd5\xfb\xfd\x87o\x87\xb1\xc4\xbe\x1d*2y\xd1_\
i\xee[\xcd\x06\x1a\xe2V\x97\x86\x18\x00\x00VZ\xb1\
\x9e\xc0\x1d\x09\xd4\xf0ri\xa9\x19=,h\xd2\xc6U\
\x10U\xe1Ae\xd1\x16xfM\xe5\x7f_\x91\xb8\x08\
\xd3\x11\x85\xd2\xe1\xd6\xbe\xe2Q\xdf)\xb5\xd20\x03\x00\
\xc0\x9aV\xfc\x8e :\x0e\xd8\xe9\xbbE\xaa@\x0f\x0b\
\x9a\xbcE\xef\x89\x0b\x81J~Ji\x04O\x5c\xf4\xec\
\x9d\x06\x22\x09\x14\x04Pj\xff\xb8u\xaf\xfb\x89\xef\x94\
Zj\xa8\x01\x00`MW\xfe\x04\xdc)\xe8q\xc1\xc9\
\xa4\xb7\x03`\xeb=\xb0\xe1J*\xf3-\xee\xe0\xa9\xe5\
\xb0\xf5\xbf+\xf0{\x89\xc4\x90\x19\x14[/\xb6\xeeU\
\x83\xbeSj\xcd|\x07\xf8\xe2\x86\xfb\xbf\x00\x9c\xef\xbb\
C\xaadx\x03lk\xf0\xfb\xd5\x8b\x07A\xcf\xbfB\
P\x98\xd9\xaf\x8f\xb6\xc3\x93\x97\xc0\x96\x9fW\xb6K$\
N\x8a\xad\xb7\xda\xfc\xaf/\xf4\x9d\xe1C\xe3\x0e\x00\x87\
1\xb2d\x10\xdcI\xbe[\xa4J4\x02 \xb3\x07t\
.\x82\xe2[\xa7\xf7\xeb\xb6\xfc\x1a\x9e\xbe\x1av=V\
\x9d.\x918(\xb6\xdeG\xef\xd7\xdfb\xd6\x98'\xc2\
\x0d;\x00\x00\x9c[\x94f$\xfd}\xe0\xbd\xbe[\xa4\
J4\x02&\x15\xde\x04\xe5#'O\x05\xc2\xd2\xcb\xff\
3\x13\xa3\x93G\xfdC\xb7\xc3\xf6\xff\xadm\x9fH\xad\
\xe5JO\xb2g\xef\x02\xb3\xa5\x0d{MXC\x0f\x00\
\x00\xb7iQ\x99 \xf33\xcc\xed\xef\xbbE\xaaD#\
\xe09\x16Bv\x1fHw@\xaa}\xf2\xe7\xc6\x9f\x81\
\xb1\x0d\xb0\xf3\x8f\xd5}\x8e\x80H\x5c\xa4\x0b[(\xb4\
\xbd\xc6\xba\xaf\x7f\xdaw\x8aO\x0d?\x00\x00\xdc\xe6\xd3\
\xf7\x22\x08\x7f\x05\xcc\xf5\xdd\x22U\xa2\x11 \x22\x00\xe9\
\xcc\x18\xf9\xb6\x03\xacg\xd5\xef|\xa7\xf8\xd6pw\x01\
\xbc\x1ck\xbd\xea\xcf\xb8\xe8(`\xd8w\x8bT\x89\x9e\
\x13 \x22a&\x22\xdbr\xa4^\xfc'i\x00<\xcb\
Z\xae\xbc\x07\xe3H`\x8b\xef\x16\xa9\x12='@\xa4\
q\x05\xa1\xa34\xe7\x9f\xacw\xcd\x8f|\xa7\xc4\x85\x06\
\xc0\xf3X\xf3\xf2_\xe28\x16\xd8\xe1\xbbE\xaaD\xcf\
\x09\x10i<A\xe8(\xb4}\xcc\xbao\xf8\xba\xef\x94\
8\xd1\x00x\x11kY\xfe#\xb0c\xd1\xd3\x02\x93K\
#@\xa4qX\x08\xcdmgY\xef\xdaA\xdf)q\
\xa3\x01\xf02\xac\xbc\xecN\x22\xf7a@\x1f|\x9eT\
\x1a\x01\x22\xc9g\x014\xb5~\xce\xba\xd6^\xe1;%\
\x8e4\x00^\x81\xb5\xae\xb8\x0d\xe3T*\xfbPu\x89\
\x13\x8d\x00\x91\xe42\x83\xe69_\xb1\x9eu_\xf4\x9d\
\x12W\xba\x0d\xf0U\xb8\xe1\xfe~`\x99\xef\x0e\xa9\x22\
\xdd\x22(\x92,\x93\xcf\xf7_a\xbd7\xf7\xfbN\x89\
3\x0d\x80)p\xc3\xfdg\x01\x97\xf9\xee\x90*\xd2\x08\
\x10I\x063(\xb6\xdf`\xbd\xebN\xf6\x9d\x12wz\
\x0b`\x0a\xac\xbc\xfck\xc0\x85\xbe;\xa4\x8a\xf4\x9c\x00\
\x91dhj\xff\x86^\xfc\xa7F'\x00\xd3\xe0\x86\xfa\
\xcf\xc5\xb8\xc8w\x87T\x91N\x02D\xea\x93\x19\x94Z\
\xbfk\xf3n~\xbf\xef\x94z\xa1\x13\x80i\xb0\x96\xe5\
\x17cv\xae\xef\x0e\xa9\x22]\x18(R\x7f\xcc\xa0\xa9\
m\x9d^\xfc\xa7G\x03`\x9a\xacy\xd9%8[\x8c\
\xee\x0eH.\x8d\x00\x91\xfaa\x06\xc59WY\xcfM\
\x1f\xf6\x9dRo\xf4\x16\xc0\x0c\xb9\xe1\xbe\x8f\x80\x0d\x02\
)\xdf-R%z;@$\xde,\x80\xe69\x97X\
\xf7\x1a\x9d\xcc\xce\x80\x06\xc0,\xb8\xa1\xfe\x130V\x03\
i\xdf-R%\x1a\x01\x22\xf1\x14\x04Pj;\xcfz\
\xd6}\xd9wJ\xbd\xd2\x00\x98%7\xbc\xf8(\x5cp\
\x0bF\xdew\x8bT\x89F\x80H\xbc\x84\xa1\xa3\xd8v\
\xb6\xf5\xac\xbd\xdcwJ=\xd3\x00\xa8\x007\xba\xf8]\
D\xc1w\x80&\xdf-R%\x1a\x01\x22\xf1\x10\x86\x8e\
\xdc\x9cE6\x7f\xf5\xb5\xbeS\xea\x9d\x06@\x85\xb8\xe1\
\xbe\xbf\x03\xbb\x03h\xf3\xdd\x22U2\xfc\x14l\x1b\xf6\
]!\xd2\xb8\xc2LD\xb1\xf5\x04\xebY}\xab\xef\x94\
$\xd0\x00\xa8 7\xb4\xf8@,\xf8\x1e0\xd7w\x8b\
T\x89N\x02D\xfcH\xe5\xc6\xc8\xb7\xfe\x83\xcd\xbb\xf1\
\x87\xbeS\x92B\x03\xa0\xc2\xdc\xd0\x92\x05\x98\xfb\x1e\xf0\
z\xdf-R%\x1a\x01\x22\xb5\x95)l\xa1\xdcv\x90\
\xb5_\xff\x80\xef\x94$\xd1s\x00*\xccZ\x96=\x8c\
\x8b\xde\x81q\xb7\xef\x16\xa9\x12='@\xa4vr\xa5\
'\xc8\xcd]\xa0\x17\xff\xca\xd3\x00\xa8\x02k\xb9r3\
M\x1dG\x80\xdd\xe8\xbbE\xaaD#@\xa4\xfa\xf2\xe5\
\xfb\xd8\xf3\x80\x05\xd6\xb3r\xa3\xef\x94$\xd2[\x00U\
\xe4\x1c\xc6\xc8\x92\xcf\x83;\x1f\xfd\xb7N&\xbd\x1d \
RyfPh\xbd\x8d\xde\x9b\x17\x9a\xe1|\xe7$\x95\
N\x00\xaa\xc8\x0cg\xe5e\x03\x18\xa7\x00\xbb|\xf7H\
\x15\xe8$@\xa4\xb2\x82\x00\xca\x1d_\xb4\xf97\xff\xa3\
^\xfc\xabK\x7f+\xad\x117\xb4\xe4=\x98\xbb\x15\xd0\
\xabE\x12\xe9$@d\xf6\xc2tD\xa9\xed\x14\xeb^\
\xad\xb7Ok@\x03\xa0\x86\xdc\xe8\x19\xfb\x11E\xdf\x03\
\xf6\xf2\xdd\x22U\xa0\xe7\x04\x88\xcc\x5c&\xbb\x83\x5c\xd3\
\xa1\xd6\xb3\xeeg\xbeS\x1a\x85\x06@\x8d\xb9-}]\
L\xf0\x9f`\x07\xfbn\x91*\xd0I\x80\xc8\xf4\xe5J\
O\xd19\xf7@+\x5c\xf5\xb8\xef\x94F\xa2k\x00j\
\xccJ+\xd6\xd3\xdc\xf9\xf7\x18\x17\xfbn\x91*\xd05\
\x01\x22Sg\x06\xcdm?e\xcf\x03\xf6\xd0\x8b\x7f\xed\
\xe9\x04\xc0#7\xbc\xe4\xa3\xe0\xae\x06\x0a\xbe[\xa4\xc2\
t\x12 \xb2{a\xca\xd1\xd4\xf6%\xebZ\xf39\xdf\
)\x8dJ\x03\xc03\xb7\xb9\xefo\x09\xec6`\x81\xef\
\x16\xa90\x8d\x00\x91\x97\x97\xce\xed\xa4\xd0z\x9cu\xdf\
\xf8}\xdf)\x8dL\x03 \x06\xdcH\x7f;\x8e5\xc0\
\xe1\xbe[\xa4\xc24\x02D^(_|\x94|\xcf[\
\xads\xc5z\xdf)\x8dN\x03 &\x9c\xc3\x18\xee\xff\
\x0c\xc6\x97\xd0\xb5\x19\xc9\xa2\x11 \xf2\xec\xc3}Z\xee\
\xa0w\xbf\xa3\xcc\x06\x22\xdf9\xa2\x01\x10;n\xa4\xff\
h\x1c\xab\xd0\xf3\x02\x92E\xb7\x08J#K\xa5#\xf2\
-\xe7\xd9\xbc\xb5\xba\xf89F4\x00b\xc8\x0d\x7fr\
\x1f\x5ct\x1b\xe6\xf6\xf7\xdd\x22\x15\xa4\x93\x00iD\xd9\
\xc2(\xf9\xd6\xc3\xack\xf0W\xbeS\xe4\x85t\xd4\x1c\
CV\xbe\xe2!vEo\xc3q\x9d\xef\x16\xa9 \xdd\
\x22(\x8d\xc4\x0c\x8a\xad\xbf$\xbfO\xb7^\xfc\xe3I\
'\x001\xe76\xf7}\x90\xc0V\x02\xed\xbe[\xa4B\
t\x12 I\x97\xcaLPl9\xcf\xba\xd7\x5c\xe2;\
E^\x99\x06@\x1d\x98|z\xa0]\x0f\x1c\xe1\xbbE\
*D#@\x92*[ZO\xb1\xfcN\xeb\x1c|\xc8\
w\x8a\xec\x9e\x06@\x9dx\xf6\xa3\x85?\x09\xeeb \
\xeb\xbbG*@#@\x92\xc4\x02(\xb6\xdc\xca\xbc\xd7\
\x9f\xa0\xab\xfc\xeb\x83\x06@\x9dq\xa3\xa7\xef\xcfD\xb8\
\x16\xe3\x8d\xbe[\xa4\x024\x02$\x09\xd2\xd9\xed\x14\xcb\
'X\xd7\x9a\xef\xfaN\x91\xa9\xd3E\x80u\xc6\x9a\xae\
\xfa-\xe5\xccA\xc0\x15\xa0\xcf\xca\xae{\xe5N(\x94\
}W\x88\xcc\xcc\xe4\xbd\xfd\xf7CO\xb7^\xfc\xeb\x8f\
N\x00\xea\x98\x1b^r8\xb8A\xa0\xcbw\x8b\xcc\x92\
N\x02\xa4\xde\xa42\xe3\x94\xca\xe7X\xd7\xda\xcb}\xa7\
\xc8\xcch\x00\xd49\xb7uQ7\xe3\xe9\xab\x80c|\
\xb7\xc8,i\x04H=0\x83\x5c\xf3\x1f(\xb5\xbc\xcf\
\xda\xaf}\xccw\x8e\xcc\x9c\x06@B\xb8\xa1%\xc7c\
n\x050\xc7w\x8b\xcc\x82F\x80\xc4Y*3F\xb1\
|\x9eu\xaf\xbd\xd4w\x8a\xcc\x9e\x06@\x82\xb8\xd1\xd3\
;\x89\xc2K\x81\x13}\xb7\xc8,h\x04H\xdc\x98A\
\xb1|/\xe5\xae#\xaci\xe9\xd3\xbes\xa424\x00\
\x12\xc8\x0d\xf5-\xc4l)\xba6\xa0~i\x04H\x5c\
dr\xdb)6\x9dfs\xd7\xae\xf2\x9d\x22\x95\xa5\x01\
\x90Pn\xd3\xa22a\xfa\x02\xa0\x1f\x08}\xf7\xc8\x0c\
\xe8\x03\x84\xc4'\x0b\xa0\xd0|\x17\xbd\xb9c\xccVm\
\xf5\x9d#\x95\xa7\x01\x90pn\xa8\xff-\x98\xad\x04w\
\xa0\xef\x16\x99\x01\x9d\x04\x88\x0f\xd9\xc20\xe9\xdcG\xad\
\xf7f\xdd\xda\x97`\x1a\x00\x0d\xc0\xb9Ei\x86\xd3\x9f\
\xc28\x1f(\xf8\xee\x91i\xd2\x08\x90ZIg\x22\xf2\
\xcd\xd7\xd0=\xdeov\xcb\x84\xef\x1c\xa9.\x0d\x80\x06\
\xe2\xb6\x9d>\x8f\xb1\xf0\xcb\xe8\x22\xc1\xfa\xa3\x11 \xd5\
4yk\xdf\x03\xe4\xdb\x8f\xb5\xce\xab\xf5\x0c\xff\x06\xa1\
\x01\xd0\x80\xdc\xe6\xbewc\xc1\x15\x98\xdb\xdfw\x8bL\
\x83F\x80TC6?D\xb6\xf9T\xebY}\xab\xef\
\x14\xa9-=\x0a\xb8\x01Y\xeb\x8a\xbb)\xcfy3\xd8\
Y\x80\xae2\xab\x17\xe5N(\xb4\xf8\xae\x90\xa4\x08\xd3\
\xe34\xcdY\xca^oi\xd7\x8b\x7fc\xd2\x09@\x83\
s[\xce\x9cK4~\x01\x8e\x8f\xa3\xbb\x05\xea\x83\xee\
\x0e\x90\xd9\xb0\x00\x0a\xc5\xbb\x88\xe6.\xb4=\xaf\xdc\xec\
;G\xfc\xd1\x00\x10\x00\xdc\xc8\x92}\xc1]\x80\xe3x\
\xdf-2\x05z;@\xa6\xcb\x0c\xb2\x85G\x08\x8a\x0b\
m\x8f5\xbf\xf1\x9d#\xfei\x00\xc8\x0b\xb8\xa13\xde\
G\x10]\x8a\xe3\x00\xdf-\xf2*4\x02d\xaa\xb2\xc5\
!J\x85\xc5\xd6\xb1\xf6&\xdf)\x12\x1f\x1a\x00\xf2\x12\
\xce\x1d\x1f2:\xf7$\x9c\xfb<\xb0\xa7\xef\x1e\xd9\x0d\
\x8d\x00\xd9\x9dLa;\xf9\xd2Et\xeds\xa1\xd9@\
\xe4;G\xe2E\x03@^\x91s\x03\x19\x867\x9e\x8c\
\xb9/\xa0\xc7\x0a\xc7\x97F\x80\xbcX*;N\xa1y\
\x90\xee\xcc\x19f\x83;|\xe7H<i\x00\xc8\xabr\
\xeb\xcf)\x92\xdb\xbe\x04\xe3\xb3\x80.C\x8f#\x8d\x00\
\x01H\xa5#2\xa5\x1f\xd0\xd4\xf3!k\xfd\x9a\xbe!\
d\xb74\x00d\xca\xdc\xd3\x1fk\x22\x9d\xef\xd3\x10\x88\
)\x8d\x80\xc6\x95JGd\x0bw\x93-}\xd4:\x07\
\xd7\xfb\xce\x91\xfa\xa0\x01 \xd3\xf6\xbc!p.\xd0\xea\
\xbbG\x9eG#\xa0\xb1\xa43\x11\xd9\xe2\xf7\x09\x8b\xa7\
X\xf7\xf5\xfa\x98^\x99\x16\x0d\x00\x991\xb7\xf9\xac\x16\
\x82]g\x82}\x12h\xf3\xdd#\xcf\xd2\x08H\xbeT\
v\x82l\xfe[47\x7f\xc2\xca\xff\xb1\xc9w\x8e\xd4\
'\x0d\x00\x995\xe7N\xce1R8\x01\xec<\xe0u\
\xbe{\x04\x8d\x80\xa4J\xe7\xc6\xc85\x7f\x83B\xba\xcf\
Z\x07\xf5?XfE\x03@*\xc6\xb9\x81\x80\xd1\x0d\
G\xe1\xec\xb3\xc0\xdb}\xf74<\x8d\x80\xe4Hgw\
\x90kZE\xcf\x9c3\xcc\x96\xee\xf4\x9d#\xc9\xa0\x01\
 U\xe1F\xfa\x0e!\xe2\xd3\x98\x1d\x83>s\xc2\x1f\
=6\xb8~\x99A\xa6\xf0\x14\xb9\xfcW\xe8Z\xf7\xef\
f8\xdfI\x92,\x1a\x00RUnh\xf1k\xb0\xe0\
L\xe0T\xa0\xe0\xbb\xa7!\xe9$\xa0\xbe\x84\xa1#S\
\xfc\x03\xd9\xc2g\xack\xd5w|\xe7Hri\x00H\
M\xb8\xd13:\x88\xa2\xc5@?\xd0\xe9\xbb\xa7\xe1h\
\x04\xc4_:3F\xa6p'\xc5\xd6~k[\xf9\x88\
\xef\x1cI>\x0d\x00\xa9\xa9g\x9f.\xf8\x01,Z\x04\
\xf6^\xf4=X;\x1a\x01\xf13y\xcc\xbf\x99L\xf1\
\x1az:\x07\xcc.\xdb\xee;I\x1a\x87\xfe\xf0\x15o\
\xdc\xc8\xe2\xd7Ap\x0a\x8eS\x81v\xdf=\x0dA\xd7\
\x04\xc4C*\x1d\x91)\xdcK:\xf7/\xd6\xbd\xfa\xc7\
\xbes\xa41i\x00\x88wn\xfd9E\x0a\xdb\x8e\xc7\
\xf11\xb0C\xd0\xf7eu\xe9$\xc0\x0f3H\x17\x9e\
&\x95YC\xbet\xbeu\x5c7\xea;I\x1a\x9b\xfe\
\xa0\x95Xq\xcf\xf4\xcd'\xb4\x0fc\x9c\x06,\xf0\xdd\
\x93X\x1a\x01\xb5\x93\xca\x8c\x91)\xdeE\xb6t\xae\xcd\
\xbd\xee~\xdf9\x22\x7f\xa5\x01 \xb1\xe4\xdc@\xc0\xc8\
\xc6C\xc1\x9d\x08\x1c\x0b\x14}7%\x8eF@\xf5\x04\
)G\xa6\xf0\x00\xd9\xc2\xa5t\xed}\xa3>\x8aW\xe2\
H\x03@b\xcf\xb9\x93s\x8c\x16\x0e\x05;\x11\xc7\x07\
\x80\x8c\xef\xa6\xc4\xd05\x01\x95c\x06\xd9\xc2\x93\xa4\xb3\
\xab\xc8u~\xd1\xda\x97\x8e\xf8N\x12\xd9\x1d\x0d\x00\xa9\
+n\xa4\xbf\x9d\xc8-$\xb0\x13p\xbc\x0b\x08}7\
\xd5=\x9d\x04\xcc\x5c\x10@&\xff$A\xe6\xdb\x04\xcd\
\x17Z\xef\xb5\x8f\xf9N\x12\x99*\x0d\x00\xa9[n\xf8\
\xec6\xd8y4\xd8\xf1\xc0a\xe8d`\xe64\x02\xa6\
.\x08!\x9d\xdf@&\xf7-rs.\xb0\xf6\xa5z\
\xd1\x97\xba\xa4\x01 \x890\xf9\xc9\x84c\xef\xc7\xf8\x00\
\x8e\xc3\x80&\xdfMuG#\xe0\x95\x85\xa9\x88t\xf6\
\xcf\xa4\xb2\xdf\x84\xec\x97\xac\xf7\xc6g|'\x89\xcc\x96\
\x06\x80$\x8es\xc7\x87\x8cv\xbc\x0d\xech\x1c\xc7\x00\
\xaf\xf7\xddT7tM\xc0sR\xd9\x9d\xa43\xffG\
&\xbb\x96\xae9\xcb\xf4!<\x924\x1a\x00\x92xn\
d\xc9\xbe8w\x04p(\xf0.tG\xc1\xee5\xea\
I@\x98r\xa42\xebIe\xef\x22U\xb8\xdc\xba\x07\
\x7f\xe3;I\xa4\x9a4\x00\xa4\xa187\x90ah\xe3\
\xdb\x09\xdda8\x0e\x05\xde\x8c.$|\xa9F\x18\x01\
f\x90\xca\x8d\x90I\xfd\x0fa\xe6&\xba\xf7\xbd\xc1l\
`\x97\xef,\x91Z\xd1\x00\x90\x86\xe66\xf4\x95\xc8\x84\
\x07c\xee\x10\x88\xde\x01\xf6Nt1\xe1\xa4\xa4\xbd\x1d\
`\x01\xa43#\x84\xe9\xdf\x13dn'S\xba\xca\xe6\
^\xfb\x94\xef,\x11_4\x00D\x9egr\x10\xf0v\
,8\x048\x08\xdcA@\xd9w\x977\xf5|\x12\x10\
\xa6\x22R\x99\x0d\x84\xe9\xfb\x08\xc2;\x19\xcb\x0f\xda\x82\
\xc1:\xfd\x97\x11\xa9<\x0d\x00\x91\xddpn `\xcb\
3\xfb\xe2\xdcA\xe0\x0e\x06\x0e\xc2\xb1\x1f\x90\xf6\xddV\
3\xf50\x02,\x80Tz+a\xfaaR\xe9\x9f\x92\
\xce\xaf\xa5\xf3\x86_\x98\xe1|\xa7\x89\xc4\x95\x06\x80\xc8\
49\xb7(\xcd\x96\xf4\xdf\x10\xb9\x03\xc1\x0e\x04\x0e\x04\
\x0e\x00J\x9e\xd3\xaa'No\x07\xa42\x11aj\x84\
 \xf5(a\xea\x1e\x82\xf0\x87\xa4s\xdf\xd6\x87\xeb\x88\
L\x8f\x06\x80H\x85\xb8\xadKz\x18\xb3\xfd0\xf7\x06\
\xcc\xed\x87\xe3\x0d\xc0\x9bH\xca3\x09j}\x12\x10\x04\
\x90\xcal#\x08\xd7\x13\xa4\x1e$\xc8\xfc\x82\x5c\xe6\x0e\
\xda\xf7\xbaG\xcf\xd6\x17\x99=\x0d\x00\x91*r\x0ec\
S_/\x01\xaf%\xb4\xbd\x81\xd7\x02\xaf\xc5\xb17\xb0\
7\xf56\x0e*y\x12`\x06a:\x22\x08\xb7b\xa9\
\x8dX\xf0\x08!\x0f\xe2\x82\xfb\x09R?g\xde\xda\xfb\
u\x84/R=\x1a\x00\x22\x1e\xb9\xa1\xc5\xad\xa4\xc2^\
\x22\xb7'\x11\xf3\x09\xe8\xc51\x1f\xe8\xc1\xd9\x5c\xccu\
\x00\x1d@\xe09\xf59S\x19\x01\x16@\x18N`\xe1\
N\xcc\xb6\x11\xd8\x10A\xf8\x04\x84\x7f\x22\xb4\xdf\x91\xca\
\xddK\xae\xfd^+_\xb6\xa96\xd1\x22\xf2b\x1a\x00\
\x221\xe7\xdc\xf1![;: \xe8`\x9c\x0e\x88\xda\
\x08\xac\x05\xac\x05\x17M\xfe\x08-8\x0a\x98k\x02\xcb\
\x81\xe5\xc1\x15\x99\xbc\xa5\xb1\xcc\xf3\x07\x84#\x87\x91\x7f\
\xe1\x17a;\xc6\x8e\xe7\xfdL\x04\x0c\x03\xbb\xc0\xb6B\
\xb4\x0d\xd8\x89\xb3Q\x8cm\x0c=\xb5\x80hb\x02\x0b\
\x9e!\x95\xda\x80\xb3'\x08\x82\xc7\x08\xc3\x87I\xa7\x1e\
\xa2m\xcf\xc7uL/\x12o\xff\x0f\xf4\x1d.\xd6\xad\
\xd5\xb9?\x00\x00\x00\x00IEND\xaeB`\x82\
\x00\x00\x5c\x04\
\x89\
PNG\x0d\x0a\x1a\x0a\x00\x00\x00\x0dIHDR\x00\
\x00\x02\x00\x00\x00\x02\x00\x08\x06\x00\x00\x00\xf4x\xd4\xfa\
\x00\x00\x00\x09pHYs\x00\x00\x0e\xc3\x00\x00\x0e\xc3\
\x01\xc7o\xa8d\x00\x00\x00\x19tEXtSof\
tware\x00www.inksca\
pe.org\x9b\xee<\x1a\x00\x00 \x00ID\
ATx\x9c\xec\xddw\x9c\xdcU\xbd\xff\xf1\xd7\xf9N\
\xdb^\xb3\xd9\xcdnD\x10D\x9a\x22\x22\x82\x8a\x80b\
\xc3\xab(\x90Q\x92\x00?\xc4{QQ\x90\xa2\xd7\xae\
\xb9\xb6k\x05\xdb\xbd\xd6\xcbE\x81\x04\x5c:*RT\
T,x\x05\x94\xa6h\xa8&\xd9\xbe\xb3}g\xa7|\
\xcf\xef\x8f\x0d%\xc9&\xd9\xf2\x9d9\xdf\x99y?\x1f\
\x8f< \xbb3\xe7\xbc\xc5d\xcfg\xce\xf7\x14\x83\x88\
\x84\x9a=\xf3\xcc\x18ccmx\xf9\xe5\x18\xbb\x1c\xdf\
6a\xbc&\xb0\xcd\x18\xdb\x845M\x18\x1a\xf1\xa9\xc5\
\x98\x1a\xb0\xb5@\x1ch\x04\x1b\x05\xd3\xb8]\x93u@\
l\xbb\xafe\x81\x89\xed\xbe6\x02\xe4\x81Q \x03f\
\x12k\xa7\xf0\x98\xc4\xda\x11\xac\x19\xc1c\xf6\x9f\xd8\x14\
\xd6\x8c\x10\xc9\xf5\x93K\x0c\xd0\xdb\xdbon\xbf=W\
\x88\xff\x1e\x22\x12\x0c\xe3:\x80H%\xb3\xc9d\x1b\x11\
\x7f%Q\xefY\xf8\xec\x01v%\xb0\x12K\x17\x86\xe5\
@\xdb\xd6_\xa5h\x00\xe8\xc72\x80\xc7&,\x9b\xc1\
l\xc2\xfa\x8fc\xbc\x7fb\xa3\x9b\xcc\x86\x0d\x83\xaeC\
\x8aT*\x15\x00\x22\x05d\x93\xc9\x08U\xecA\x8e}\
\xf0\xfc\xbd\xf1\xcd>\x18\xb37\x96}0vo\xa0\xda\
uF\xc7\xa6\x81\x8d`\x1e\x06\xbb\x11\xcbF\x8c}\x18\
?\xb6\x91\xfd\xf6{\xc2\xac[\xe7\xbb\x0e(R\xaeT\
\x00\x88\x04\xc4\x9e|r'^\xf6\x00\xf0\x0e\x04\x7f\xeb\
?\xed\x0b\x81Z\xd7\xd9JT\x06\xd8\x08<\x00<\x08\
<\x80\xb5\x0f\x92\xf3\xfef\xba\xbb\xf3n\xa3\x89\x94>\
\x15\x00\x22\x0bd\xcf<3\xc6\xf8\xd0\xbe\x18s(p\
(\x98C\xc1\x1e\x02\xd4\xb8\xceV!\xb2\xc0?\xc0\xde\
\x05\xde]X\xee\xa2>}\xb7\xf9\xee\x8dS\xae\x83\x89\
\x94\x12\x15\x00\x22\xbb`\x93\xc9\x08q\x0e\xc0\xb7\x87c\
\xec\x11`^\x02\xec\x0fD]g\x93m\xe4\x98\x9d%\
\xf8#\x98?\x10\xc9\xdd\xc9\xde\x07?\xa8G\x08\x22;\
\xa7\x02@\xe4\x19\xec\xda\xb5\x0d\xd8\xf4\x91`^\x0e\xe6\
\xa5`_\x0c\xd4\xbb\xce%\x8b2\x06\xfc\x1f\xc6\xfe\x01\
\xccoId\xee0\x17\xdf0\xee:\x94HX\xa8\x00\
\x90\x8af\xcf8\xbe\x9et\xecp0\xaf\x06s$\xd8\
\x97\xb0\xe3\x169)\x0fy\xe0!\xb0w\x80\xb9\x0d\x1b\
\xfb\xa5v!H%S\x01 \x15\xc5&\x93\xd5D9\
\x12\xcf\x7f\x0d\xd6\xbc\x068\x18\xfd=\xa8T>\xf0\x17\
,\xb7b\xec\xad\xc4\xeb\xef0\x97\x5c\x92v\x1dJ\xa4\
X\xf4\x83O\xca\x9e=\xe5\x84\x83\xb1\x91\xd7\xcd\x0e\xf8\
\xf6H\xa0\xcau&\x09\xa5i\xe07\xc0\xad\x18s\xb3\
\xb9\xbc\xfb>\xd7\x81D\x0aI\x05\x80\x94\x1d{\xfa\xe9\
Ud\xc6\x8f\x04\xf3&\xe0-\xc0\x1e\xae3IIz\
\x1c\xec\xcdX~L\xa2\xfeV\xcd\x0eH\xb9Q\x01 \
e\xc1\x9evB+y\xef\xcdXs<\xf0j\xb4\xf7\
^\x825\x89\xe5\x16\x8c\xb9\x81,7\x98\xee\xeea\xd7\
\x81D\x96J\x05\x80\x94,\xbbz\xf52L\xf6\x0d@\
\x12x\x1dZ\xbc'\xc5\x91\x07\xf3\x07\xa0\x1b/\xff#\
s\xd95=\xae\x03\x89,\x86\x0a\x00))v\xf5\xea\
v\xc8\xbe\x15\xc3[\x81\x97\x01\x9e\xebLR\xd1\xf2`\
~\x8b\xf1\x7fD\xc6\xfb\x91\xe9\xee\x1ep\x1dHd\xbe\
T\x00H\xe8\xd9d\xb2\x9a\x98}#p\x1a\xfa\xa4/\
\xe1\xf5\xe4\xcc\xc0\x0f\xa9\x9a\xd9\xa03\x07$\xecT\x00\
H(\xd9c\x8e\x89\xd2\xb5\xec\xf5\xc0\xa9X\xde\x84.\
\xcd\x91\xd22\x05\xdc\x80o.#\xcf\xcftw\x81\x84\
\x91\x0a\x00\x09\x15{J\xf2y\xf8v5\xf0v\xb4z\
_\xcaC\x0f\xd0\x8d\xb5\xffc6\x5c}\xaf\xeb0\x22\
OR\x01 \xce\xd93\x8e\xafg&v2\xd6\xbc\x1d\
x\xa9\xeb<\x22\x85c~\x0b\xfc/Y\xae4\xdd\xdd\
\x13\xae\xd3HeS\x01 \xce\xd8\xd5'\xed\x871\xa7\
\x03g\x02\xcd\x8e\xe3\x88\x14\xd38\xd8\x0dx\xfe\x7f\x9b\
\xcb\xae\xfd\x8b\xeb0R\x99T\x00HQ\xd9d2N\
\xcc\xbe\x19\xcc\x99`_\xed:\x8fH\x08\xdc\x05\xe6\xbb\
d\xb9\xd4twO\xbb\x0e#\x95C\x05\x80\x14\x85=\
\xf9\xe4N\x22\xd9\xb3\xb0\xe6L\xa0\xcdu\x1e\x91\x10\xea\
\x07\xbe;;+\xa0\xb3\x05\xa4\xf0T\x00HA\xd9S\
N|\x11\xbey'\x98\xd3\xd0\x19\xfc\x22\xf3\x91\x01\xae\
\xc7\x9a\x8b\xcc\x86\xee\xdf\xbb\x0e#\xe5K\x05\x80\x04\xce\
\xae[\xe7\xf1\x8f\x07N\x04{\x1e\x96\x97\xb9\xce#R\
\xc2\xee\x00.b\xdf\x83\xae3\xeb\xd6\xf9\xae\xc3Hy\
Q\x01 \x81\xd9\xfa|\xffd\xe0\xc3\xc0~\xae\xf3\x88\
\x94\x91G\xc0|\x9dx\xedwt)\x91\x04E\x05\x80\
,\x99=\xe3\xf8z\xd2\x893\xb0\xf6\x03\x18\xba\x5c\xe7\
\x11)c}\xc0\xb7\x89\xe7\xbej.\xb9n\xc4u\x18\
)m*\x00d\xd1l2\xd9B\xcc\x9e\x07\x9c\x0d4\
\xba\xce#RAF0\xf6\xeb\xd8\xc4W\xcd\xfa\xf5)\
\xd7a\xa44\xa9\x00\x90\x05\xb3\xa7\x9d\xd0J.r6\
\xf0>\xa0\xc9u\x1e\x91\x0a6\x01\xfc\x17Y\xf3E]\
Q,\x0b\xa5\x02@\xe6m\xeb\xf5\xbb\xef\x05\xceE\x9f\
\xf8E\xc2d\x02\xb8\x18\x1b\xfb\x9c\xd9\xb0\xa1\xcfu\x18\
)\x0d*\x00d\xb7l2YG\xcc\xbe\x87\xd9\xc5}\
\x1a\xf8E\xc2\xeb\xc9\x19\x81\xff4\xdd\xdd\xa3\xae\xc3H\
\xb8\xa9\x00\x90\x9d\x9a]\xd5\xcf\xe9`?\x05\xb4\xbb\xce\
#\x22\xf36\x04|\x89x\xdd\xd7\xb4k@vF\x05\
\x80\xec`\xf6*\xde\xd6\xb7c\xcd'\x80\x95\xae\xf3\x88\
\xc8\xa2=\x81\xb1\xffA\xc6\xfb\x81\xae$\x96\xed\xa9\x00\
\x90m\xd85'\xbd\x1a\xcc\x85\xc0\xf3]g\x11\x91\xc0\
\xfc\x0d\xc3\xf9\xe6\xf2\xabnr\x1dD\xc2C\x05\x80\x00\
`\xd7&\x0f\xc0\xf2%\xb0op\x9dED\x0a\xe6\xc7\
\xe4#\xe7\x9a+\xaf|\xd8u\x10qO\x05@\x85\xb3\
\xa7%\xbb\xc8\xf9\x9f\xd9zV\xbf\xe7:\x8f\x88\x14\xdc\
\x0c\x96\xaf\xe1%>k.\xbf|\xccu\x18qG\x05\
@\x85\xb2g\x9e\x19c\x22u\x16\xd8O\x03\xf5\xae\xf3\
\x88H\xd1\x0d\x81\xf94Y\xbe\xa9\xf5\x01\x95I\x05@\
\x05\xb2kW\x1d\x8b\xe5\xeb\xc0\x01\xae\xb3\x88\x88s\xf7\
\x80\x7f\xaeY\x7f\xcd\xaf]\x07\x91\xe2R\x01PA\xec\
\xdb\xde\xb67\x91\xfc\x7f\x02I\xd7YD$t~L\
\xc4\x9cc.\xed~\xd4u\x10)\x0e\x15\x00\x15`v\
\xba\x7f\xf8\x03\xc0\xc7\x81*\xd7yD$\xb4\xa61\xac\
c\xf3\xe0\x85\xe6\xf6\xdbs\xae\xc3Ha\xa9\x00(s\
vM\xf2\x85`\xbf\x0f\x1c\xea:\x8b\x88\x94\x8c{1\
\xfe\xbf\x9a\xcb\xaf\xf9?\xd7A\xa4pT\x00\x94)\x9b\
LV\x13\xb3\x9f\x04\xde\x0fD\x5c\xe7\x11\x91\x92\x93\x03\
\xfe\x9bH\xf5G\xcc\xa5\x97N\xba\x0e#\xc1S\x01P\
\x86\xec\x9a\x13\x8f\x02\xf3=0\xfb\xba\xce\x22\x22%\xef\
\x11\xb0\xef4\xeb\xaf\xbe\xcdu\x10\x09\x96\x0a\x802b\
O\x7fK\x13\x99\xc8\x17\xc0\xfc\x1b\xfa\xffVD\x82\xd5\
M4\xffn\xf3\xc3k\x87\x5c\x07\x91`h\x90(\x13\
v\xf5Io\x02\xf3-\x0c]\xae\xb3\x88H\xd9\xea\x03\
\xfe\xdd\xac\xbf\xea\x87\xae\x83\xc8\xd2\xa9\x00(q\xb3'\
\xf9\xd9o\x03ot\x9dED*\xc6\xf5x\xfe\xbb\xcd\
e\xd7\xf4\xb8\x0e\x22\x8b\xa7\x02\xa0\x84\xd9\xb5\xc9\x13\xb0\
\xf6{@\xab\xeb,\x22RqF\x80w\x9b\xf5W]\
\xe1:\x88,\x8e\x0a\x80\x12\xb4u\x85\xff\xe7\x81s\x5c\
g\x11\x91Jg/%\xeb\x9de\xba\xbb'\x5c'\x91\
\x85Q\x01Pb\xec\xc9'\xbd\x18\x8f\xcb\xb5\xc2_D\
B\xe4Q\xacYk6t\xff\xdeu\x10\x99?\x15\x00\
%\xc2\x82aM\xf2\x1c\xb0_\x04\xe2\xae\xf3\x88\x88l\
'\x07|\x96\xac\xf9\xb4.\x17*\x0d*\x00J\x80=\
-\xb9\x079\xfbC\xe0h\xd7YDDv\xe3\xf7D\
\xccZ\xdd)\x10~\xba\xff=\xe4\xec\xda\xe4*r\xf6\
\x1e4\xf8\x8bHix)y{\x8f]\xb3j\xad\xeb\
 \xb2k\x9a\x01\x08)\xbbvm\x036\xfdM0\xa7\
\xba\xce\x22\x22\xb28\xf6\x12\xb2\xde\xd9Z \x18N*\
\x00B\xc8\x9e\x92|\x1e\xbe\xbd\x068\xc0u\x16\x11\x91\
\xa5\xb1\x7f\xc7r\xa2\xd9p\xf5\x03\xae\x93\xc8\xb6\xf4\x08\
 d\xec)\xc9\xe3\xf1\xed\x9dh\xf0\x17\x91\xb2`\xf6\
\xc5\x98\xdf\xdb\xb5\xc9U\xae\x93\xc8\xb64\x03\x10\x126\
\x99\x8c\x10\xb3\x9f\x05\xfe\x1d\xfd\xff\x22\x22\xe5\xc7\x02\xdf\
`\xcb\xe0\x05\xe6\xf6\xdbs\xae\xc3\x88\x06\x9aP\xb0\xab\
W/\xc3d\xd7\x03\xafq\x9dED\xa4\xc0~\x85\x8d\
\xbd\xcdl\xd8\xd0\xe7:H\xa5S\x01\xe0\x98=\xe5\xc4\
\x17\xe1\x9b\xab\xc1\xec\xe98\x8a\x88H\xb1l\xc2\xb7\xab\
\xcc\x15W\xdf\xe9:H%\xd3\x1a\x00\x87\xec\x9aU\xa7\
\xe1{wh\xf0\x17\x91\x0a\xb3\x12\xcf\xfc\xca\xae=\xe9\
\xdf\x5c\x07\xa9d\x9a\x01p\xc0\x1ew\x5c\x82\xa6\xdao\
`\xd0\x1f~\x11\xa9p\xf6R\xb2\xde;Mw\xf7\xb4\
\xeb$\x95F\x05@\x91\xd9\x93O\xee\xc4\xcb_\x07\xf6\
0\xd7YDDB\xc1p'\x19\xf3\x16\xd3\xdd\xdd\xeb\
:J%Q\x01PD\xf6\xd4\x13\x0e\x22\x1f\xf9\x09\xb0\
\x87\xeb,\x22\x22\xa1b\xd9\x8c1o4\xeb\xbb\xff\xec\
:J\xa5\xd0\x1a\x80\x22\xb1kNz5\xf9\xc8\x1dh\
\xf0\x17\x11\xd9\x91\xa1\x0b\xec\xaf\xed\xdaU\xc7\xb9\x8eR\
)T\x00\x14\x81]\xbd\xea\xed`~\x0a4\xba\xce\x22\
\x22\x12b\xf5Xn\xb0\xabW\xbd\xd3u\x90J\xa0\x02\
\xa0\x80,\x18\xbbf\xd5:\x0c\x17\x031\xd7yDD\
J@\x14\xc3\xb7\xed\x9aU_\xb3zL]P\xfa\x8f\
[ \xf6\xb8\xe3\x124\xd7\xfe\x0f\xa0\x1b\xb1DD\x16\
\xa7\x9bx\xddi\xe6\x92K\xd2\xae\x83\x94#\x15\x00\x05\
`\x93\xc9\x16b\xf6\x1at\x85\xaf\x88\xc8\xd2\x18~\x87\
\x1f{\xb3\xd9\xb0a\xd0u\x94r\xa3\x02 `v\xcd\
I\xcf\x01\xf3\x13`?\xd7YDD\xca\xc4F\xb0o\
0\xeb\xaf\xfe\x87\xeb \xe5Dk\x00\x02d\xd7$_\
\x02\xe6\x0fh\xf0\x17\x11\x09\xd2>`~c\xd7$\x0f\
u\x1d\xa4\x9c\xa8\x00\x08\x88=e\xd51`o\x05\xda\
\x5cg\x11\x11)C\xed`o\xb7kN|\xa5\xeb \
\xe5B\x05@\x00\xec\xea\x93\xde\x84\xcfM@\x83\xeb,\
\x22\x22e\xac\x0e\xbc\x1f\xdb\xb5\xab^\xeb:H9P\
\x01\xb0Dv\xf5I\xa7`\xcc5@\x95\xeb,\x22\x22\
\x15\xa0\x06\xcb\x8dvm\xf2\x04\xd7AJ\x9d\x0a\x80%\
\xb0kN:\x0fc~\x08D]g\x11\x11\xa9 q\
\xac\xbd\xd2\xaeM\xbe\xcdu\x90R\xa6\x02`\x91\xec\xea\
\xe4\x07\xc0\x5c\x88vR\x88\x88\xb8\x10\xc3\xda\xcb\xed\x9a\
\xe4;\x5c\x07)U*\x00\x16\xc1\xaeY\xf5A\x8c\xfd\
\xa2\xeb\x1c\x22\x22\x15.\x02\xf6{v\xed\xaas]\x07\
)E*\x00\x16\xc8\xaeY\xb5\x0e\xf8\xbc\xeb\x1c\x22\x22\
\x02\x80\xc1r\x91]\xb3\xea\x93\xae\x83\x94\x1aM_/\
\x80]\xb3\xea\xd3\xc0\xc7\x5c\xe7\x10\x11\x919}\xc1\xac\
\xbf\xeaC\xaeC\x94\x0a\xcd\x00\xcc\x93]\xb3\xea\xb3h\
\xf0\x17\x11\x09\xb3\x0f\xda5\xab>\xe5:D\xa9\xd0\x0c\
\xc0<\xe8\x93\xbf\x88H\x09\xb1\xe6\xc3fC\xb7\x1e\xd5\
\xee\x86\x0a\x80\xdd\xb0\xab\x93\x9f\xc0\xd8\xffp\x9dCD\
D\x16\xc0\x9a\x0b\xcc\x86\xee\x0b]\xc7\x083\x15\x00\xbb\
`\xd7\xae\xba\x00\xcb\x97]\xe7\x10\x11\x91\x05\xb3\x18\xfb\
Ns\xf9\xd5\xdfs\x1d$\xacT\x00\xec\x84]\xbb\xea\
\x5c,\x17\xb9\xce!\x22\x22\x8b\x96\xc7\x98\xb5\xe6\xf2\xee\
+]\x07\x09#\x15\x00s\xb0k\x92\xa7\x82\xfd\x01\xfa\
\xef#\x22R\xea\xb2X{\x92\xd9p\xf5\x8d\xae\x83\x84\
\x8d\x06\xb8\xed\xd85\xab\xde\x0c\x5c\x85\x8e\xf7\x15\x11)\
\x17\x19\x0co1\x97_u\x93\xeb a\xa2\x02\xe0\x19\
\xec\xea\xe4\xab0\xf6'\xe8b\x1f\x11\x91r3\x05\xfe\
qf\xfd5\xbfv\x1d$,T\x00le\xd7$_\
\x02\xf6\xe7@\x9d\xeb,\x22\x22R\x10\xa3`\x8e5\xeb\
\xbb\xefr\x1d$\x0cT\x00\x00\xf6\xd4\xe4^\xe4\xed\x1f\
\x80\xe5\xae\xb3\x88\x88HA\x0d\xe2\x99\x97\x9a\xcb\xba7\
\xba\x0e\xe2Z\xc5\x9f\x04h\x93\xc9\x16\xf2\xf6&4\xf8\
\x8b\x88T\x82e\xf8\xf6F\xbbfM\xb3\xeb \xaeU\
t\x01`\x93\xc981\xdb\x0d<\xcfu\x16\x11\x11)\
\x9a\xfd {\x9d=\xee\xb8\x84\xeb .Ul\x01`\
\xc1\x10\xf3\xbf\x0f\xbc\xcau\x16\x11\x11)6{\x14\xcd\
\xb5\x97\xd8\x0a~\x14^\xb1\x05\x00kV}\x06\xcc\xa9\
\xaec\x88\x88\x883'S\xc1\xd7\x08Wd\xe5c\xd7\
\x9et\x06\xd6\xfc\x8f\xeb\x1c\x22\x22\xe2\x9c\xc5\xd8\xb7\x9b\
\xcb\xaf\xfe\x81\xeb \xc5Vq\x05\x80=e\xd51\xf8\
\xdc\x0c\xc4]g\x11\x11\x91P\xc8\x82}\x83Y\x7f\xf5\
m\xae\x83\x14SE\x15\x00vm\xf2\x00\xac\xfd-\xd0\
\xe4:\x8b\x88\x88\x84\xca\x18\xc6\x1ci.\xef\xbe\xcfu\
\x90b\xa9\x985\x00\xf6\x94\x13W`\xedMh\xf0\x17\
\x11\x91\x1d5`\xfd\x1bl2\xd9\xe1:H\xb1TD\
\x01`O?\xbd\x0a?r=\xb0\x87\xeb,\x22\x22\x12\
VfOb\x5c[)\xdb\x03+\xa2\x00 3\xfeM\
\xb0\x87\xb9\x8e!\x22\x22ag\x8f\xa0\xa5\xf6k\xaeS\
\x14C\xd9\x17\x00vM\xf2L0\xefp\x9dCDD\
J\x84\xe5\x9dvM\xb2\xec\xc7\x8d\xb2^\x04\xb8\xf5\x82\
\x9f_\x03\x151\x9d#\x22\x22\x81I\xe3\xdbW\x98+\
\xae\xfe\x93\xeb \x85R\xb6\x05\x80=\xed\x84Vr\xde\
\x9f\xc0\xec\xe98\x8a\x88\x88\x94\xa6'\xb0\xb1C\xcd\x86\
\x0d\x83\xae\x83\x14BY>\x02\xb0\xc9d\x84\x5cd\xbd\
\x06\x7f\x11\x11Y\x82=0\xd9+l2\x19q\x1d\xa4\
\x10\xca\xb2\x00 f?\x0f\xbc\xd6u\x0c\x11\x11)y\
\xc7\x12\xb3\x9fr\x1d\xa2\x10\xca\xee\x11\x80]}\xd2[\
0\xe6\x1a\xca\xf0\x7f\x9b\x88\x888a1\xe6\xad\xe6\xf2\
\xee\xab\x5c\x07\x09RY\x0d\x92\xf6\x94\xe4\xf3\xf0\xed\x1f\
\x81\x06\xd7YDD\xa4\xac\x8cc\xcc\x11\xe6\xf2\xee\x07\
]\x07\x09J\xd9<\x02\xb0k\xd76\xe0\xdb\xeb\xd1\xe0\
/\x22\x22\xc1\xab\xc7\xdan\x9bL\xd6\xb9\x0e\x12\x94\xb2\
)\x00\xb0\xe9o\x02\xcfs\x1dCDD\xca\xd6\x01\xc4\
\xfc\xaf\xba\x0e\x11\x94\xb2x\x04`\xd7&Wam\xb7\
\xeb\x1c\x22\x22R\x01\x8c9\xd9\x5c\xde}\xa5\xeb\x18K\
U\xf2\x05\x80]{\xe2J\xac\xf7\x17\xa0\xc5u\x16\x11\
\x11\xa9\x08#D\xcd\xc1\xe6\x87\xddO\xb8\x0e\xb2\x14%\
]\x00\xd8u\xeb<\xfe\xfe\xc0m`_\xe9:\x8b\x94\
\x01c\xa0u\x19\xacX\x01\x9d]\xb0\xa2\x0b\x96\xb7C\
]\x1dTUm\xfdU\x0d55\xb3\xaf\x95\xf0\xb0\x16\
\xa6\xa6 =\x0d\xe94LO\xc3\xe4\x04\xf4\xf7\xc3\x96\
M\xd0\xb3\x05\xb6l\x81\xe1\xa1\xd9\xd7\x8a,\x99\xf95\
Y^e\xba\xbb\xf3\xae\x93,V\xd4u\x80%y\xe8\
\x81\x0fc4\xf8\xcb\x22y\x1e\xec\xb9\x17\x1cp\x10\x1c\
x\x10\xec\xbb\xdf\xec /\xa5\xc7\x18\xa8\xad\x9d\xfd\xb5\
+\xe9ix\xe8!x\xf0>x\xe0~x\xecQ\x15\
\x04\xb2H\xf6(\xe2\x5c\x00|\xd1u\x92\xc5*\xd9\x8f\
1vM\xf2P\xb0\xbf\x03\xe2\xae\xb3H\x09\x89\xc5\xe0\
\x90C\xe1eG\xce\x0e\xfc\xbb\x1b0\xa4\xbcMN\xc2\
\x03\xf7\xc1\xef\xee\x80?\xdf\x0d\xd9\xac\xebDRZ\xb2\
`\x8e4\xeb\xbb\xff\xe8:\xc8b\x94d\x01`O=\
\xb5\x96\xfc\xf4]h\xd5\xbf\xcc\xd7^\xcf\x81W\x1c\x0d\
/=\x12\x1a\xb4ST\xe605\x09w\xdf\x05\xbf\xf9\
\xd5lQ\xa0\x99\x01\x99\x9f\x8dd\xcd!\xa6\xbb{\xc2\
u\x90\x85*\xcdG\x00\xf9\xa9\xaf\x81\xd1\xe0/\xbb\xe6\
yp\xc4\xcb\xe0\xf8\x13\xe0Y{\xb8N#aWS\
\x0bG\x1e5\xfb\xeb\x89\xc7\xe0\xfak\xe1\xce\xdf\xab\x10\
\x90\xdd\xd9\x87\x98\xfd\x12\xf0n\xd7A\x16\xaa\xe4f\x00\
\xec\xda\xe4\x09X{\x8d\xeb\x1c\x12b\x91\xc8\xec\x14\xff\
\xf1'\xcc.\xe6\x13Y\xac\xfe>\xb8\xf9\xa7\xf0\xf3[\
\xf5x@v\xe7-f\xfdU\xd7\xbb\x0e\xb1\x10%U\
\x00\xd8\xd3\x92]\xe4\xec_\x80V\xd7Y$\xa4^r\
\x04\xac=\x0d\x96\xb5\xb9N\x22\xe5d\xa0\x1f.\xfb\x01\
\xfc\xa9$\x1f\xf5Jq\x0c\xe2\xf9/0\x97]\xd3\xe3\
:\xc8|\x95\xd6#\x80\x9c\xfd/4\xf8\xcb\x5c\xda\xdb\
\xe1\xb43\xe0\x85/r\x9dD\xcaQ\xdbr8\xef\x03\
\xb3k\x03\xfe\xf7\xfb\xb3\xdb\x0aE\xb6\xb5\x0c\xeb}\x0f\
x\xa3\xeb \xf3U23\x00v\xcd\xaa\x93\x81\x0d\xae\
sH\xc8D\xa3\xb3S\xfd\xc7\x9f0\xbb\xc2_\xa4\xd0\
2\x19\xb8\xe1Z\xb8\xf1:\xc8\xe5\x5c\xa7\x91\xb01f\
\xad\xb9\xbc{\xbd\xeb\x18\xf3Q\x12\x05\x80M&[\x88\
\xd9\x07\x81v\xd7Y$DZ\x97\xc1\xd9\xe7\xc1s\xf7\
u\x9dD*\xd1#\x0f\xc37.\x9a]' \xf2\xb4\
!l\xec@\xb3aC\xe8\xff`\x94\xc6e@Q{\
!\x1a\xfc\xe5\x99\x0e=\x0c\xfe\xf3\xcb\x1a\xfc\xc5\x9d\xe7\
\xec\x0d\x9f\xfb\x12\x1c\xfeR\xd7I$\x5cZ1\xd9\xef\
\xb8\x0e1\x1f\xa1\x9f\x01\xb0kN|%x?\xa7\x04\
\xb2J\x11D\x22\xb3\x8b\xfc^{\x9c\x8e\xe3\x95p\xb0\
\x16~\xf6\x13\xd8p\x19\xe4K\xf6TX\x09\x9a1I\
sy\xf7U\xaec\xecJ\xa8\x7f\x82\xda3\xdfT\xc3\
D\xfc^0{\xbb\xce\x22!\x10O\xc09\xe7\xc3!\
Z\xe8'!t\xcf]\xf0\xf5\x8b 3\xe3:\x89\x84\
C\x1f\xc4\xf77\xeb\xd7\xa7\x5c\x07\xd9\x99p?\x02\x98\
\x88\x7fZ\x83\xbf\x00\xb3G\xf6~\xf8c\x1a\xfc%\xbc\
\x0e9\x14>\xfaI\xa8\xafw\x9dD\xc2\xa1\x1d2\x9f\
s\x1dbWB;\x03`\xd7\x9ex\x18\xd6\xfb=\x10\
q\x9dE\x1ckj\x86\x0f~\x14\xf6x\xb6\xeb$\x22\
\xbb\xb7y\x13|\xe1304\xe4:\x89\xb8\xe7\xe3\xf3\
\x0as\xc5U\xbfs\x1dd.\xa1\x9c\x01\xb0\xc7\x1c\x13\
\xc5z\xdfA\x83\xbf45\xc1'?\xad\xc1_JG\
\xd7J\xf8\xe8\x7f\xcc\xfe\xd9\x95J\xe7a\xccw\xec\x99\
g\x86r\x8fr(\x0b\x00:\x97\xfd;p\x88\xeb\x18\
\xe2Xu5|\xe0#\xb0\x5c\x1b@\xa4\xc4\xb4\xb7\xc3\
\x87>>{\xbf\x80T6c\x0fbb\xf8|\xd71\
\xe6\x12\xbaG\x00\xf6mo\xdb\x9bH\xfe~@\x17\xb3\
W\xb2h\x14\xde\xffax\xfe\x0b\x5c'\x11Y\xbc\xbf\
>\x00_\xf8\xac\xee\x11\x90)\xf0\x0f0\xeb\xafy\xdc\
u\x90g\x0a\xdf\x0c@\xc4\xbf\x08\x0d\xfe\x95\xcd\x18x\
\xef\xb9\x1a\xfc\xa5\xf4\xed\x7f \xbc\xfblmY\x95\x1a\
\xac\xf7e\xd7!\xb6\x17\xaa\x02\xc0\xae]\xf5Z\xb0o\
r\x9dC\x1c;\xfe\x048\xecp\xd7)D\x82q\xf8\
K\xb1o8\xdeu\x0aq\xcd\xb0\xca\xae9\xe9u\xae\
c<Sh\x0a\x00\x9bL\xc6\xb1|\xddu\x0eql\
\x9f}\xe1\xa4\xb7\xbaN!\x12(\xf3\xb6\xd5\xe4\xf6y\
\xae\xeb\x18\xe2\x9a\xe1\xa20-\x08\x0cM\x01@\xdc^\
\x00<\xcfu\x0cq\xa8\xae\x0e\xce9o\xf6\xb4?\x91\
r\x12\x89\x10}\xdf\x05\xcc$\xaa]'\x11\x97\xac\xd9\
\x9f\xf1\xd4\xd9\xaec<)\x14\x05\x80=-\xd9\x85\xe5\
#\xaes\x88C\xc6\xc0Y\xe7\xcc^\xf0#R\x8eZ\
Z\x89\x9eu633\xbaA\xb0\xa2\x19\xfbI\xbbz\
u(\xb66\x85\xa2\x00 k?\x0b\xd4\xb9\x8e!\x0e\
\xbd\xecH8X;?\xa5\xbcE^|\x18\x99\x17\xbf\
\x84\x5cNw\x06T\xb0\x06L\xe6S\xaeC@\x08\x0a\
\x00{\xca\x09\x07c8\xd5u\x0eq\xa8\xba\x1aV\xeb\
\x8f\x80T\x86\xfaw\xbd\x9b\x81t\x0e\xdf\xf7]G\x11\
g\xcc;\xec\xda\xe4\xf3]\xa7p^\x00\xe0G\xbf\x1c\
\x8a\x1c\xe2\xce[\xd7@s\xb3\xeb\x14\x22\xc5\xd1\xd4D\
\xeb\x19g\xd0\xd3?\x82\xb5\xd6u\x1aq#\x82\xb5_\
u\x1d\xc2\xe9\xc0k\xd7\xaez#\xd8W\xbb\xcc \x8e\
\xed\xf9\x1cx\xf5k]\xa7\x10)\xaa\xf8\x1b\xdfDd\
\xcf\xbd\x18\x18\x1as\x1dE\xdcy\x95\xebm\x81\xce\x0a\
\x00{\xcc1Q\xb0_t\xd5\xbf\x84\xc4[W\x83\xa7\
\x09 \xa90\x91\x08m\xef:\x93\xb1\x89iR\xa3\x13\
\xae\xd3\x88+\xd6\xfb\xb2M&\x9dm{r\xf7\x93\xb7\
\xb3\xed\x0c\xac\xd9\xdfY\xff\xe2\xde\x9e{\xc1\x0b\x0ev\
\x9dB\xc4\x89\xc8\x8b\x0f\xa3\xe1\xf9\x072\x94\x9a`|\
2\xed:\x8e\xb8`\xecA\xc4\xdc\xad\x81sR\x00\xd8\
\xd3O\xaf\x02\xffc.\xfa\x96\x109a\x95\x8eH\x95\
\xcae\x0c\xad\xa7\x9e\x02@\xff\xe0(\xe9\xb4\xee\x0b\xa8\
Lv\x9d=\xee\xb8\x84\x8b\x9e\xa3.:%3\xf1^\
0\xcfr\xd2\xb7\x84\xc3\xcag\xc1\xa1\x87\xb9N1?\
33\xf8\x9b7\xe1o\xde\x8c?9\x85?1\xee:\
\x91\xcc\xc1\xab\xab\xc7\xab\xab\xc5\xeb\xec\xc4\xebZ\x09\x09\
'?S\x17$\xf2\xb2\x97S\xb7\xcfs\x98\xd8\xf8\x08\
=\xfd)V\xaeh%\x16\xd3AX\x15\xe6\xd94\xd7\
\xbc\x13\x8a\x7f\x12n\xd1?~\xd93\x8e\xaf'\x1d\xdf\
\x08,/v\xdf\x12\x22g\x9e\x05G\xbf\xd2u\x8a\x9d\
\xb2\x9b7\x91\xfe\xc5/\x18\xfb\xfd\x9d\x8c\xdfw?h\
\xcbVI1\x91\x08u\xcf?\x88\x86\x97\x1eN\xd5+\
_\x85\xe9\xear\x1di\xa7\xb2\xb7\xde\xcc\xe3\xeb>\x03\
@,\x16aeG+\x91\x88\xd6\xc5T\x98\x01\xaa2\
{\x9b\x8bo(\xea\xa7\x8b\xe2\xcf\x00\xa4\xe3\xff\x8e\x06\
\xff\xca\x96H\xc0\xe1/u\x9dbG\xd6\x92\xff\xd3\xff\
1t\xe9\xa5\x8c\xdd\xf5g\xd7id\x09l>\xcf\xf8\
\x9f\xff\xc2\xf8\x9f\xff\x02\xdf\xfa.\x0d\x87\x1eB\xeb\xff\
;\x8d\xc8\x8b\x0e\x0d\xddc\xa7\xd8\x91G\x11\xad\xa9!\
75E6\x9b\xa7\xa7\x7f\x84\xae\x8efL\xc8rJ\
A\xb5\x91\x8e\xbf\x0f\xf8L1;-\xea\x9f0\xbbz\
\xf52L\xf6\x11\xa0\xbe\x98\xfdJ\xc8\x1cy\xd4\xec\x15\
\xa9!b\x1f{\x94\x81/_\xc8\xd8=\x1a\xf8\xcbY\
\xc3\xa1/\xa2\xed\x82\xf30\xcf\xde\xd3u\x94m\x8c\x7f\
\xe1\xf3\xf4\xdd\xf0\x93\xa7~_W[EG[\x93\xc3\
D\xe2\xc0(\xc4\xf72\xeb\xd7\xa7\x8a\xd5aq\xe7\x99\
L\xf6\xfdh\xf0\x97W\x1c\xed:\xc1\xd3\xacez\xc3\
z\x1e=\xed\xed\x1a\xfc+\xc0\xd8]w\xf3\xe8\xa9\xa7\
3\xfd\xa3+ D\x87\xf0\xd4\xben\xdb\xb30&&\
\xd3\x0c\xa5\xb4\xd6\xa4\xc24bf\xce-f\x87E\x9b\
\x01\xb0\xa7\x9d\xd0J.\xf2(*\x00*[K+|\
\xfd[\xe1\x98\x86M\xa7\x19\xfe\x8f\xff`\xf8\xd7w\xb8\
N\x22\x0e\xb4\x1cs\x14-\x9f\xf8D8\x16\x0b\xfa>\
\x9bV%I\xf7\xf5o\xf3\xe5\xe5\xcb\x1ah\xa8\xabq\
\x14J\x1c\x18\x83\xf8\x9e\xc5\x9a\x05(\xde\x0c@6r\
\x01\x1a\xfc\xe5\xc5\x87\x85c\xf0\x9f\x9c\xa4\xff\xfc\xf35\
\xf8W\xb0\xe1\xdb\x7fM\xdf\xf9\xe7\xc3\xd4\xa4\xeb(\xe0\
y4\xbdr\xc7\x99\xb1\x81\xa1q\xa6\xd23\x0e\x02\x89\
#\x0d\x90y_\xb1:+J\x01`\x93\xc9\x16\x0c\xef\
-F_\x12r\x07:\xbf\xff\x022\x19\x06>\xf2\x11\
\xc6\xfer\x9f\xeb$\xe2\xd8\xf8\x9f\xef\xa5\xff\xdf?\x08\
3\xee\x07\xd9\xea\x17\xbdh\x87\xafYk\xe9\xed\x1f!\
\x93\xd1\x15\xc2\x15\xe4\x5c\xbbfMQ.G)\xce\x0c\
@\xdc?\x1f}\xfa\x17c`\xbf\x03\x5c\xa7`\xf4+\
_f\xf4Ow\xbb\x8e!!1v\xcf_\x18\xf9\xaa\
\xf3{Y\x88<\xff\x05\x989\x8e\xc5\xf6}\xcb\x96\xfe\
\x14\xb9\xbc\xb6\xa2V\x88F\xc8\x9cS\x8c\x8e\x0a^\x00\
\xd8\xb5k\x1b\xb0\xe6=\x85\xeeGJ\xc0\x9e{A]\
\x9d\xd3\x08\xd9[of\xe0\xc779\xcd \xe13x\
\xc3\x8fI\xdfz\x8b\xdb\x10\x0d\x0d\xd4\xef\xff\xbc9\xbf\
\x95\xcb\xe5\xe9\xe9K\xe1\xfb\xe1Y\xb8(\x05\xf5>\x9b\
L\x16\xfc\x87e\xe1g\x00\xfc\xccY\x80\xf6\xb3\x08\x1c\
x\x90\xdb\xfeGG\xd8|\xe1\xd7\xdcf\x90\xd0\xda\xf2\
\xe5\x0b\xf1\x87\x87\x9df\xa8=\xec\xc5;\xfd\xdeL&\
K\xdf\xe0h\x11\xd3\x88C\xcdD\xed\xdb\x0b\xddIA\
\x0b\x00{\xdcq\x09\x8c-\xcaT\x86\x94\x80\xbd\xf6v\
\xda\xfd\xd8\xf7\xbfOnL[\xabdn\xfe\xc4$\x83\
\xdf\xfd\x9e\xd3\x0c\x89\xfd\xf6\xdb\xe5\xf7'\xa7\xd2\x0c\x0e\
\xeb\x0a\xe1\x8a`8o\xf6\xd6\xdc\xc2)\xec\x0c@S\
\xed\xe9\xc0\x8a\x82\xf6!\xa5\xa3\xd3\xddq\xac\xb6\xaf\x8f\
\x81\xeb\x7f\xec\xac\x7f)\x0d\xe37\xfd\x8c\x5cO\xaf\xb3\
\xfe#+W\xee\xf65#cS\x8c\x8c\x85`\xe7\x82\
\x14\xda^t.;\xa1\x90\x1d\x14\xac\x00\xb0\xc9d\x04\
\xc3\x05\x85j_J\x8c1\xd0\xe1\xae\x16\x9c\xba\xeeZ\
l>\xef\xac\x7f)\x0d6\x97c\xe4\xaa\xab\x9c\xf5o\
:\xbb\xf0\xe6X\x08\xb8\xbd\xc1\xe1q&\xa7t\x85p\
\xf93\x1f(d\xeb\x85\x9b\x01\x88s\x02\xf0\xdc\x82\xb5\
/\xa5eY\x1b\xc4\xe3n\xfa\xce\xe7\x19\xfa\xe9\xcf\xdc\
\xf4-%g\xfc\xe6[\xdc\x15\x8b\x89\x04\x89\xce\x8ey\
\xbd\xb4o`\x94\x99\x8c\xae\x10.o\xf60\xbb:y\
d\xa1Z/\x5c\x01`\xed\xf9\x05k[JOg\xa7\
\xb3\xae\xf3\x0f\xdcOfp\xc8Y\xffRZ\xf2\xa9\x14\
\xe9{\xefu\xd6\x7f\xf5\x9e{\xce\xebu\xbe\xb5l\xe9\
K\x91\xcbif\xab\xac\x15p&\xbd \x05\x80]\x93\
<\x14\x08\xe1uo\xe2LK\xab\xb3\xaeg\xee\xb9\xc7\
Y\xdfR\x9a\xa6\xefrwND\xac\xa3}\xde\xaf\xcd\
\xe7}\xb6h{`\x99\xb3o\xb6o{\xdb\xfe\x85h\
\xb9@3\x00\xbe>\xfd\xcb\xb6\xaa\xab\x9du=u\xdf\
\xfd\xce\xfa\x96\xd2\x94\xbe\xff\x01g}Gjk\x17\xf4\
\xfaL6G\xef@\x0a\x1b\xa2\xcb\x8d$P\x86H\xbe\
 \xbb\xe9\x02/\x00\xec\xc9'w\x82Y\x15t\xbbR\
\xe2\xaa\xdd]h2\xf5\xc8c\xce\xfa\x96\xd2\x94y\xe2\
\x09g}{5\x0b\xff\xbb25\x9da@\xdb\x03\xcb\
\xd9\xe9v\xf5\xea\xf9O\x0d\xcdS\xf03\x00^\xee=\
\x80\xa3\xd5^\x12ZUUn\xfa\xcd\xe7\xc9\xf4\xf5\xb9\
\xe9[JV\xae\xbf\x1f|7G\xefz\x0b\x9c\x01x\
\xd2\xd8\xf84\xa9\xd1\x89\x80\xd3HHTa\xb2\xef\x0a\
\xba\xd1@\x0b\x00{\xdcq\x09\xe0\xdf\x82lS\xca\x84\
\xabG\x00\xd3\xd3n\xfa\x95\xd2f-\xfe\xd4\x94\x9b\xbe\
k\x16\xffwe(5\xc1\xf8\xa4\xb6\x07\x96\xa9\xb3\xb6\
\x8e\xb1\x81\x09v\x06\xa0\xa9&\x09\xb4\x05\xda\xa6\x94\x87\
\xb8\xa3;\xd7Cp\xcb\x9b\x94&\x7f\xcaM\xf1h\xaa\
\x96V,\xf7\x0f\x8c0\x9d\xce\x04\x94FBd9M\
5'\x06\xd9`\xb0\x05\x80g\xde\x1dh{\x22K\xa6\
\x85Q\xb2X\xa5\xf9g\xc7\xc2\xec\x15\xc2Y]!\x5c\
v\x8c\x17\xe8c\x80\xc0\x0a\x00\xbb\xfa\xa4\x17`yY\
P\xed\x89\x88\xc8\xe2\xe4}\x9f\x9e\xbe\x14y]!\x5c\
f\xecQ\xf6\xd4\x13\x02\xbbU-\xb8\x19\x00\xa3O\xff\
\x22\x22a\x91\xcd\xe5\xe9\xe9OauF@y\xc9G\
\x02[g\x17H\x01\xb0\xf5\xde\xe25A\xb4%\x22\x22\
\xc1H\xcfd\xe9\x1b\x1a\x05\x9d\x11PN\xfe\x9f=\xf5\
\xd4\xc5m\x15\xd9N03\x00q\x7f5\xd0\x10H[\
\x22\x22\x12\x98\x89\xc94C#\xba=\xb0\x8c4\x92O\
'\x83h(\x98\x02\xc0zg\x04\xd2\x8e\x88\x88\x04.\
5:\xc1\xe8\xb8\xa3m\x8dR\x08o\x0f\xa2\x91%\x17\
\x00\xf6\x94\xe4\xf3\xc0\x1e\x1eD\x18\x11\x11)\x8c\xc1\xa1\
1\xa6\xa6\xb5-\xb6<\xd8W\xd8S\x92\xfb,\xb5\x95\
\xa5\xcf\x00X\xff\x1d\x80Yr;\x22\x22R0\x16\xe8\
\x1d\x18a&\xa3\xed\x81e\xc0`\xfd\xd3\x97\xda\xc8\x92\
\x0a\x00{\xcc1Q\xac9e\xa9!DD\xa4\xf0|\
\xdf\xd2\xd3\x9f\x22\x97\xd3\xf6\xc0\x92\xe7\x9b\xd3m2\x19\
YJ\x13K\x9b\x01X\xd1z\x1c\xb0bIm\x88\x88\
H\xd1\xe4ryz\x06\x86\xf1\xb53\xa0\xb4\x19\xba\x88\
\xf9\xaf^J\x13K+\x00\x8c9uI\xef\x17\x11\x91\
\xa2\x9b\x99\xc9\xd1\xdb?R\xa2g\x1d\xca\xd3\x966\x06\
/\xba\x00\xb0g\x1c_\x0f\xbcq)\x9d\x8b\x88\x88\x1b\
S\xd33\x0c\x0c\xe9\x0a\xe1\x12\xf7\x96\xad\xe7\xf0,\xca\
\xe2g\x00fb'\x02\x8e\xaex\x13\x11\x91\xa5\x1a\x1b\
\x9fbdTg\x04\x94\xb0Z\xa2\xfe\x9b\x16\xfb\xe6\xc5\
\x17\x00\xd6\xe8\xe4?\x11\x91\x12782\xc1\xa4\xae\x10\
.]\xc6[\xbd\xd8\xb7.\xaa\x00\xb0\xa7\x9e\xb0\x1cx\
\xd5b;\x15\x11\x91\x90\xb0\x96\xde\xc1Q\xd23Y\xd7\
IdQ\xec\xeb\xedi'\xb4.\xe6\x9d\x8b\x9b\x01\xc8\
{'\x03\xd1E\xbdWDDB\xc5ZKO_\x8a\
\xac\xae\x10.E1\xf2\xde\xa2\x8e\x06^\xe4#\x00\xef\
\xad\x8b{\x9f\x88\x88\x84Q\xde\xf7\xe9\xe9\x1f\xc1\xf7u\
F@\xc9\xb1\xa68\x05\x80M&;\xc0\xbet1\x9d\
\x89\x88Hxe\xb29z\xb4=\xb0\x14\x1d\xbd\xf5\xd1\
\xfc\x82,|\x06 jO\x5c\xd4\xfbDD$\xf4\xa6\
\xd3\x19\x06\x06G]\xc7\x90\x85\x89\x90\x8b\x1c\xbf\xd07\
-| 7\x9c\xb4\xe0\xf7\x88\x88H\xc9\x18\x9b\x98f\
xd\xc2u\x0cY\x08o\xe1c\xf3\x82\x0a\x80\xad+\
\x0d\x8fZh'\x22\x22RZ\x86G&\x18\x9f\x98v\
\x1dC\xe6\xcbr\xac]\xb3\xa6y!oY\xd8\x0c@\
6r<Z\xfd/\x22R\x11\xfa\x87\xc6\x98Ng\x5c\
\xc7\x90\xf9\x89AvA\xa7\xf3.\xf4\x11\xc0[\x16\xf8\
z\x11\x11)Q\xd6Zz\xfbG\xc8h{`i\xb0\
vA\xeb\x00\xe6]\x00\xd8\xe3\x8eK`t\xf8\x8f\x88\
H%\xc9\xfb>=})\xf2ym\x0f\x0c=\xc3\xeb\
\xedq\xc7%\xe6\xfb\xf2\xf9\xcf\x004\xd7\x1c\x0b,\xfa\
\xd2\x01\x11\x11)M\xd9\x5c\x9e-\xfd)\xac\xaf\x0d\x82\
!WGs\xcd+\xe6\xfb\xe2\x85<\x02\xd0\xcd\x7f\x22\
\x22\x05\x96\xcb\xe5]G\x98\xd3\xccL\x96\xbe\xa1Q\xb0\
*\x02B\xcd\x9a\x7f\x99\xefK\x17P\x00\x987,&\
\x8b\x88\x88\xcc_.\x1f\xce\x02\x00`b2\xcd\x90\xb6\
\x07\x86\x9ba\xde\xeb\x00\xe6\xb5\xa2\xdf\xae>\xe9\x05\xc0\
\xb3\x17\x1dHDv\xcaD\xa3T\xbd\xf0`\xaa\x0e<\
\x90hk\x0b\x91\xe6f\xfc\x89Ir\x83\x83d\x1e}\
\x94\xa9?\xdc\x89?5\xe5:\xa6\x08\x00\xa9\xd1I\xa2\
\xd1\x08\x8d\xf55\xae\xa3\xc8\xdc\x9ecW\x9f\xb4\x9f\xd9\
p\xf5\xdfv\xf7\xc2\xf9m\xe9\xf3\xcc\xebu6\xa4H\
\xb0\xa2\xcb\xdbh9\xfdt\xea\x8e}\x15^\xdd\xce\x97\
\xd7\xd8l\x96\xa9;\xefd\xf8\xe2\xffe\xe6\xa1\xbf\x17\
1\xa1\xc8\xdc\x06\x86\xc6\x88F#\xd4V\xcf{\xbd\x99\
\x14\x93g^\x0f\xec\xb6\x00\x98\xdf#\x00k^\xb3\xd4\
<\x22\xb2\x95\xe7\xd1\xf2\xaf\xef\xe0\xd9W^A\xc3\x9b\
\x8f\xdf\xe5\xe0\x0f`b1j\x8f<\x92g\xfd\xcf\xf7\
i\xff\xe4\xc7\xf1\xeaj\x8b\x14Td\xe7\xfa\x06F\x98\
\xc9h{`(\xcds\xcc\xdem\x01`O?\xbd\x0a\
\xec\xcb\x97\x9eH*\x9a\xa3\xe7\x9a6d7\x9byu\
\xb5t~\xe9\x0b\xb4\xbc\xfdtL<\xbe\xb07\x1bC\
\xfdk_\xcb\xca\xef|\x87\xd8\xca\x95\x85\x09(2O\
\xbeo\xe9\xe9\x1f\x0e\xed\xa2\xc5\xcaf\x8f\x9e\xcfv\xc0\
\xdd\xcf\x00d'\x8e\x02\xaa\x83\x88$\x15lt\xc4M\
\xbf\xe9\xb4\x9b~\xe7`\xe2q:/\xba\x90\x9a#\x8e\
XR;\xf1=\x9f\xcd\xca\xef~\x9b\xc4>\xfb\x04\x94\
Ldqr9\x9f\x9e\xfe\x14\xbev\x06\x84M-\xad\
\xb5\xbb\xbd\xb5w\xf7\x05\x80E\xd3\xff\xb2t#)'\
\xdd\xfa\x03\x03N\xfa\x9dK\xdb\x05\xe7Su\xc0\x01\x81\
\xb4\x15il\xa4\xeb\x9b_'\xb1\xdf~\x81\xb4'\xb2\
X3\x99\x1c}\xfd\x8e\x0a|\xd99\x7f\xf7c\xf7<\
\x0a\x00=\xff\x97\x00\xf4\xf6:\xe96\xfb\xc8\xc3N\xfa\
\xdd^\xdd1G\xd3\xf0\xc6yo\xcf\x9d\x17\xaf\xbe\x9e\
\xce\x0b\xbf\xac\x99\x00qnrz\x86\x81\xa11\xd71\
d\x1b\xbb\x1f\xbbwY\x00\xd8d\xb2\x05c\x9f\x1f\x5c\
 \xa9X\x0f\xde\x0f\x99\x99\xa2w;y\xc7\xef\x8a\xde\
\xe7\x0e<\x8f\x96\x7f\xfb\xb7\x824\xad\x99\x00\x09\x8b\xd1\
\xf1)F\xc6&]\xc7\x90\xa7\xd8C\xed\xe9oi\xda\
\xd5+v=\x03\x10\xf5\x8f\xda\xedkD\xe6#\x93\x81\
\xfb\xef+n\x9f\xe3\xe3\x8c\xdc\xf3\xe7\xe2\xf69\x87\xba\
\xa3^A|\xcf\xc2\x1d\xa3\xa1\x99\x00\x09\x8b\xc1\xd4\x04\
\x13S\xe1YwS\xe1<\xd2\xb1].\xe0\xdf\xf5\xe0\
n\xccQ\x81\xc6\x91\xca\xf6\xab_\x16\xb5\xbb\x99\x9f\xdf\
\x86\x0d\xc1\x0a\xe5\xda#\x8f,x\x1f\x91\xc6F:\xbf\
\xfeU\x15\x01\xe2\x96\xb5\xf4\x0d\x8e\x92\xced]'\x11\
\x00cw9\x86\xef\xe6\xd3\xbd9:\xc8,R\xe1\xee\
\xfa?\xd8\xf8\x8f\xe2\xf45=M\xff\xc5\x97\x14\xa7\xaf\
\xdd\xa8y\xd9n\x17\xe3\x06BE\x80\x84\x81\xf5-=\
}#dCP|W<\x8f]\x8e\xe1;-\x00\xec\
\xda\xb5\x0d`\x0f\x0e>\x91T,k\xe1\x8a\xcb\x8b\xd2\
\xd5\xf4U\xdd\xcc\x0c\x0d\x17\xa5\xaf]\xf1\xeaj\x894\
6\x16\xad?\x15\x01\x12\x06\xf9|\x9e\x9e\xbe\x14~\xc8\
\xce\xe1\xa88\x96C\xed\x19\xc7\xd7\xef\xec\xdb;\x9f\x01\
\xb0\xe9#\x81H!2I\x05\xfb\xeb\x03p\xeb\xcf\x0a\
\xda\x85\xff\xd7\x07\xe9\xb9\xf8\x07\x05\xedc\xbe\xa2\xad\xcb\
\x8a\xde\xa7\x16\x06J\x18d\xb29z\xfaG\xb0:#\
\xc0\xa5(\xd3\x89\x9d\x1e<\xb2\x8b\x02\xc0\x14\xfe\xc1\xa5\
T\xa6\xcb~\x00\xf7\xdf[\x90\xa6m\x7f\x1f\x9b?\xf8\
!\xfcL\xa6 \xed/\x94\x89\xc5\x9c\xf4\xab\x85\x81\x12\
\x06\xd3\xe9\x0c\xfd\xda\x1e\xe8\x96\xb1\xaf\xd8\xd9\xb7v^\
\x00\x18\xb3\xb4\xe3\xcaDv&\x97\x83\x8b\xbe\x04w\xff\
)\xd0f\xed\xe6Ml9\xef\x02f\x86\xdc\x1c:4\
\x97\xdc{\xbbP\x9d\x00\x00 \x00IDAT\xd0\x90\
\xb3\xbe\xf58@\xc2`|b\x9aa]!\xec\xd2\xe1\
;\xfb\xc6\x9c\x05\x80]\xb7\xce\x03{h\xe1\xf2H\xc5\
K\xa7\xb1\x17~\x91\xfc5W\xcd\xae\x0dX\xa2\xfc]\
\x7f\xe2\x89\x7f=\x93\xe9\xc7\x1e\x0f \x5cp\xf2\xa3\xa3\
X\x87\xb3\x11*\x02$\x0c\x86G&\x18\x9f\x98v\x1d\
\xa3R\x1d>;\xa6\xefh\xee\x19\x80\x87\xee;\x08h\
(d\x22\x11c-\xdeUW0\xf1\xe1\x0fb\x1f\xda\
\xed\xcd\x95s\x1b\xe8g\xfcK_\xe4\xd1\xf3\xdeOv\
l<\xd8\x80A\xf0}\xa6\xef\xbe\xdbi\x04\x15\x01\x12\
\x06\xfdCcL\xa7\xc3\xf1h\xae\xc24\xf2\x8f\x07\xe6\
\x5c\x104w\x01\xe0\xed|\xca@$H\xc6\x18j\x9f\
x\x84\xbe\xf7\x9eM\xea\xe3\x1f'\xff\xfb\xdf\xed\xfe\x02\
\x9f|\x1e\xff\xfe\xfb\x98\xf8\xe67x\xf4\xad\xab\xe9\xbb\
\xeeFg\xb7\x0d\xce\xc7\xe4o~\xeb:\x82\x8a\x00q\
\xceZKO\xff\x08\x99\xac\xae\x10.>\x7f\xceG\xfa\
\xd19_kU\x00H\xf1\x18chok\xa4\xef\xce\
?\xf0\xe8/n'\x92\x88\xd3p\xd8\x8b\xa9\xde\xf7\xb9\
D\xda\x96a\x12U\x90\xcb\x92\x1fN1\xf3\xd8\xe3\x8c\
\xddy'\x99\xd4\xa8\xeb\xd8\xf36\xfe\xf3\x9f\xd3\xfa\xae\
3\xf1\xeaw\xba\x1b\xa7(\x9e,\x02\xb6\x9cs.3\
\x1b7:\xcd\x22\x95\xc9\xf7}z\xfaR\xac\x5c\xd1J\
$\xa2Cf\x8bfvL\xbfx\xfb/\xcf]\x00`\
^R\xe08\x22\xdb0\xc6\xd0\xd1\xd6D\x9f\x19e|\
b\x9a\xd4\x1d\xbf#\x15\x86s\xfc\x03\xe0\x8f\x8f\x93\xba\
\xecrZ\xdf\xfd.\xd7Q\x9e\xda\x22\xb8\xf9\xdc\xf3\x99\
\xf9\xdb\x22\x1f\xbb\x88,A6\x97gK_\x8a\x95\x1d\
-\x18\xcf\xb8\x8eS\x19\xac7\xe7\x87\xfa\x1dJ0{\
\xfa\xe9U\xc0\xfe\x05\x0f$2\x87\xf6e\x8d4\xd4U\
\xbb\x8e\x11\xb8\x91\xee\xab\xc8l\x0c\xc7\xcd\x84\xda\x22(\
\xae\xcdd\xb2\xf4\x0d\x8e\x04\xb2\x00X\xe6\xc1\xd8\x03\xb6\
\x8e\xed\xdb\xd8q\x0e&3\xf9\x02v:3 Rx\
\xcb\x975\xd2\xd8P\xe3:F\xa0\xec\xcc\x0c[>\xf8\
!\xf2\xa9plQ\xd4aA\xe2\xda\xc4\xd4\x0cC)\
m\x0f,\x92\x18\xb9\xb1\x03\xb6\xff\xe2\x8e\x05\x80\xb5\x87\
\x14%\x8e\xc8.\xb4\xb54\xd0\xd4P\xeb:F\xa0r\
\xbd\xbd\xf4|\xf0\xc3\xf8\x93\xe1\xb82U3\x01\xe2Z\
jl\x92\xd1\xb1)\xd71*\x83\x1f\xd9al\xdf\xb1\
\x00\xf0P\x01 \xa1\xb0\xac\xa5\x9e\xe6\xc6\xf2*\x02\xd2\
\x0f<\xc0\x96\xf3\xdf\x1f\x9a\x22@3\x01\xe2\xda\xc0\xf0\
\x18\x93\xbaB\xb8\x08v\xfcp?\xc7\x0c\x80yQQ\
\xb2\x88\xccCks=-Mu\xaec\x04*}\xff\
\xfd\xa1*\x02\xbc\xfaz\xba\xbez\xa1\x8a\x00q\xa6o\
p\x94\x19]!\x5cXf\xc7\x0f\xf7\xdb\x14\x006\x99\
\x8c\x80=\xa8x\x89Dv\xaf\xa5\xa9\x8e\xd6f\xb7[\
\xe8\x82\xa6\x22@\xe4i\xfe\xd6+\x84s!>\xcf\xa3\
\xe4Y^\xb0\xfd\x89\x80\xdb\xce\x00x\xde\xde@\xf9-\
\xc1\x96\x92\xd7\xdcX\xab\x22\xa0\xc0T\x04\x88K\xb9\xfc\
\xec\xf6@\xdf\xd7\xce\x80\x02\xa9\xe3\xe1\x07\x9e\xfd\xcc/\
l[\x00D\xfd\x03\x8b\x1aGd\x01\x9a\x1bkY\xa6\
\x22\xa0\xa0T\x04\x88K\x99L\x8e\xde\x81\x11T\x02\x14\
\x88o\xb7\x19\xe3\xb7-\x00|v\xd8& \x12&M\
\x8d\xb5\xb4\xb5\x96\xd75\x15*\x02D\x9e65=\xc3\
\xc0`\xe9\x9c\xf4Yb\xb6\x19\xe3\xb7-\x00\x8c\xaf\x02\
@B\xaf\xb1\xbe\x86\xe5\xad\x8d`\xca\xe7\x141\x15\x01\
\x22O\x1b\x9b\x98fd4\x1c\x7f\x17\xca\x8a\xbf\xab\x02\
\x00\xa3\x02@JBC}5\xed\x9a\x09((\x15\x01\
\xe2\xd2`j\x9c\xf1Im\x0f\x0c\x941s\x17\x00[\
W\x07>\xaf\xe8\x81D\x16\xa9\xbe\xae\x9a\x8e\xb6&\xca\
g\x1e@E\x80\xc83\xf5\x0f\x8e\x92\x9e\xd1\x15\xc2\xc1\
\xb1\xfb[\x9e\xfe\x91\xf9\xf4\x0c\xc0\xec\xea@\xed\x00\x90\
\x92RW[E{[\x13F\x8f\x03\x0aFE\x80\xb8\
b\xed\xec\xf6\xc0\xac\xae\x10\x0eJ\x1dkO\xecz\xf2\
7O\x17\x009t\x1e\xa8\x94\xa4\xba\xda*\xcd\x04\x14\
\x98\x8a\x00q%\xef\xfb\xf4\xf4\x8f\xe0\xfb\xbe\xeb(\xe5\
\xc1xO\x8d\xf5O\x17\x00F\x05\x80\x94\xae\xda\x9a\x04\
+\xda\x9b5\x13P@*\x02\xc4\x95L6GO\x7f\
J\xdb\x03\x83\x90g\x8e\x02\xc0\xda\xbd\x9d\x84\x11\x09H\
Mu\x82\x15\xcbU\x04\x14\x92\x8a\x00qe:\x9d\xa5\
o`\xc4u\x8c\xd2\xe7==\xd6k\x06@\xcaJM\
u\x9c\xce\xf6\x16<\x15\x01\x05\xa3\x22@\x5c\x99\x98L\
3<\xa2+\x84\x97\xc47s\xcc\x00\xa0\x02@\xcaC\
uU\x8c\xce\x8ef<o\xc7\xbb\xaeJ\x95\x8a\x00\x91\
Y\xc3#\x13\x8cOL\xbb\x8eQ\xba\xccv\x8f\x00\xb6\
n\x0b\xd8\xcbY \x91\x80U%\xe2tu4\x13Q\
\x11P0*\x02\xc4\x95\xfe\xa11\xa6\xa7\xb5=p\x91\
\xb6{\x04\x90L.\x03j\x5c\xa5\x11)\x84D<F\
g{\x0b\x91\x88\x8a\x80BQ\x11 .Xk\xe9\x19\
\x18!\x93\xd1\xf6\xc0E\xa8\xb7k\xd64\xc3\x93\x05@\
\x22\xff,\xa7qD\x0a$\x91\x88\xd2\xd9\xae\x99\x80B\
R\x11 .\xf8\xbeOO\x7f\x8a\xbc\xae\x10^8;\
\xf3,x\xb2\x00\xf0=\x15\x00R\xb6\x12\xf1\x18]+\
Z\x88j&\xa0`T\x04\x88\x0b\xd9\x5c\x9e-}#\
\xbaBx\xa1\xac\xf7\x8c\x02\x00\xa3\x02@\xcaZ<\x16\
\xa5\xb3\xa3\x85h4\xe2:J`T\x04\x88\xc0L&\
K\xdf\xa0\xb6\x07.\x88\xc7\x1e\xb3\xff\x00\xb0V\x05\x80\
\x94\xbdx,JW{\x0b\xd1\xa8f\x02\x0aEE\x80\
\xb8095\xc3`j\xdcu\x8c\xd2\xb1u\xcc\x9f\xfd\
Ih\xecJ\xa7aD\x8a$\x16\x8b\xb0\xb2\xa3\x95\x98\
f\x02\x0aFE\x80\xb802:\xc9\xe8x8\xfe\x0e\
\x84\x9e\xc73\x0a\x00k:\x9d\x86\x11)\xa2h4B\
WG\x0b\xb1X\xd4u\x94\xc0\xa8\x08\x10\x81\x81\xa1q\
&\xa7f\x5c\xc7\x08?\xcb\x0ax\xb2\x00\xf0l\xbb\xd3\
0\x22E\x16\x8dFX\xd9\xd1B\x5cE@\xc1\xa8\x08\
\x10\x17\xfa\x06F\x98\xd1\xf6\xc0]\xb3\xa6\x1d\x9e\x9e\x01\
P\x01 \x15'\x12\xf1\xe8\xeah&\x1eW\x11P(\
*\x02\xa4\xd8|k\xe9\xe9\x1b&\x97\xd3\xf6\xc0\x9d2\
v9\x80g\xcf<3\x064;\x8e#\xe2D$\x12\
\xa1\xab\xbdEE@\x01\xa9\x08\x90b\xcb\xe5}\xb6\xf4\
\xa5\xb4=p\xe7\x96\xd9c\x8e\x89z\xa4S\xcb\xa1\xac\
\xaeR\x17Y\x90H\xc4ceG\x0bU\x89\x98\xeb(\
\x81Q\x11 \x95.\x93\xcd\xd1;\xa0+\x84w\xc2c\
\xc5\x8aV\x8f\x8c\xbf\xdcu\x12\x11\xd7<\xcf\xa3\xb3]\
E@!\xa9\x08\x90b\x9b\x9a\xce008\xe6:F\
He\xda=\x22\xa6\xcdu\x0c\x910\xf0<CgG\
\x0b\xd5Uq\xd7Q\x02\xa3\x22@*\xdd\xd8\xc4\x14\xa9\
\xd1p\xfc\xf9\x0f\x15\xcf\xb4y`\xf4\xfc_d+\xcf\
\x18V,oV\x11P@*\x02\xa4\xd8\x86R\xe3\xba\
Bx{\xbem\xf2\xf0m\x93\xeb\x1c\x22a\xe2y\x86\
\xce\xe5\xcd\xd4T%\x5cG\x09L\xfa\xfe\xfb\xd9|\xf6\
\xfb\xf0\xc7\xc3qZ\x9a\x8a\x00)\xb6\xfe\xa11\xd23\
Y\xd71B\xc44k\x06@d\x0e\xc63\xac\xe8h\
\xa6\xb6\xa6\xcau\x94\xc0\xcc<\xf4\x10\x9b\xdfw\x9e\x8a\
\x00\xa9H\xd6Zz\xfaSd\xb3\xda\x1e\x08\x80\xa1\xc9\
\xc3\xf3\x1b]\xe7\x10\x09#\x03t\xb45R[S>\
3\x01*\x02\xa4\x92\xe5\xb7n\x0f\xcc\xfb\xbe\xeb(a\
\xd0\xe8a\x8d\x1e\x01\x88\xec\x841\x86\x8e\xb6&\xeaT\
\x04\x14\x8c\x8a\x00)\xa6l.Go\xff\x88\xb6\x07B\
\xb3\x87A3\x00\x22\xbb`\x8c\xa1cy3\xf5u\xd5\
\xae\xa3\x04FE\x80T\xb2\xe9t\x86\xbe\x81Q\xd71\
\x5ck\xf2\xb0\xa6\xceu\x0a\x91R\xd0\xbe\xac\x91\x06\x15\
\x01\x05\xa3\x22@\x8aibr\x9a\xe1\x91\x09\xd71\x1c\
2\xb5Q\xb05\xaec\x88\x04\xa6\xb6\x16\x0e>d\xf6\
W\xdbrhj\x82\xba\xfa\xc0\x9a_\x0e\xb4Y\x8b\xb5\
\xe53\x81h\xaa\xc2\xb3\xd0\xd1\xab\xaf\xa7\xf3\xc2/\xb3\
\xf9\xac\xf7\x92y\xec1\xd7q\xa4\xcc\x0d\x8fL\x10\x89\
x4\xd6W\xe20hk\xa2\x18\xaa\xf50DJ^\
S3\x9c\xb8\x0a\x8e9\x16\x22\x91\x82ve\xd0\xd9\xd9\
\x85\x14il\xa4\xf3\xc2/\xb3\xe9\xccw\x91\x1b\x1ct\
\x1dG\xca\xdc\xe0\xf08\xb1h\x94\x9a\xea\xf29\xfbc\
^,\xd5\x1e\x96J,}\xa4\x9c\xbc\xf2X\xb8\xe8\x1b\
p\xeck\x0b>\xf8KqD\xdb\xdb\xe9\xf8\xec\xa71\
\xd1\xf2\xb9\xa4I\xc2\xc9ZK\xef\xc0\x08\x99J\xbbB\
\xd8P\xe3\xe9\x11\x80\x94,\xcf\x83\xd3\xde\x0e\xff\xfa.\
\x88\x97\xcf*}\x99Uu\xd0A\xb4\xfc\xeb;\x5c\xc7\
\x90\x0a\xe0\xfb>=\xfd)\xf2\xf9\x0a\xda\x1ehl\x8d\
\x07\x94\xcf\xaa&\xa9,o[\x0b\xaf{\x83\xeb\x14R\
@MkV\x93\xd8g\x1f\xd71\xa4\x02ds\xf9\xca\
\xbaB\xd8R\xed\x81\x09\xcf\x0a \x91\xf9z\xf9+\xe0\
\x8d\xc7\xbbN!\x05f\x22\x11Z\xdf\xfb\x1e\xd71\xa4\
B\xccd\xb2\xf4\x0d\x8c\xb8\x8eQ$\xa6\xda\x03\xf4\x90\
MJKM\xcd\xec\xd4\xbfT\x84\x9a\xc3^L\xd5A\
\x07\xb9\x8e!\x15brz\x86\xc1\xe1\x8a\xb8B8\xaa\
\x02@J\xcf\x1b\xdf\x1c\xe8\xd6>\x09\xbf\xc6\xb7h\xb6\
G\x8agdl\x8a\xd1\xf1)\xd71\x0a-\xe2\x01Z\
6-\xa5\xc3\xf3\xe0U\xafq\x9dB\x8a\xac\xf6\xe8\xa3\
1\xb1\x98\xeb\x18RA\x06\x86\xc6\x98\x9c\x9aq\x1d\xa3\
\x90\xa2*\x00\xa4\xb4\xec\xbb\x1f\xd4\xeb\xd3\x7f\xa5\xf1j\
j\xa8:\xe0\x00\xd71\xa4\xc2\xf4\x0e\x8e\x94\xf3\x15\xc2\
\x9a\x01\x90\x12s\xa0\x9e\x05W\xaa\xc4\x01\xfb\xbb\x8e \
\x15\xc6\xfa\x96\xde\xfe\x14\xb9\x5cY^!\xac\x19\x00)\
1\xad\xad\xae\x13\x88#\xb1\xceN\xd7\x11\xa4\x02\xe5\xb6\
^!\x5c\x86\xdb\x03#\x9e\xeb\x04\x22\x0b\xd2\xd4\xec:\
\x818\xe2\xd5\xd5\xba\x8e \x15*\x93\xcd\xd1\xd3\x9f*\
\xab;@\x00<\xa0,\xe76\xa4L\xe5\xf5\xc7\xb5b\
\x19}^\x11w\xa6\xd3\x19\x06\x86\xc2qsf@\xf2\
*\x00\xa4\xb4\xa4R\xae\x13\x88#\xf9\x91J9\xa0E\
\xc2jlb\x8a\xd4h\xd9\x5c!\x9cS\x01 \xa5e\
\xa0\xdfu\x02q$\xb7y\xb3\xeb\x08\x22\x0c\xa5&\x18\
\x9f\x9cv\x1d#\x08\x9a\x01\x90\x12\xf3\x97{\x5c'\x10\
G\xd2\x0f=\xe4:\x82\x08\x00\xfd\x83c\xa4\xd3%\xbf\
=0\xe7\x01\x15v\x07\xa2\x94\xb4'\x1e\xd7,@\x05\
\xca\x8f\x8d1\xf3\xc0\x83\xaec\x88\x00\xb3W\x08\xf7\x0c\
\xa4\xc8\xe6Jz\xf8\xcc\xab\x00\x90\xd2\xf3\x93\x1b\x5c'\
\x90\x22\x9b\xbc\xfdWX-\x00\x95\x10\xc9\xe7}\xb6\xf4\
\x8e\x90\xf7K\xf6\x0a\xe1\x9c\x076\xed:\x85\xc8\x82\xfc\
\xe26\xe8\xebs\x9dB\x8a\xc5ZF\xaf\xb9\xd6u\x0a\
\x91\x1dds9z\xfaF(\xcd\xcd\x81v\xda\x03\xca\
b5\x83T\x90|\x1e\xbe\xfd\x0d\xc8\x96\xfc38\x99\
\x87\xc9_\xff\x86\x99\x7f\xfc\xc3u\x0c\x919\xa5g2\
\xf4\xf5\x97\xe0\x0e\x15\xc3\xb4\x07\xa6\xec\xaf<\x922\xf4\
\xf7\x87\xe0\x07\xff\xe3:\x85\x14\x98\x9d\x99a\xf0[\xdf\
r\x1dCd\x97&\xa6\xd2\x0c\xa5Jl{\xa05S\
\x1e\x06\x15\x00R\x9a~\xf9s\xf8\xde\xb7\xa0\xb4\x17\xe2\
\xc8.\x0c}\xf7{d\xff\xb9\xc9u\x0c\x91\xddJ\x8d\
N06^B\x13\xea\x96)\x0f\xabG\x00R\xc2n\
\xff\x05\xb9O}\x02\xdb\xd3\xe3:\x89\x04l\xfc\xe6[\
\x18\xb9\xf2G\xaec\x88\xcc\xdb\xc0\xf0\x18S\xd3\x19\xd7\
1\xe6G\x8f\x00\xa4\x1cD\x1f\xfe\x07Sg\x9f\xc5\xe4\
7\xbf\x81\xedU!P\x0e\xd2\xf7\xdeK\xff\x7f~\x1e\
\xca\xec\xecu)o\xd6Zz\x07Rd\xb2\xa50+\
i\xa6\xa2\x18;Q\xa2K\x18E\x9eR\x9b\x882\xf5\
\x8b[y\xf4\x8anj\x9f\xbb7u/{)\xb1\xce\
N\x22\xcb\x96Au\xb5\xebx\x0bf\xad%\x9b\xcd\x15\
e\xfcK\xec\xfb\x5c\x22\x8d\x8d\x85\xefh\x9e2\x8f=\
N\xcf\x87>\x82\xd5\x22O)A\xbeo\xd9\xd2\x97\xe2\
Y+Z\x89\x84\xfa\xbe=;\x19\xc5\xda\x110\xae\x93\
\x88,YMu\x82\x15\xed\xcd\xf4l|\x84\xf1\xbfo\
t\x1d\xa7$\xd4\x1d{,\xed\x9f\xfc\xb8\xeb\x18O\xc9\
<\xf1\x04[\xcey\x1f\xf9\xd1Q\xd7QD\x16-\x97\
\xcb\xb3\xa5/EWG\x0b\x9e\x17\xd2\xf1\xd50\xeca\
M\x09\xee_\x10\x99[uU\x9c\xae\x8ef\x22^\x98\
+\xefpxr\xf07\x91\x88\xeb(\xc0\xd6\xc1\xff\xbd\
\xe7\x90\x1b\x1ar\x1dEd\xc9f2Y\xfa\x06B<\
\xbcZF<<B\x9cPd\xe1\x12\xf1\x18]+Z\
\x88F\xc31\xb0\x85\x91\x06\x7f\x91\xc2\x9b\x9c\x9eap\
8\xa4W\x08\x1bF5\x03 e)\x1e\x8b\xd2\xd5\xd1\
B,\x16u\x1d%t4\xf8\x8b\x14\xcf\xc8\xd8$#\
ca\x5ckoS\x1e\xd6W\x01 e)\x16\x8d\xb0\
\xb2\xa3\x85x\x5cE\xc0\x934\xf8\x8b\x14\xdf`j\x9c\
\xc9\xa9\x19\xd71\xb6e\xcd\x88\x07^\xcau\x0e\x91B\
\x89D<\xba:Z\xa8\x8a\xc7\x5cGqN\x83\xbf\x88\
#\xd6\xd2;0B:\x13\xa2\x9d-\x86Q\x0f\xc3\x80\
\xeb\x1c\x22\x85\x14\xf1<:;Z\xa8J\xc4]Gq\
F\x83\xbf\x88[\xd6Zz\xfaR\xe4r!\xb9\xd5\xd2\
\xcb\xf7yxy]\xab&e\xcf\xf3\x0c]\xed\xcd\xd4\
T'\x5cG):\x0d\xfe\x22\xe1\x90\xcf\xfbl\xe9K\
\xe1\xfb\xa18|\xa7\xdfc\xd3\xf0\x00P\xb2\x17\x1a\x8b\
\xcc\x97\xf1\x0c+\x967QW[\xe5:J\xd1h\xf0\
\x17\x09\x97L6GO\x7f\x0a\xeb\xf6\x94\xcb<\xe9\xe8\
\x90gn\xbf=\x07\x0c\xbbL\x22R,\xc6\x18:\xda\
\x9ah\xa8/\xbd\xd3\x01\x17J\x83\xbfH8M\xa73\
\x0c\x0c\x8f\xb9\x8c0h\xba\xbb\xf3O\x9e\x96\xd2\xef2\
\x89H\xb1-om\xa4\xa9\xb1\xd6u\x8c\x82\xd1\xe0/\
\x12nc\xe3\xd3\xa4F\x9d]!\xdc\x07\xb0\xb5\x000\
Z\x07 \x15gYs=\xad\xcd\xf5\xaec\x04N\x83\
\xbfHi\x18JM0>\x99v\xd0\xb3\xe9\x87\xa7\x0a\
\x00_W\xa8IEjn\xac-\xab\x22@\x83\xbfH\
i\xe9\x1f\x1ce:]\xec+\x84g\xc7\xfc'g\x00\
\xfeY\xe4\xdeEB\xa3\xb9\xb1\x96\xb6\xd6\x060!\xbd\
\xb4c\x9e4\xf8\x8b\x94\x1e\xbb\xf5\x8c\x80l\xae\x88W\
\x08\x1b\x9e\x80'\x0b\x00cU\x00HEk\xac\xaf\xa1\
}Y#\xa6D\x8b\x00\x0d\xfe\x22\xa5+\x9f\xf7\xd9\xd2\
\x9b\x22\x9f/\xd2\x86<\x7f\xf6C\xff\xd6\x02\xc0S\x01\
 \x15\xaf\xbe\xb6\x8a\x8e\xb6\xa6\x92+\x024\xf8\x8b\x94\
\xbel.OO\xffHq\xb6\x07n\xfd\xd0?[\x00\
\xe4|\x15\x00\x22@mM\x82\xce\xf6\xe6\xf0\xde\xe1\xbd\
\x1d\x0d\xfe\x22\xe5#=\x93\xa1op\x14\x0a]\x04D\
\xfcg<\x02\x88\xcf\xfeFD\xa0\xba*NW{\x0b\
\x91\x88\xb7\xfb\x17;\xa4\xc1_\xa4\xfcLL\xa6\x19\x1a\
)\xf0\xf6\xc0t\xf4\xe9\x19\x00\xf3\xc3k\x87\x800\xde\
W(\xe2D\x22\x11\xa3\xab\xa3\x85hH\x06\xd7\xedi\
\xf0\x17)_\xa9\xd1IF\xc7\x0b6$\x8f\x99\xee\xee\
Qxj\x17\x00`\xcd#\x85\xeaM\xa4\x14\xc5cQ\
:;\x9aCW\x04h\xf0\x17)\x7f\x83\xc3\xe3LM\
\x17\xe4\x0a\xe1\x87\x9f\xfc\x97\xa7\x0b\x00\xc3\xc6B\xf4$\
R\xca\xe2\xb1(+W\xb4\x10\x8bF]G\x014\xf8\
\x8bT\x8a'\xb7\x07f2\x81o\x0f|j\xac\x7f\xc6\
CN\xab\x02@d\x0e\xd1h\x84\x95+\x9aI\xc4\xdd\
\x16\x01\x1a\xfcE*\x8b\xef[\xb6\xf4\xa7\xc8\xe5\x02\xdc\
\x1eh\xe7*\x00\x8c}x\xce\x17\x8b\x08\x91H\x84\xae\
\x8eV\xaa\x12q'\xfdk\xf0\x17\xa9L\xb9\x5c\x9e\x9e\
\x81a\xfc\xa0v\x06\x183\xc7#\x00\xdfS\x01 \xb2\
\x0b\x9eg\xe8lo\xa6\xa6*Q\xd4~5\xf8\x8bT\
\xb6\x99\x99\x1c\xbd\xfd#\x04R\x02xv\x8e\x02 \xaa\
5\x00\x22\xbb\xe3y\x86\x15\x1d\xcd\xd4\xd6V\x15\xa5?\
\x0d\xfe\x22\x0205=\xc3\xc0P\x00W\x08[\x7f\x8e\
G\x00{\x1f\xf880\xbd\xf4\xd6E\xca\x9b\x01V\xb4\
5Q_W]\xd0~4\xf8\x8b\xc83\x8d\x8dO1\
26\xb9\x94&&\xb8\xfc\x9a\xcdO\xfe\xe6\xa9\x02\xc0\
\xac[\xe7\x03\x7f[J\xcb\x22\x95\xa4}Y#\x8d\xf5\
5\x05i[\x83\xbf\x88\xcce05\xc1\xe4\xe2\xaf\x10\
~\xd0\xf0\xf4\x93\x84\xed\x8f:{p\xd1\xa9D*P\
[k\x03\xcd\x0d\xb5\x81\xb6\xa9\xc1_Dv\xcaZz\
\x07GI\xcfd\x17\xf3\xe6m\xc6x\x15\x00\x22K\xd4\
\xdaROks} mi\xf0\x17\x91\xdd\xb1\xd6\xd2\
\xd3\x97Z\xf8\x15\xc2\xd6\xdbE\x01`\xad\x0a\x00\x91E\
hn\xac\xa5\xad\xb5\x01\x96p\x93\xa0\x06\x7f\x11\x99\xaf\
\xbc\xef\xd3\xd37\x82\xef/\xe0\x8c\x00\xcb.\x0a\x00?\
\xaa\x02@d\x91\x1a\xebkh_\xd6\xc8bJ\x00\x0d\
\xfe\x22\xb2P\x99lnaW\x08\xc7vY\x00\xf8\x0f\
\xa3K\x81D\x16\xad\xbe\xb6\x8a\x8e\xe5\xcd\x98\x05\xcc\x04\
h\xf0\x17\x91\xc5\x9aNg\xe6\xbb=pb\xebn\xbf\
\xa7lS\x00\x98\xee\xee<\x86\xfb\x82\x0c'Rij\
k\x12t\xb67\xe3\xcd\xa3\x08\xd0\xe0/\x22K56\
1Mjt\xb7W\x08\xffy\xebn\xbf\xa7\xecx\xb8\
\xb9\xe5\x1e\xe0\xf0\xe0\xa2\x89,\xd0\xb3\xf6\x80\xfd\x0f\x80\
\x95\xcf\x82\xe6\x16\x88\xc7!\x97\x83\xb11\xe8\xd9\x0c\x0f\
\xfd\x0d6\xfe\x03\xf2y\xd7Iw\xaa\xba*\xce\x8a\xf6\
fz\xfaS\xf8\xfe\xdc\xd3s\xf5\xaf{-\xed\x1f\xfb\
(x\xdb\xaf\xc5u#\xf3\xd8\xe3l>\xfb\x1c\xf2\xc3\
\xc3\xae\xa3\x88\xc8\x02\x0d\xa5&\x88F\x22;?\x9f\xc4\
p\xcf\xf6_\x9a\xe3v\x13s\x0f\xc1\x1c8(2\x7f\
\xb1\x18\xbc\xe6\xf5p\xeck\xa0c\xc5\xee_?>\x0e\
\xbf\xfd5\xdcp-\x8c\x8e\x16>\xdf\x22TW\xc5\xe9\
joeK\xdf0\xf9\xed\x16\xeah\xf0\x17\x91\xa0\xf5\
\x0f\x8d\x11\x8dF\xa8\xae\x9a\xeb\xce\x12\xfb\xe7\xed\xbf\xb2\
c\x01\xe0\xfbw\xe3-~%\xb3\xc8\x82\x18\x03G\x1e\
\x0d\xc9\x93\xa1\xb5u\xfe\xef\xab\xaf\x87\xd7\xff\x0b\x1cs\
,\xfc\xf4F\xf8\xf1\xf50S\x90\xbb\xb3\x97$\x91\x88\
\xd2\xb5\xa2\x85-}\xc3O\xdd\xe8\xa5\xc1_D\x0a\xc1\
ZKo\xff\x08]+Z\x88\xc7\xb6\x1b\xde\xf3;\xce\
\x00\xec\xf8\x13ht\xea>`1'\x0c\x88,L<\
\x01\xef=\x17\xde\xf5\x9e\x85\x0d\xfe\xcfTU\x05'&\
a\xddg`Y[\xb0\xf9\x02\x12\x8fE\xe9\xeah%\
\x16\x8bR\xf7\xeac5\xf8\x8bH\xc1\xccn\x0fL\x91\
\xcfo3\xeb\x98atj\x87]~;\xfc\x1427\
\xdd4\x03\xfc\xb5\x80\xf9D\xa0\xa9\x09>\xf1)8\xe2\
e\xc1\xb4\xb7\xc7\x9e\xf0\xe9\xff\xc4\xee\xb3o0\xed\x05\
,\x16\x8d\xb0\xf2\xe5/\xa1\xfd\xa3\x1f\xd1\xe0/\x22\x05\
\x95\xcd\xe5\xe9\xe9O=s{\xe0\x83[\xc7\xf6m\xcc\
\xfd\x93\xc8rg\x01\xb3I\xa5\x8b\xc7\xe1\xfc\x0f\xc2^\
\xcf\x09\xb6\xdd\x86F\xcc\x07>D\xaeuY\xb0\xed\x06\
\xa1\xae\x9e\xc8\xfb?\x84\x89\xcf\xf5l\xae\xf84\xf8\x8b\
\x94\xb7\xf4L\x96\xbe\x81Q\x98-\x02\xfe0\xd7k\xe6\
.\x00\x8cQ\x01 \x85a\x0c\xfc\xeb\xbb`\xef}\x0a\
\xd3~]=\x91\x0f~\x94)\xc2\xb1\xad\xee)\xc7\xbf\
\x05\x9a\x9b]\xa7\x00\xb6n\xf5;\xe7}\x1a\xfcE\xca\
\xdc\xc4T\x9a\xa1\x91\x09`\xee1}\xee\x02 \x92S\
\x01 \x85q\xd8\xe1\xf0\xf2W\x14\xb4\x0b\xd3\xb5\x92\xc8\
[Ofd,$gZ55\xcf\xeep\x08\x81\xcc\
c\x8f\xb3\xf9=gk\x9f\xbfH\x85H\x8dN22\
:\xf6\xf8\x5c\xdf\x9b\xbb\x00\xd8\xfb\xe0\x07\x81p\xee\xad\
\x92\xd2\x15\x89\xc0\xaa\x93\x8b\xd2U\xe2_\xde\xc8TC\
\x13C\xa9\xf1\xa2\xf4\xb7KG\xbcl\xf6\xb1\x87c\xfa\
\xe4/Ry\x22\x9eg\x9bj\x1a~=\xd7\xf7\xe6,\
\x00\xb6\x9e\x16\xf4\xa7\x82\xa6\x92\xcas\xd4+\xa1\xab\xab\
8}E\xa3\xb4\xbd\xe3\x0cR\xa3\x93\xf4\x0f9\xaee\
_\xf8\x22\xb7\xfd\xa3O\xfe\x22\x95*\x1e\x8f\x0e\x98\xee\
\xee9OM\xdb\xf9rdc\xe7\x5c4 \xb2h\xaf\
:\xb6\xa8\xdd\xc5\x8e|\x05\xd1\xfa:\xc6\xc6\xa7\xe9\xed\
O\xb9;\xdej\xdf\xe7\xb9\xea\x19\xd0\x82?\x91J\x16\
\x8dz\xf7\xee\xec{\xbb\xd8\x8fd~[\x880R\xa1\
\x9a\x9a\xe19\x05Z\xf8\xb73\xf18MG\xcen3\
\x9c\x98\x9aaK\xdf\xf0N\x8f\xe5-\x98\xeajH$\
\x8a\xdb\xe73h\xda_\xa4\xb2\xc5L\xe4\xc7;\xfb\xde\
\xce\x0b\x80D\xe6\x0e W\x88@R\x81\xf6\xdb\xdfI\
\xb75/|\xe1S\xff>=\x9das\xef\x8e\xc7\xf2\
\x16T}C\xf1\xfa\xda\x8e\xa6\xfdE*\x9b\x01\xa2\x0d\
\x0d\x97\xee\xec\xfb;-\x00\xcc\xc57\x8c\x03;\x9c\x1d\
,\xb2(]+\x9dt\x1b}\xf6\x1e\xdb\xfc~&\x93\
es\xcf0\xb9\x5c\x91.\x12\x9ar\xb3\x13A\xd3\xfe\
\x22\x12\x8bE\xc7\x1b\xbb\xbbw\xfaC`7G\x92\xd9\
9W\x0e\x8a,Xc\x93\x93nMS\xcb\x0e_\xcb\
dsl\xea\x1d\x22\x93-\xc2\x04\xd7\xe4\x04d\x8b{\
\xb2\xb6\xa6\xfdE\x04 \x1e\x8f>\xb0\xab\xef\xef\xa6\x00\
0*\x00$\x18\x8e\x9e\x83\x9b\xaa\xaa9\xbf\x9e\xcb\xf9\
l\xee\x1d&\x9d)\xf0\xe0l-\xfc\xf3\x89\xc2\xf6\xf1\
\x0c\x9a\xf6\x17\x91'E\xa3\xe6\xa6]}\x7f\xd7\x05@\
\xd6\xfc\x06(\xe2\x03S)[\xc6\xd1\x0d\x93\xbb\xb8\xd9\
2\x9f\xf7\xd9\xd23\xcc\xd4t\x81o\x11\xbc\xe7\xae\xc2\
\xb6\xbf\x95>\xf9\x8b\xc8\x93\x8c1\x10\xab\xfe\xfe\xae^\
\xb3\xcb\x02\xc0\xcc>;\xf8K\xa0\xa9DB\xc4\xb7\x96\
\x9e\xfe\x11&&\xd3\x85\xeb\xe4\x8f\x7fx\xf2<\xee\x82\
\xd1'\x7f\x11y\xa6x<6\xd6v\xc3\x0d[v\xf5\
\x9a\xdd_Kf\xb95\xb0D\x22!d\xad\xa5w`\
\xa4pG\x07o\xfa'\xdc\xf9\xfb\xc2\xb4\x8d>\xf9\x8b\
\xc8\x8ebQ\xef\x9e\xdd\xbdf\xf7\x05\x80\xb1*\x00\xa4\
\x22\x0c\x0e\x8f\x15\xee\xe8\xe0\xab\xae,\xc8b@}\xf2\
\x17\x91\xb9\xc4\xa2\xde\x95\xbb{\xcd\xee\x0b\x80x\xfd\x1d\
\xc0t\x10\x81D\xc2.5:\xc9\xc0\xd0X\xf0S\xf6\
=[\xe0\xfb\xdf\x0e\xb4I}\xf2\x17\x91\xb9x\x9e\xb1\
\xb9<?\xdc\xed\xebv\xf7\x02s\xc9%i\xe0\x8e@\
R\x89\x94\x80\xd1\xf1)\xfa\x06G\xb1A\x17\x01w\xfc\
\x1an\xb8.\x90\xa6\xb2\x8f>\xaaO\xfe\x222\xa7x\
<\xd6\xd7q\xcb-\x93\xbb{\xdd\xeeg\x00\x00\xac\xd1\
c\x00\xa9(\xe3\x93iz\xfaG\x82?:\xf8\xca\xcb\
\xb1\xdf\xff\x0e\xe4\x17\x7f\x10Q\xfe\xae?\xb1\xe5\xdd\xef\
\xd1'\x7f\x11\x99S<\x1a\x99\xd7\x87\xf6\xf9\x15\x00\xd1\
\xdc.\xf7\x12\x8a\x94\xa3\xa9\xe9\x19\xb6\xf4\xa5\x02?:\
\xd8\xfc\xf262\x9f\xfc\x18\xf6\xe1\x8d\x0b{\xe3\xf88\
\x93\xdf\xf96\x8f\xbd\xef|\xb2\xe3!\xb8\xe6XDB\
)\x12\xf3\xbe3\x9f\xd7E\xe7\xf3\x22s\xe9\xb5\xf7\xdb\
5\xab\x1e\x05\xf6ZR*\x91\x12\x93\x9e\xc9\xb0\xb9g\
\x98\xce\xf6f\xa2\xd1H`\xed\xc6\x1f\xdd\xc8\xe8\xf9\xe7\
\xc2\xa1\x87Q\x7f\xdcqx/8x\xee\xc3\x92\xac\xc5\
>\xfa\x08\xe9\xdf\xfc\x86\xfe\x0d?\xd2\xc0/\x22\xbb\x14\
\x8bF2\xcb~r\xf3m\xf3y\xed\xbc\x0a\x80Y\xf6\
'`\xde\xbb\xd8P\x22\xa5*\x93\xcd\xb1\xb9w\x98\xce\
\x8efb\xd1\x05\xfc\x95\xd9\x8d\xc6\xbaj\xc6\xee\xfa#\
\x8f\xdc|\x1b\xd1\xea*\xea\x0e\xd8\x9f\xd8\xf26\xa2\xcd\
\xcd\xf8\x93Sd\x07\x07\x99\xfa\xfb?H\x0f\x0c\x06\xd6\
\xa7\x88\x94\xb7DU|\xdew\xf8\xcc\xff\xa7\x99\xf5~\
\x82\xb1*\x00\xa4\x22esy6m\x19fE{3\
U\x89X`\xed6\xd4\xd5\x10\xf1\x22\xb3\xe7\x10\xdc\xb5\
\xdbm\xbb\x22\x22\xbb\x14\x8bD/\x9b\xefk\xe7\xb7\x06\
\x00`d\xe2\x97\x80\xe6\x1f\xa5b\xe5}\x9f-\xbd\xc3\
L\xa5\x83=:\xb8\xb6&Ag{3\xde.\x8e-\
\x16\x11\xd9\x9d\x88\xe7\xd9\xd6\xba\xba]\x1e\xff\xfbL\xf3\
.\x00\xccM7\xcd`\x99\xd7s\x05\x91r\xe5[K\
Oo*\xf0\xa3\x83\xab\xab\xe2t\xb5\xb7\x10\x89\xcc\xbf\
&\x17\x11y\xa6D<\xf6\xb8\xe9\xee\x9e\xf7\xb9=\x0b\
\xfbic\xcc\x0d\x0bN$Rf,\xd0;0\xc2\xd8\
x\xb0\xe7c%\x121\xba:Z\x02]l(\x22\x95\
#\x16\x8f,h\x8c^X\x01\x10\xcf^\x07d\x16\xf4\
\x1e\x912\xd5?4Jjt\xb7gm,H<\x16\
\xa5\xab\xbd\x99\x98\x8a\x00\x11Y\x00\x03D\x12\xd5_^\
\xc8{\x16T\x00\x98K\xae\x1b\x01~\xb5\x90\xf7\x88\x94\
\xb3\xa1\xd48\x83\xc3\xc1\x1e\x1d\x1c\x8bE\xe9Z\xd1J\
<\x1e\xdc\x8e\x03\x11)oUU\xb1\xbe\xd6\xeb\xaf\xff\
\xe7B\xde\xb3\xf0\x07\x8e\x96\xab\x17\xfc\x1e\x91262\
\x16\xfc\xd1\xc1\xd1\x88\xc7\xca\x8e\x16\xaa\x12\xf1\xc0\xda\x14\
\x91\xf2\x15\x8b\xc7\xae_\xe8{\x16\xb1\xe2(v\x1d\xb0\
\xf8sLE\xca\xd0\xf8d\x9a\xde\x81\x91@\x8b\x00\xcf\
\xf3\xe8lo\xa6\xa6j\x8e\x03\x82DD\xb62\xc6\x90\
\x88%>\xbf\xd0\xf7-\xb8\x000\x1b6\xf4\x81\xf9\xed\
B\xdf'R\xee&\xa7f\xd8\xd27\x1c\xe8\xfd\x01\x9e\
gX\xd1\xd1L]\x8d\x8a\x00\x11\x99[UU\xac\xbf\
\xe9\xc6\x1b\x1f]\xe8\xfb\x16\xbb\xe7\xa8{\x91\xef\x13)\
k\xd3\xe9,\x9bz\x87\xc8\xe5\x82\x9b$3@\xc7\xf2\
f\x1a\xea\xab\x03kSD\xcaG<\x12\xbdq1\xef\
[\x5c\x01\x90\xe5J \xb7\xa8\xf7\x8a\x94\xb9Lf\xf6\
\xe8\xe0l6\xd8\xbf\x22\xcb[\x1bij\xa8\x0d\xb4M\
\x11)m\xc6\x18b5\xdeg\x16\xf3\xdeE\x15\x00\xa6\
\xbb{\x00\xa3C\x81Dv&\x9b\xcb\xb3\xa9w\x98\x99\
L6\xd0v\x97\xb5\xd4\xd3\xda\x5c\x1fh\x9b\x22R\xba\
\x12U\xd1\x9e\xe6\xeb~\xf6\xd8b\xde\xbb\xf8c\xc7\xac\
Y\xbf\xe8\xf7\x8aT\x80|\xdegs\xef0\xe9\x99`\
\x8f\xcehn\xaceY\x8b\x8a\x00\x11\x81X$v\xd5\
b\xdf\xbb\xf8\x02 Ru\x0d\x10\xec)(\x22e\xc6\
\xf7-\x9b{\x86\x99\x98\x0a\xf6\xe8\xe0\xa6\x86Z\xda\xdb\
\x1a1F\xf7\x07\x88T*\xcf\x18\x0b\xb5\x8b\x9a\xfe\x87\
%\x14\x00\xe6\xd2K'\xc1\xfex\xb1\xef\x17\xa9\x14\x16\
\xe8\xed\x0f\xfe\xe8\xe0\xfa\xdaj:\x967\xa9\x08\x10\xa9\
P\xd5U\xb1G:n\xb9\xb6\x7f\xb1\xef_\xda\xcd#\
\xbew\xe9\x92\xde/RA\xfa\x87F\x19\x09\xf8\xe8\xe0\
\xda\xea'o\x12\xd4%B\x22\x95&\x16\x8f~{)\
\xef_\xdaO\x8d<?\x036-\xa9\x0d\x91\x0a2\x98\
\x1ag(\x15\xec\xad\xda\xd5Uq\xba:\x9a\x89\xa8\x08\
\x10\xa9\x18\xd1H$\xbf\xac\xae\xf1\xebKicI?\
1Lww\x1e\xb8|)m\x88T\x9a\xd4\xe8$\xfd\
Cc\x81\xb6\x99\x88\xc7\xe8Z\xd1B4\xa2K\x84D\
*A\x22\x11\xfb\xbd\xe9\xee^\xd2\x0a\xe3\xa5\x7fd\xc8\
G.f\xf61\xa7\x88\xcc\xd3\xd8\xf8\x14=\xfd\xa9@\
\x8f\x0e\x8e\xc7\xa2t\xadh!\x16S\x11 R\xee\xe2\
\x9e\xf7\xc9\xa5\xb6\xb1\xe4\x02\xc0\x5cy\xe5\xdf1\xfc~\
\xa9\xed\x88T\x9a\xd9\xa3\x83S\xf8\xbe\x1fX\x9b\xb1h\
\x84\x95\x1d-$t\x93\xa0H\xd9\xaa\x8a\xc7R\xcbn\
\xb9\xe5\x17Km'\x98\x87\x86\xd6\x5c\x1cH;\x22\x15\
f:\x9daso\x8a|\x80E@$\x12\xa1\xab\xa3\
\x95\xaa\xaaX`m\x8aHx$\x12\xf1@\x1e\xbd\x07\
S\x00\xcc\x1e\x0d\x1c\xecCM\x91\x0a1\x93\xc9\xb2i\
\xcb0\xd9\x5cpG\x07{\x9e\xa1ky\x0b5\xd5\xba\
NX\xa4\x9cD\x22\x9e\x8d6\xe4?\x16D[\x81\x14\
\x00\xa6\xbb{\x02\xc3eA\xb4%R\x89\xb2\xb9\x1c\x9b\
{\x86\xc9d\x82+\x02\x8cgX\xb1\xbc\x99\xba\xda\xaa\
\xc0\xda\x14\x11\xb7\xaa\xab\xe2w\xb5t\xdf6\x1aD[\
\x01\xee\x1b2\xff\x85\x16\x03\x8a,Z.\xef\xb3\xa9w\
\x98\xf4Lp\xf7\x07\x18c\xe8hk\xd2M\x82\x22e\
\x22\x11\xf5>\x11T[\x81\x15\x00\xe6\xf2\xee\x07\x81\xdf\
\x06\xd5\x9eH%\xf2}\x9f-\xbd\xc3LM\xcf\x04\xda\
\xee\xf2\xd6F\x9au\x93\xa0HI\xab\x8a\xc7R-7\
\xddrSP\xed\x05}r\xc8\x92N%\x12\x09^\xe9\
\x1d\x93\xeb[KO\xff\x08\x13\x93\xc1\x1e\x1d\xdc\xdaR\
Oks]\xa0m\x96\xb7\xd2\xfb\xb3#\xe5-\x91\x88\
\xfd \xc8\xf6\x82-\x00R\x93W\x01\x03\x81\xb6)\xe5\
!\x13\xec'\xdayK$\xdc\xf4\xbbD\xd6Zz\x07\
\xc7\x18\x1d\x9f\x0a\xb4\xdd\xe6\xc6:\xdaZ\x1b@\xf7\x07\
\xec\x96W\xe3\xe6\xb1\x89?\x15l\xe1'\xe5!\xea\x19\
\x9f\x99\xcc\xc7\x83l3\xd0\x02\xc0\xdct\xd3\x0c\x9a\x05\
\x90\xb9L;\xfa\xa1V]]\xba\x83\x9d\xb5\x0c\x0c\x8d\
1<:\x11h\xb3\x8d\xf55\xb4\xb76\xe8\x12\xa1]\
1\x06\xaf\xa6\xc6I\xd7v*\xd8\xa2O\xcaCUM\
\xe2W\xcbo\xbf=\xd0\x1f\x06\xc1\x1f\x1e\xee\xf9\xdf\x02\
\x82\xbd\x00]J_:\xd8\xebp\xe7-\x12!\xbe|\
\xb9\x9b\xbe\x032\x9c\x9a``h\x1c\x02<5\xb0\xbe\
\xae\x9a\x8e6\xdd$\xb83\xd1\xe5\xcb\xc1\xd1\xdd\x0a\xbe\
\x0a\x00\xd9\x8e\x01\x12>\xef\x0b\xba\xdd\xc0\xff\x84\x9b\xcb\
\xae\xe9\xc1\xf0\xa3\xa0\xdb\x95\x127\xed\xee\x87Z\xcd\xde\
{9\xeb;(\xa3\xe3\x93\xf4\x0d\x8e\x06ztpm\
M\x82\xce\xf6\x16\xdd$8\x87\xf8\xb3\x9f\xed\xaco\x7f\
2\xd8\x1b#\xa5\xf4U\xd5\xc47\xb6\xdcv\xdb}A\
\xb7[\x98\xbf\xf9\xc6\xbf\xa8 \xedJ\xe9r\xf5\x08\x00\
\xa8y\xfeA\xce\xfa\x0e\xd2\xf8d\x9a\x9e\xfe\x11|?\
\xb8\x22\xa0\xba*FW{\x8bn\x12\xdcN\xd5\x81\x07\
8\xeb[\x05\x80l/\x11\x8d\x07\xb6\xf5\xef\x99\x0a\xf2\
\xb7\xde\x5cv\xcd\xdd\xc0\x1d\x85h[J\xd4\xf0\x90\xb3\
\xae\x13\x87\x1c\xe2\xac\xef\xa0MM\xcf\xde\x1f\x10\xe4\xd1\
\xc1\x89DT7\x09n\xa7\xfa\xd0C\x9d\xf5\x9d\xeb\xd7\
:jyZ\x22\x11M\xb5\xfd\xecg\x1b\x0a\xd1v!\
\xcb~\xcd\x02\xc8\xd3\xb6lq\xd6u\xe4\x80\x03\x89/\
ku\xd6\x7f\xd0\xd23\x196\xf7\x0c\x93\xcb\xe5\x03k\
3\x1e\x8b\xb2rE\x0b\xb1\xa8.\x11\x8a\xb4\xb4P\xf5\
\x82\xe7;\xeb?\xf3\xf8\xe3\xce\xfa\x96\xf0\xa9\xae\x8a}\
\xb5Pm\x17\xae\x00\xd8\xf7\xa0\xeb\x80\x07\x0b\xd6\xbe\x94\
\x96\xc1\x01\xc88Z\x1b\x1a\x89\xd0\xfa\x86\xd7\xbb\xe9\xbb\
@2\xd9\x1c\x9b{\x83\xbd? \x1a\x8d\xb0r\x85n\
\x12\xac\x7f\xddk1\x8efC\xfc\xe9ir\x03\x9a\x01\
\x90Y\xf1X4\xbd\xec\xf0\x97\x7f\xa6P\xed\x17\xac\x00\
0\xeb\xd6\xf9`.,T\xfbRb\xac\x85^w\xb3\
\x005'\x9d\x84)\xb3O\xb7\xd9\x5c\x9eM=\xc3\xcc\
\xcc\x04W\x04D\x22\x1e]\x1d\xadTWU\xe6%B\
&\x1a\xa5i\xd5I\xce\xfa\xcf>\xf1D\xa0\xbb=\xa4\
\xb4U%\xe2\xff;;\x96\x16FaW\xfe\xd45\xff\
\x10\xec?\x0b\xda\x87\x94\x0e\x87\x8f\x01\xcc\xb26\xda\xde\
\xfcFg\xfd\x17J>\xef\xb3\xb9o\x98\xe9tp\xb3\
+\x9eg\xe8\x5c\xdeLMui\x1e\xa2\xb4\x14\xf5\xff\
\xf2\x06\xa2\x1d\x1d\xce\xfa\xcf<\xfe\x84\xb3\xbe%\x5cb\
\x91H.\x9fH\xbc\xbf\x90}\x14\xb4\x000\xdf\xfdn\
\x16\xcc\xd7\x0b\xd9\x87\x94\x90G\x1fv\xda}\xc3;\xde\
A\xb4\xb1\xc1i\x86B\xf0}\x9f-})&'\x83\
;ka\xf6&\xc1\xa6\x8a\xbaI0\xd2\xd0@\xeb\x99\
\xff\xe64\xc3\xcc\xdf\xfe\xe6\xb4\x7f\x09\x8f\xea\xea\xd8\xf5\
\x9d7\xdeX\xd0\xfd\xd3\x85\xdf\xfbS\x95\xf9\x0e\x90*\
x?\x12~\xf7\xdf\xef\xb6\xff\xc6&\xba.8\xcfm\
\x86\x02\xb1\xd6\xd230\xc2\xd8Dp?/\x8c1t\
,k\xa4\xb1\xde\xcd\x89x\xc5\xb6\xec}\xe7\x10ij\
r\x9aa\xea\xae\xbb\x9c\xf6/\xe1\x10\xf1\x8c\xad\xc1;\
\xab\xd0\xfd\x14\xbc\x000\x17\xdf0\x8e\xb1\xdf(t?\
R\x02\x1e\x7f\x14&\x82=\xd6v\xa1b\xc7\xbe\x9a\xb6\
\xe3\xff\xc5i\x86B\xea\x1f\x1c#5\x1a\xe0>rc\
hkm\xa0\xb9\xb1\xbc/\x11jx\xc3q\xd4\xbf\xfe\
uN3\xe4GF\xc8<\xfc\x88\xd3\x0c\x12\x0e5\xd5\
U\xb7\xd5\xdfrK\x7f\xa1\xfb)\xce\xe9\x1f\x19\xefB\
`\xa4(}IxY\x0b\x7f}\xc0u\x0a\x1a\xcf\xbf\
\x80\xc6\xc3^\xec:F\xc1\x0c\xa5\xc6\x19L\x8d\x07\xda\
fks\x1d\xad-\xf5\x81\xb6\x19\x16\xd5\x87\xbc\x90\xb6\
\x0f\x14\xf4Q\xeb\xbcL\xdfu\x97\x16\x00\x0a\x11\xcf\xd8\
hS\xe2\xed\xc5\xe8\xab(\x05\x80\xe9\xee\x1e\x05\xbeY\
\x8c\xbe$\xe4\x1ep\xfc\x18\x00 \x16\xa3\xeds\x9f\xa1\
\xfe\x90\x83]')\x98\x91\xd1\xadG\x07\x07\xd8fs\
C-\xcb[\x1b\x03l\xd1\xbd\xaa\x83\x0eb\xc5\xe7?\
\x8f\x89\xbb\xdf\xf50u\xd7\xdd\xae#H\x08\xd4T%\
~\xbe\xac\xfb\xc7\x9b\x8b\xd1W\xf1\xce\xff\x8c\xe7\xbe\x82\
f\x01\xe4O\x7f\x84\x00O\xb1[\xb4\x9aZ\xda\xbf\xf2\
\x15Z^y\xb4\xeb$\x053>1Mo\xffH\xa0\
\xf7\x074\xd4W\xd3\xb1\xbc<.\x11\xaa}\xc5\x91t\
}\xed\x22\xbc\xbaZ\xd7Q\xb0\xf9<\x93w\xe8\xf0\xd4\
J\x17\xf1\x8c\x8d6W\x9d^\xac\xfe\x8aV\x00\x98K\
\xae\x1b\x01\xfe\xbbX\xfdIH\xa5\x86\xc31\x0b\x00\x90\
H\xd0\xf2\xe9O\xd3y\xce{\x9c\x1d\xfcRh\x93S\
i\xb6\xf4\x0d\x07z\x7f@]M\x15\x9d\xed\xcdx^\
i\x16\x01&\x1a\xa5\xf5=g\xb1\xe2??\x87r\xee\
\xa0a\x00\x00\x1byIDAT\xa9\x0a\xc7.\x87\xe9\
?\xfe\x91\xfc\xd0\xb0\xeb\x18\xe2XMM\xf1>\xfdC\
1g\x00\x00\xa2\xf9\x0b\x81\xb1\xa2\xf6)\xe1s\xc7\xaf\
\x5c'x\x9a1\xd4\xbc\xedd\xf6\xfc\xe1%T\xbd\xe0\
\x05\xae\xd3\x14\xc4t:\xcb\xa6\xde!r\xf9\xe0\x8e\x0e\
\xae\xae\x8a\xd3\xd9\xdeB$RZ\x97\x08U\xbf\xf0`\
\x9eu\xc9\xc54\xafY\x0d!\x9a\xc5\x18\xfb\xd9\xcd\xae\
#\x88c\x11\xcf\xb3\xb1\xbaXQ\x9e\xfd?\xa9\xe8\x7f\
\x03\xec\x9aU\x9f\x04\xd6\x15\xbb_\x09\x91D\x02\xfe\xfb\
{PU\xed:\xc9\x0e\xa6\xfe\xf0\x07R\x97^\xc6\xf4\
\x9f\xff\xe2:J\xe0b\xd1(\x9d\x1d\xcd\xc4\xa2\xc1\xcd\
v\xccdr\xb3\x97\x13\x05X\x5c\x14B\xf5!/\xa4\
\xf9\x94S\xa89\xe2p\xd7Qv\xe0ON\xf2\xe8\x9b\
\xde\x8c\x9d\x99q\x1dE\x1c\xaa\xab\xad\xbay\xc5\xad\xb7\
\x15\xf5\xcc\xf2\xe2\x9f\x8d\x9a5_!f\xdf\x0d\xb4\x17\
\xbdo\x09\x87\x99\x19\xb8\xf3\xf7p\xf4\xab\x5c'\xd9A\
\xcd\x11GPs\xc4\x11d\xff\xf9O\xc6o\xbd\x8d\xa9\
?\xfe\x91\x99\x07\xff\x8a\x0d\xf9\x007\x1f\xd9\x5c\x8eM\
=Ct\xb67\x93\x88\xc7\x02i3\x11\x9f\xbdDh\
Ko*\xd0{\x09\x96\xcaD\xa3$\x0e\xd8\x9f\x9a\x97\
\xbc\x84\xfaW\xbf\x9a\xd8\xb3V\xba\x8e\xb4S\x13?\xff\
\x85\x06\xff\x0a\x17\xf5<\xdf\xab\xae\xf9\x7f\xc5\xee\xd7\xc9\
\x1c\x98]\xbb\xea\x5c\xacn\x0b\xach]+\xe1\x0b\x17\
\x86j\x1avg\xec\xcc\x0c\x99'\x9e \xbby\x0b\xfe\
\xe8(\xf9\x89\x89\x92\xde\xaee\x0c\xd4\xd5V\x05z\xfd\
\xafo-\x13\x93i\xf2yG\x0b<\x8d!RW\x87\
\xd7\xd8Hle\x17\xf1=\xf6\x08\xc5\xca\xfe\xdd\xf2}\
\x9eX{*\x99't\x04p%\xab\xaf\xab\xbe\xa2\xe3\
\x96[W\x17\xbb_7\xb7\xa3d\xcc\x7f\x13\xb3\xe7\x00\
{9\xe9_\xdc\xdb\xbc\x09\xfe\xefNx\xc9\x11\xae\x93\
\xec\x96I$H<\xf7\xb9$\x9e\xfb\x5c\xd7QB\xcb\
\x03\xca\xef\x90\xe5\xc2\x9b\xf8\xc5/5\xf8W\xb8h4\
\x92\xf52Y'gP;Y\xc1c\xba\xbb3\x18[\
\xb0+\x0e\xa5D\x5cwuI\x7f\x92\x16Y\x12k\x19\
\xbe\xf4R\xd7)\xc4\xb1\xda\x9a\xeao/\xbf\xfdv'\
G\xa4\xba[\xc2\x9b\xf1~\x00\xdc\xeb\xac\x7fq\xef\xf1\
\xc7\xe0\xde?\xbbN!\xe2\xc4\xe4\x1d\xbf%\xb3\xd1\xed\
\x05Y\xe2V\x22\x16\x99jK\xa7\xcfw\xd5\xbf\xb3\x02\
\xc0tw\xe7\xc1?\xd7U\xff\x12\x12W\xae\x0f\xc7\xc1\
@\x22Ed\xf3y\x86\xbe\xf7=\xd71\xc4\xb1\xeaD\
\xf5\xc7\xcc\xed\xb7;[=\xebt\x13\xafY\x7f\xcd/\
\xc1\x5c\xe72\x838\xf6\xf8cp\xeb\xcf\x5c\xa7\x10)\
\xaa\xd1\x1fu\xeb\xe2\x9f\x0aW\x95\x88\xf6\xb4\xdd\xf23\
\xa7\x8b\xe1Cp\x8a\x87\x7f\x01\xa0=0\x95\xac\xfb\x0a\
H\xe9\xc6h\xa9\x0c\xb9\xa1!\x86/\xb9\xc4u\x0cq\
\xc8\x00\xf1h\xect\xd79\x9c\x17\x00f\xfd\xd5\x8f`\
\xf9\x9a\xeb\x1c\xe2\xd0\xf44\xac\xff\xa1\xeb\x14\x22E1\
\xf8\xd5\xaf\xe1O\x04xe\xb3\x94\x9c\x9a\xaa\xf8\x9d\xed\
\xb7\xdez\x8b\xeb\x1c\xce\x0b\x00\x00\xaa3\x9f\x01z\x5c\
\xc7\x10\x87~w\x07\xdc\xa3\xdb\xd0\xa4\xbcM\xdeq\x07\
\x13\xbf\xf8\xa5\xeb\x18\xe2P\xc43\xbe\x8dF\x93\xaes\
@H\x0a\x00s\xf1\x0d\xe3`>\xee:\x878\xf6\xad\
\xaf\xc3\xe0\x80\xeb\x14\x22\x05\x91\xeb\xef\xa7\xffs\x9fw\
\x1dC\x1c\xab\xaeJ\xfc\xa0\xeb\x96[\xfe\xe9:\x07\x84\
\xa4\x00\x00`\xdf\x03\xff\x17\xcc\xff\xb9\x8e!\x0eMN\
\xc27.\x8228vW\xe4\x99l>O\xef'\xd7\
\x91\x1f\x1du\x1dE\x1c\x8aG#S\x1d\xb9\xdc\x99\xae\
s<)4\x05\x80Y\xb7\xce\xc7\xb7\xe7\x02:\x19\xa6\
\x92m\xfc\x07\x5cu\x85\xeb\x14\x22\x81\x1a\xfa\xf6wH\
\xdf{\x9f\xeb\x18\xe2Xum\xe2C.\xb7\xfdm/\
4\x05\x00\x80\xb9\xe2\xaa\xdfa\xe8v\x9dC\x1c\xbb\xf1\
z\xf8\xe3\x1f\x5c\xa7\x10\x09\xc4\xc4\xcf\x7f\xce\xc8\x06\x15\
\xb5\x95\xae\xba*\xfe\xf8\xf2\x9bn\xf9\x86\xeb\x1c\xcf\x14\
\xaa\x02\x00\x00\xeb\xff;0\xed:\x868d-\xfc\xd7\
\xd7\xe0\xbe\xf2\xbb\x92W*\xcb\xf4\xddw\xd3\xf7\xe9\xcf\
\xea\xc8\xeb\x0a\xe7\x19c\x13UU\xab\x5c\xe7\xd8^\xe8\
\x0a\x00\xb3\xfe\x9a\xc7\x81\xffp\x9dC\x1c\xcb\xe5\xe0\xab\
_\x81\xc7tX\x8a\x94\xa6\xcc\xc6\x87\xe9\xf9\xf0G\xb1\
\xd9\xac\xeb(\xe2X]]\xd5\xb5m?\xfd\xe9\x9f\x5c\
\xe7\xd8^\xe8\x0a\x00\x00\xb6\x0c~\x05\xb8\xcbu\x0cq\
,=\x0d_\xfc\x1c\xf4\xf5\xb9N\x22\xb2 \xd9M\x9b\
\xd8|\xde\xf9\xf8\x13N\xeex\x91\x10\x89\xc7\xa2\x93\xcb\
\x1b\x9a\x8a~\xd5\xef|\x84\xb2\x000\xb7\xdf\x9e\xc3\xcb\
\xbf\x03P\xe9\x5c\xe9FG\xe1S\x1f\x87'\x1es\x9d\
Dd^2\x8f=\xc6\xe6\xb3\xcf!?<\xec:\x8a\
\x84@Mm\xe2L\xd3\xdd\x9dq\x9dc.\xa1,\x00\
\x00\xcce\xd7\xfe\x05\x8b\xd3s\x92%$FR\xf0\xe9\
u\xf0\xd0_]'\x11\xd9\xa5\xf4\x03\x0f\xb0\xf9\xac\xf7\
\x92\xeb\xd7y\x16\x02\xb5\xd5\x89?\xb6\xfd\xf4\xe6\xf5\xae\
s\xecLh\x0b\x00\x00rf\x1d\xb0\xd1u\x0c\x09\x81\
\xa9\xff\xdf\xde\xdd\x07\xc7U\xd7{\x1c\xff\xfc\xce\xd9s\
\xf6\x9c\xddM\xda\xa4M\x93\xb4E\xc4'\x10\xf0\xa2r\
\x1d\x14\x18@\xb1\x88\x82@\x9b\xac\xb6I[*W\xab\
\x80\xc0\xbd\xdcQ\x81A\xa9xG`\xc6\x19\xbc\xa2W\
\xc4Q\x10\xe5\xc9(\xf4\xb6\xb6i6i\xad\xf2\xa08\
VE\x84\xca\x93R\x1e\x9a&\x9b\x87Mv7\x9b}\
:\xdf\xfbG\x0b\xb7(\xb4y\xfe\x9d\xb3\xfby\xcd0\
\xfc\x01\xcc\xbc)%\xfb\xcd\xc9\xf9\xfe~Y\xe0\x86\xaf\
q;\x80|+\xfb\xd0Cx\xf9\xb2+\xb8\xebO\x00\
\x00\xd34J&\xa2\xe7\xe9\xee8\x14_\x0f\x00\xaa\xa3\
#\x07\x03\x9f\x01\xcf\x06 \x00(\x16\x81o\x7f\x13\xd8\
\xba\x99oU\x93\x7f\x88`\xf8\xee{\xf6\xbf\xf0\x97\xe7\
\xbdf\xb4_\xd4\x09_\xdf\xb8}\x93\xaf_`R\xba\
\x03&BV\xb5\xfe\x00\x0a\x17\xe9\xee \xff(\x9f\xf0\
^\x98\x97\x5c\x06\xc4b\xbaS\xa8\x8ay\x99,\xfao\
\xb8\x01\x99\x9d\xbf\xd2\x9dB>\xe2\xba\xe1g\x96n\xdf\
\xfe\x0e\xdd\x1d\x87\xe3\xeb'\x00\xaf*\xa9+!xY\
w\x06\xf9\x87\xf9\xd8\x1fP\xfc\xc2\x7f@\x9e\xfa\xab\xee\
\x14\xaaR\xf9\xdd\xbb\xf1\xe2\xbaO\xf1\xc3\x9f^\xc34\
\x94gGC\x1f\xd3\xdd1\x11\x81x\x02\x00\x00\xd2\xd6\
\x1a\x07\xf0S\xdd\x1d\xe4/\xf9\xb2\x079\xf7|8\xf1\
O\x02\xe1\xb0\xee\x1c\xaa\x022>\x8e\xa1;\xeeD\xea\
\x9e{ %\xdf\x9c\xeaJ>1\xaf\xc6\xbdiQW\
\xf7U\xba;&\x220\x03\x00\x00H[\xfc\x01@.\
\xd0\xddA\xfeR,\x95\x912\x1d\xd4_\xf6y\x98\x1f\
8Yw\x0eU\xb0\xec\xc3\x8f`\xe0\xe6\x9bQ\xec\xdd\
\xa7;\x85|(\xe2\x86_\x5c\xb2}\xfb\x9btwL\
THw\xc0\xa4\x18\xe5K\xe0\x19\xa7\x02X\xa8;\x85\
\xfc\xc3\x0a\x99X\xe0\xe5\xd1{\xed\x97\x119\xf5T\xcc\
\xbf\xe4b\xa8\xc6&\xddYTA\x8a/\xbd\x84\x81o\
\xdd\x82\xec\xc3\x8f\xe8N!\x9f2\x0d\xc3\x0b\x9b\xe6Y\
\xba;&#PO\x00\x00@\xdaZ\xcf\x07\xb0Qw\
\x07\xf9\x8f\x88 98\x8at\xae\x80\x86\xb3\x97\xa1\xe6\
\xc2\x0b\xa1\x96,\xd5\x9dE\x01Vx\xfey\x0c\xff\xe4\
.d\x12\xdd\x10^SM\x87P\x13sohJt\
_\xa3\xbbc2\x027\x00\x00\x80\xb4\xb5|\x0fP\xbe\
\xb9S\x99\xfce(\x95\xc1P*\x03e\x18Xx\xf6\
2\xd4\xb6\xb7C\xbd\xf9(\xddY\x14 \xf9\xa7\x9f\xc1\
\xf0\x8f~\x84\xcc\xaf\x1f\x04<Ow\x0e\xf9\x9c\x1b\xb6\
\xff\xba\xf4\x97;\xde\xa9\xbbc\xb2\x829\x00\xac\xffx\
\x04\x99\xf0.\x00\xc7\xe8n!\x7fJg\xc7\xd1\x9fL\
\xbdz\x80D\xed1\xef\xc0\xfcs>\x0a\xfb\xc3\xcb\x80\
\xdayZ\xdb\xc8\x9f\xbct\x1a\x99\x1d\xbf\xc4\xe8\xb6.\
\x8c\xff\xf9\xcf\xbas( B\xa6Qt\x17:K\x9b\
\x1eH\xf4\xebn\x99\xac@\x0e\x00\x00 \xabW\xbc\x17\
\x9e\xf1\x1b\x00\xb6\xee\x16\xf2\xa7\xf1|\x01\xbd})\x94\
\x0f\xfa\x0e\xce\xb4-\xd4\x9d~\x1ab\x1f>\x13\xa1\x13\
\xde\x0d\xd4\xd4h,$\xdd\xca\xa9\x14r\xbf\xdf\x85t\
\xa2\x1bc\x8f>\xca\xb7\xfaiR\x14\x80\x9a\x1a\xe7\xc2\
\xc6\xae\x9e;u\xb7LE`\x07\x00\x00\x90U\xf1\xab\
\xa0\xe4\x06\xdd\x1d\xe4_\xc5b\x09{\xfbR(\xbe\xce\
\x17ve\x18\xa8=\xf6\x18\xc4\xde\xf7\xaf\xb0\xdf\xf3\x1e\
\x98\xc7\x1e\x07\xb8\xae\x86J\x9a+^&\x8b\xdcc\x8f\
!\xb7k\x17r\xbb\xfe\x80\xfcs\xcf\xf1TI\x9a\xb2\
h\xc4\xe9Z\xdc\xd3s\xb6\xee\x8e\xa9\x0a\xf6\x00\xb0a\
\x83\x81\xa7\xff\xd2\x0d\xe0C\xba[\xc8\xbf\xcae\x0f\xfb\
\x92\xc3\xc8\x8d\x1f\xferI\xb7\xb9\x09\xee[\x8eB\xf8\
\xcdG\xc2z\xd3\x9b`.n\x86\x11\xab\x01\x5c\x17\xca\
u\x017\x02D\x22\x80\x0a\xf4\xff:\x95G\x04^&\
\x03/\x9b\x8576\x06/;\x06/\x93F\xe1\xa5\x97\
Q\xdc\xb3\x07\x85\x17^@\xf1\x85\x17QJ\xf2\x92\x1e\
\x9a\x19\xb6\x1dJe\x1a\x1a\x1a\x8f\xf3\xe9M\x7f\x13\x11\
\xf8\xafb\xb26\xbe\x04%\xf93\x80z\xdd-\xe4_\
\x22\x82\xfe\xc1Q\xa439\xdd)D\x14p\x86RR\
\x13\x8b\x9c\xbe\xa8\xab\xebA\xdd-\xd3\x11\x8c\xa3\x80\x0f\
A\xdd\xd9\xf12\x80\xcf\xe8\xee \x7fSJ\xa1q\xe1\
<\xd4\xcf\xe3\xdd\x01D4=\xd1\x88sK\xd0?\xfc\
\x81\x0ax\x02\xf0\x0aik\xb9\x1dP\xebtw\x90\xff\
e\xc6\xc6\xd1\x97\x1c\x81\xf0g\xbfD4I\xd1Hx\
\xf7\xe2\x9e\xed\xc7\xea\xee\x98\x09\x81\x7f\x02\xf0\xaa\xa2q\
\x19\x80'ug\x90\xff\xc5\x22\x0e\x964\xd5\xc34*\
\xe7\xb7?\x11\xcd>\xcb2\xc7cn\xe44\xdd\x1d3\
\xa5b\xbe\x02\xaa\x8e\x8e\x0c\xca\xe6r\x00#\xba[\xc8\
\xff\x9c\xb0\x85\xa5\xcd\xf5\xb0\xad`\x9d\x86MDz\x18\
J\x89\x1b\x0d\x9fW\xbby\xf3\x80\xee\x96\x99R1\x03\
\x00\x00\xa8\xfb\xee{\x1a\x86Z\x0b\x80\xcfv\xe9\xb0,\
+\x84%\xcd\xf5p\x1dKw\x0a\x11\xf9\x5c,\xea~\
\xa3qk\xa2[w\xc7L\xaa\x98w\x00\x0e&\xabZ\
\xbf\x0e\x85\xabuwP0\x08\x80\xfe\xe4\x08\xd2Yn\
\x08\x10\xd1?\x8b\xba\xf6\xef\x16o\xdfq\x92\xee\x8e\x99\
VQO\x00^u\xf4\xf1\xd7Ba\x9b\xee\x0c\x0a\x06\
\x05\xa0\xb1a\x1e\xea\xe6Eu\xa7\x10\x91\xcf\xd8vh\
\xa4<\x96;Cw\xc7l\xa8\xc8'\x00\x00 \xf1x\
=,\xf9=\x00\xde\x02C\x136\x9a\xc9!98\xca\
\x0d\x01\x22\x82i\x9a\xe5h\xc49\xb1\xb1\xab\xeb1\xdd\
-\xb3\xa12\x9f\x00\x00P\x1d\x1dC\x80Z\x01\x80\xcf\
ui\xc2jc.\x167\xd6\xc10*v6&\xa2\
\x09PJ!\x12q.\xae\xd4\x0f\x7f\xa0\x82\x07\x00\x00\
Pww\xfc\x09P\x9f\xd5\xddA\xc1\xe2:6\x8eh\
^\x08\xcb2u\xa7\x10\x91&Q7|gSW\xd7\
\xf7uw\xcc\xa6\xaa\xf86G\xda[o\x85\x80\x83\x00\
MJ\xb9\xec\xa1\xb7?\x85\xf1|`\x8f\xfa&\xa2)\
\x88\xb8\xf6\xee%\xdbwT\xc4a?\x87R\xd1O\x00\
^5\x94\xbd\x02\x0a\x8f\xea\xce\xa0`1M\x03K\x9a\
\xebQ\x13ut\xa7\x10\xd1\x1c\xb1m+mGc\x15\
\xf7\xc6\xff\xeb\xa9\x8a\x01@uv\xe6QP\x17\x00\xd8\
\xa3\xbb\x85\x82E\x01h\x5c8\x0fu\xb5\xdc\x10 \xaa\
tf\xc8(\xd5\x84\xdcS\x1a6mJ\xebn\x99\x0b\
U1\x00\x00\x80\xea\xe8\xd8\x87\xb2\xf9Q\x00\xc3\xba[\
(`\x94\xc2\x82\xfa\x1a,ZP[\x1d?3#\xaa\
B\x86R\x12\x8b\x84\xdb\xea{\xb6>\xae\xbbe\xaeT\
\xcd\x00\x00\x00\xea\xbe\xfbvC\xd4r\x00y\xdd-\x14\
<\xb55\x1147\xd6sC\x80\xa8\x02\xc5b\xf6u\
\x8b\xb6uw\xe8\xee\x98KU\xf9\x95LV\xb5\xac\x82\
Rw\xa1J\xff\xfdiz\x0a\xc5\x12\xf6\xf6\x0d\xa3T\
*\xebN!\xa2\x19\x10\x8b8w6\xf7\xf4\x5c\xa8\xbb\
c\xaeU\xed\x07\xa0\xb4\xb7|\x15\xa2\xbe\xa2\xbb\x83\x82\
\xa9\x5c\xf6\xb0\xb7\x7f\x18\xf9|Qw\x0a\x11MC,\
\x12\xde\xd9\xdc\xb3\xfd\x83\xba;t\xa8\xde\x01\x00Ph\
k\xbd\x03\xc0Z\xdd-\x14L\x22\x82\xbe\x81Qdx\
\x87\x00Q E\x5c{\xcf\xe2\xed;\xde\xa2\x00Ow\
\x8b\x0eU\xf5\x0e\xc0\xc1\x14 \x88\xd5\x7f\x1a\xc0v\xdd\
-\x14LJ)45\xccC\xfd\xfc\x98\xee\x14\x22\x9a\
\xa4\xb0m\xa5\xec\xf1\xfc\xbb\xaa\xf5\xc3\x1f\xa8\xe2'\x00\
\xaf\x90x|\x1eBx\x08J\x8e\xd7\xddB\xc15\x9a\
\xc9!90\xc2{\xa8\x89\x02\xc0\xb2B\xf9yu\xf3\
\x8f\xa9\xdb\xb8\xf1y\xdd-:U\xed\x13\x80W\xa8\x8e\
\x8e\x11\x88\xf9q\x00}\xba[(\xb8jc.\x9a\x1b\
\xeb`\x18U\xff\xbf\x14\x91\xaf\x85Bf\xb9\xa6\xd6=\
\xa3\xda?\xfc\x01\x0e\x00\x00\x00u\xef\xbd\xcf\x03\xea\x1c\
\x00#\xba[(\xb8\x22n\x18K\x9b\xea\x11\x0a\xf1\x0e\
\x01\x22?2\x0c%\xd1\x98\xd3\xb6`s\xe7ou\xb7\
\xf8\x01\x07\x80\x03\xd4\xdd\x1d\xbb \xea\xa3\x002\xba[\
(\xb8l;\x84\xa5M\xf5\x08\xdb!\xdd)Dt\x10\
\xa5\x14jj\xdc+\x16m\xed\xfa\xa9\xee\x16\xbf\xa8\xfa\
w\x00\xfe\x91\xb4\xb7\x9e\x09\xc1/\x00\xf0\x00x\x9a2\
\xcf\x13\xf4\x0d\x8c ;6\xae;\x85\xa8\xea)\xa5\x10\
\x8b\xba\xd74%\x127\xe8n\xf1\x13\x0e\x00\xafC\xda\
Z>\x02\xa8\xff\x05\x10\xd6\xddB\xc1604\x8a\xd4\
\xe8\x98\xee\x0c\xa2\xaaV\x1buoj\xec\xee\xbeJw\
\x87\xdfp\x00x\x03\xd2\xd6\xba\x02\xc0}\x00\xf8,\x97\
\xa6e4=\x86\xe4\xe0(7\x04\x884\xa8\x89En\
iJ$.\xd7\xdd\xe1G\x1c\x00\x0eA\xda[.\x84\
\xa8\x1f\x82\xefJ\xd04\x8d\xe5\xf2\xd8\x97\x1c\x81\xe7U\
\xed\xca1\xd1\x9c\xab\x8dE\xeelL$\xaa\xee\x88\xdf\
\x89\xe2\x00p\x18\xd2\xder)D}[w\x07\x05_\
\xa1p\xe0\x0e\x812\xef\x10 \x9am51\xe7\xbe\xa6\
D\xcfJ\xdd\x1d~\xc6\x01`\x02\xa4\xbd\xf5\xdf!\xb8\
Yw\x07\x05_\xa9\x5cFo\xff0\xf2\xf9\x92\xee\x14\
\xa2\x8a\x15\x8b\xb9\x9d\xcd\x89\xee\x8f\xe9\xee\xf0;\x0e\x00\
\x13$m\xad_\x03p\xad\xee\x0e\x0a>O\x04}\xc9\
\x14\xb2c\xbc\x95\x9ah\xa6\xc5\x22\xce/\x9b{z>\
\xa4\xbb#\x088\x00L\x82\xb4\xb5~\x09\xc0\x8d\xba;\
(\xf8\x04\xc0\xc0\xe0(F\xd2\xdc\x10 \x9a)\xb1\x88\
\xf3\x9b\xe6\x9e\x9e\x93uw\x04\x05\x07\x80I\x92\xf6\xd6\
/Bp\x93\xee\x0e\xaa\x0c\xa9\xd1,\x06\x863\x80p\
G\x80h:\xa2\x91\xf0\x83\x8b{\xb6\x9f\xa6\xbb#H\
8\x00L\x81\xb4\xb7|\x0e\xa2\xbe\x03n\x07\xd0\x0c\xc8\
f\xc7\xb1op\x04\xe2q\x08 \x9a\x8a\x9aXdc\
S\x22\xb1\x5cwG\xd0p\x00\x98\x22ikm\x07p\
\x07xN\x00\xcd\x80|\xbe\x88\xbd\xfd\xc3(\x97\xb9&\
H4\x1955\xee\xedM]\xdd\x17\xe9\xee\x08\x22\x0e\
\x00\xd3 \xabZ>\x01\xa5~\x02\xc0\xd2\xddB\xc1W\
*\x95\xd1\xdb\x9fB\xbeP\xd4\x9dB\xe4{\x0a@\x8c\
\x87\xfcL\x0b\x07\x80i\x92\x95\xf1s`H\x07\x00W\
w\x0b\x05\x9f\xe7\x09\xf6%S\x18\xcbqC\x80\xe8\x8d\
(\x00\xb5\xb1\xc8\x8d\x8b\x12\x89\xabu\xb7\x04\x19\x07\x80\
\x19 \xab\xe2\xa7C\xc9f\x005\xba[(\xf8\xb8!\
@\xf4\xc6\x0c\x05\xd4\xd4\xbaW-\xea\xec\xe6\xcb\xd8\xd3\
\xc4\x01`\x86H\xfb\x8a\xf7A\x8cm\x00\xeau\xb7P\
e\xe0\x86\x00\xd1k\x19\x86\x92Z7zqC\xf7\xb6\
\xef\xe9n\xa9\x04\x1c\x00f\x90\xb4\xc5O\x04d\x0b\x80\
F\xdd-T\x192c\xe3\xe8K\x8e@8\x04P\x95\
3M\xe5\xd5D\xa3\xab\x1b\xb6m\xbbGwK\xa5\xe0\
\x000\xc3dM\xfc(x\xde\x16\x88z\xa7\xee\x16\xaa\
\x0c\xe3\x85\x22z\xfbR(\xf3\x0e\x01\xaaRV(\x94\
w\xa3\xee\x99\x8d\x9d\x9d\x0f\xebn\xa9$\x1c\x00f\x81\
\xb4\xb5\xd5\x01\xc5\x9f\x03\xf2A\xdd-T\x19\x8a\xa52\
z\xfb\x86Q(\xf2\x0e\x01\xaa.\xb6\x1d\x1aq\xe6\xbb\
'6n\xec|NwK\xa5\xe1\x000K$\x1e\xb7\
a\xc9\xf7\x01\xac\xd5\xddB\x95\xc1\xf3<\xf4\xf6\xa7\x90\
\x1b/\xe8N!\x9a\x13n\xd8~\xdeu\xc2',\xe8\
\xec\x1c\xd5\xddR\x898\x00\xcc\x22\x01\x14\xdaZ\xaf\x03\
\xf0\x15\xf0\xd7\x9af\x007\x04\xa8ZD\x1d\xfb\xd1\xe6\
\x1d;NV\x00O\xc7\x9a%\xfcP\x9a\x03\xd2\xder\
!D\xdd\x06\xc0\xd6\xddB\x95\x81\x1b\x02T\xa9\x14\x80\
h\xd4\xb9\xbd\xb9\xbb\x87\xa7\xfb\xcd2\x0e\x00sDV\
\xc5?\x04%?\x070_w\x0bU\x86Lv\x1c}\
\x03\xdc\x10\xa0\xcaa(%51\xe7\xeaE]\xdc\xf1\
\x9f\x0b\x1c\x00\xe6\x90\xb4\xc7\x8f\x85x[\x00\xf5f\xcd\
)T!\xc6\xf3\x05\xf4\xf6\xa7x\x87\x00\x05^\xc84\
\xca\x11'\x1co\xec\xee~@wK\xb5\xe0\x000\xc7\
$\x1eo\x82\x85\x07\x00y\xbf\xee\x16\xaa\x0c\xc5b\x19\
{\xfb\x87P,rM\x90\x82\xc9\xb6\xadt\x8dm\x9d\
\x5c\x9fH\xfcEwK5\xe1\x00\xa0\x81\x9cqF\x08\
\x8b\x17\xfe\x17\x80/\xe9n\xa1\xcaP.{\xd8\x97\xe4\
\x86\x00\x05O\xc4\xb5\x9f\xb2\xa3\xb1\xf75l\xda\x94\xd6\
\xddRm8\x00h$\xabZVC\xa9\xef\x01\x88\xe8\
n\xa1\xe0\x13\x11\xf4\x0f\x8e\x22\x9d\xc9\xe9N!:,\
\x05 \x12\x0d\xfflq\xf7\xf6\xb8\xee\x96j\xc5\x01@\
3i\x8b\xbf\x1b\x90\xfb\x01\x1c\xa5\xbb\x85*\xc3P*\
\x83\xa1TFw\x06\xd1\x1b2\x0d\xe5E\xa3\xce\xa5\x8d\
]\xdd\xb7\xean\xa9f\x1c\x00|@\xd6._\x80R\
\xe8.@>\xa2\xbb\x85*C&\x9bC\xdf\xc0(7\
\x04\xc8wl;4l\x85B\xa7,\xee\xe9\xd9\xad\xbb\
\xa5\xdaq\x00\xf0\x89\x03\x87\x06}\x11\xc0\xd7\x01\x18\xba\
{(\xf8r\xe3\x05\xec\xebO\xa1\xecqC\x80\xfc!\
\xe2\x86\xffP(\x97O9j\xe7\xceq\xdd-\xc4\x01\
\xc0w\xa4\xbd\xf5\x5c\x08~\x0c\x9e\x17@3\xa0X,\
ao_\x0a\xc5\x12\xef\x10 }\x0c\xa5$\x1au\xbf\
\xd9\x94H\x5c\xa9\xbb\x85\xfe\x1f\x07\x00\x1f\x92\xb6\x96\xb7\
C\x8c\xfb\xa1\xe4x\xdd-\x14|\xfb7\x04\x86\x91\x1b\
/\xeaN\xa1*dY\xa1|4\xe2\xc6\x1b:;7\
\xebn\xa1\xd7\xe2\x00\xe0S\x12\x8f\xc7\x10\x92\xff\x86\x02\
\x8f\xc3\xa4i\x13\x00\xfd\xc9\x11\xa4\xb3\xdc\x10\xa0\xb9\xe3\
\xba\xe1g\xe6\xd9\xf6)5\x9d\x9dI\xdd-\xf4\xcf8\
\x00\xf8\x9c\xb4\xb5\xae\x00p\x1b\x80\x05\xba[(\xf8\x06\
\x873\x18\x1e\xe1\x86\x00\xcd.C)\x89F\x9c\xef4\
uw_\xa6\xbb\x85\xde\x18\x07\x80\x00\x90x\xbc\x09\xb6\
\xdc\x0e\xc1\xd9\xba[(\xf8F39$\x07\xb9!@\
\xb3\xc3\xb2\xac\xd1\x88\x1b>g\xd1\xb6m\x0f\xe9n\xa1\
C\xe3\x00\x10\x10\xfb\xb7\x04\xe2\x97\x03r\x13\x80\xb0\xee\
\x1e\x0a\xb6\x5c\xae\x80\xde\xe40<\x8fC\x00\xcd\x9ch\
\xc4y8kYg\xbe\xbd\xb33\xaf\xbb\x85\x0e\x8f\x03\
@\xc0\xc8\x9a\xe5\xc7\xa3l\xde\x0d\xe0]\xba[(\xd8\
x\x87\x00\xcd\x14\xd34\x8b\x117|qS\x22\xf1\x03\
\xdd-4q\x1c\x00\x02H\xe2q\x17\x96\xdc\x08\xe02\
\xf0\xbf!MC\xb9\x5cFo_\x0a\xe3\x05n\x08\xd0\
\xd4\xb8\xae\xfd7;\xec\x9c\xb2h\xeb\xd6}\xba[h\
r\xf8\xe1\x11`\xd2\xd6\xf2\x11(u\x07\x04M\xba[\
(\xb8\xf6o\x08\xa4\x90\xce\xf2l\x16\x9a8\xd30\xbc\
H$|SS\xa2\xfb\x1a\xdd-45\x1c\x00\x02N\
V\xafhF\xd9\xb8\x15\x0a\xe7\xe9n\xa1`\xe3\x1d\x02\
4Q\xaec\xbf\xe4\xb8\xeeY\x0b\xb7l\xe1q\xbe\x01\
\xc6\x01\xa0BH[k\x1c\xc0\xff\x00X\xa8\xbb\x85\x82\
k43\x86\xe4`\x9a\x1b\x02\xf4\xba\x0c\xa5\xbch\xd4\
\xfdNS\x22q\xb9\xee\x16\x9a>\x0e\x00\x15D\xd6,\
_\x84\xb2\xf1\x0d@\xad\xd1\xddB\xc15\x96+`_\
2\x05\x8fw\x08\xd0A\xdc\xb0\xfdB\xd8P\xcb\x1a\xb6\
o\x7fZw\x0b\xcd\x0c\x0e\x00\x15H\xda\xe3\xad\x80\xdc\
\xc2w\x03h\xaa\x0a\x85\x12\xf6\xf6\x0f\xa3T\xe2\x86@\
\xb53M\xb3\xe4:\xa1\xaf5wo\xbf^w\x0b\xcd\
,\x0e\x00\x15J\xe2\xf1y\xb0\xe4z\x00\x97\x020u\
\xf7P\xf0\x94\xcb\x1e\xf6\xf6\x0d#\xcf\x0d\x81\xaa\xa4\x00\
D\x22\xf6.\xc3\x08}\xac)\x91\xe8\xd7\xddC3\x8f\
\x03@\x85\x93\xd5+\xde\x0b\xcf\xb8\x0d\xc0\x89\xba[(\
x<O\xd07\x90Bv\x8c\xe7\xbaT\x13\xdb\xb2\xc6\
\xa2\x8e\xfd\xb9\x85]]?\xd6\xddB\xb3\x87\x03@\x15\
\x90\xf5\xeb-d\x86\xae\x04\xf0\x15\x00\x11\xdd=\x14<\
\xdc\x10\xa8\x0e\x86\xa1$\x1aq66\x0e\x0e}R\xed\
\xda\xc5G?\x15\x8e\x03@\x15\x91\xb5\xf1%(y7\
\xf0%A\x9a\x8a\xd1t\x0e\xc9\xc1\x11p?\xa02E\
\x5c{O$\x1a^^\xb7\xa9\xf3\x8f\xba[hnp\
\x00\xa8B\xd2\xb6\xe2\x83\x10\xf3[Pr\xbc\xee\x16\x0a\
\x96\xb1\x5c\x1e\xfb\x92#\xdc\x10\xa8 \x96e\xe6\xa2\x8e\
seCW\xd7\xad\xba[hnq\x00\xa8Rr\xc6\
\x19!,n\xb8\x14\x90\xaf\x02\x98\xa7\xbb\x87\x82#_\
(\xa2\xb7?\xc5\x0d\x81\x803\x0d\xc3s\x1d\xfbgC\
uuk\x8e\xeb\xe8(\xe8\xee\xa1\xb9\xc7\x01\xa0\xca\xc9\
\xaaU\x8dP\x85\xeb\x01\xf5o\xe0\xb6\x00MP\xe9\xc0\
\x1d\x02\xdc\x10\x08\x1e\xa5\x14\x1c\xc7\xfa\xa3\x11v\x96/\
\xde\xbau\x8f\xee\x1e\xd2\x87\x03\x00\x01\x00dU\xcb1\
P\xeaz\x00q\xdd-\x14\x0c\x9e'\xe8K\xa6\x90\xcd\
qC (\x9c\xb05`;\xa1\xf6\xc6\xce\xee\x84\xee\
\x16\xd2\x8f\x03\x00\xbd\x86\xb4\xb5|\x18b|\x03JN\
\xd0\xddB\xc1\x90\x1cLc$\x9d\xd5\x9dA\x87`[\
\xd6\x98\xebZW/\xda\x96\xf8\x96\xee\x16\xf2\x0f\x0e\x00\
\xf4O$\x1e7\x11\x92\xb5P\xb8\x0e\xc0\x91\xba{\xc8\
\xffF\xd3cH\x0e\x8erC\xc0g\xac\x90Qr\xc2\
\xe1\x1f7\x16\x8b\xeb\xd5\xce\x9d%\xdd=\xe4/\x1c\x00\
\xe8\x0dI<n\xc3\xc2:(\xf9*\x8f\x15\xa6\xc3\xd9\
\xbf!\x90\x82\xe7q\x0c\xd0-d\x1a^4\x12\xde\x88\
\xda\xf9\x17.\xea\xe8\xe0\x01\x0e\xf4\xba8\x00\xd0a\xc9\
\x9a5Q\x94s\x9f\x07p\x15\x80\xf9\xba{\xc8\xbf\x0a\
\x85\x12\xf6\xf6\x0d\xa3T\xe6\x86\x80\x0e\xa6aH$\x12\
\xfeu\xccq?\x19\xdb\xb4\xa9Ow\x0f\xf9\x1b\x07\x00\
\x9a0\xb9\xe8\xbc\x1a\x8c\xdb\x97\x80\x83\x00\x1dB\xa9\x5c\
\xc6\xde\xbea\x14\x0a|\xe2<W\x0cCI\xd4\x0d?\
\xe28\xee\x9a\xf9\x9b7\xff]w\x0f\x05\x03\x07\x00\x9a\
\xb4\x83\x06\x81/\x01\xa8\xd3\xddC\xfe\xe3\xc9\x81\x0d\x01\
\xde!0\xabLCI\xc4\x0d?\x12\x8e\xc6V\xd7m\
\xdc\xf8\xbc\xee\x1e\x0a\x16\x0e\x004e\xb2\xee\x82\xf9(\
\x84\xae\x00p9\x80z\xdd=\xe4?\xc9\xa1Q\x8c\x8c\
\x8e\xe9\xce\xa88\xa6\xa1<\xd7\xb1\x7fe[\xf6\xda\x05\
\x9d\x9d/\xe9\xee\xa1`\xe2\x00@\xd3&\xeb\xd69(\
d>\x01\xe0\x1a\x00G\xeb\xee!\x7fI\x8df10\
\x9c\x01\x84/\x07N\x97i\x18^$b\xef\x889\x91\
\xd5\xfc\x19?M\x17\x07\x00\x9a1\xb2a\x83\x81\xa7\x1e\
?\x07\x86\xba\x0a\x82\x93u\xf7\x90\x7fd\xc6\xc6\xd17\
0\x02\xe1\x86\xc0\x94X!\xb3\x10\x89\x84\xefW\xe9\xec\
\xfa\x86\x87\x1fN\xeb\xee\xa1\xca\xc0\x01\x80f\x85\xac\x8a\
\x9f\x0a\x85\xff\x04\xe4<\x00\x86\xee\x1e\xd2o<_D\
o\xff0\xcae^$4Q\xb6m\x8d\xb8\x8eyK\
\xc3\xb6\x9e\xeb\x14\xc0_8\x9aQ\x1c\x00hVI[\
\xcb[\x00u\x05\x80O\x03\x88\xe8\xee!\xbdJ\xa52\
z\xfby\x87\xc0\xa1(\x00\xaek\xefq\xc3\xf6\xd5\xf5\
[\xb7\xdd\xa3\xbb\x87*\x17\x07\x00\x9a\x13\x12\x8f7 \
\x84\x8b\xa1\xe4R\x00\x8bt\xf7\x90>\x9e'\xd8\x97L\
a\x8cw\x08\xbc\xc6\x81\xdb\xf9\x1e\xb4\xc2\xe1\x8b\x17n\
\xd9\xb2[w\x0fU>\x0e\x004\xa7\xf6\x9f.(\xe7\
\x03j= g\x82\xbf\x07\xab\x92\x88 9\x98\xc6h\
\x86\x1b\x02N\xd8J;\x8eu\xafY\xf4\xbeP\xdf\xd3\
3\xa2\xbb\x87\xaa\x07\xbf\xf8\x926\xb2:~4<\xf9\
\x14\xf6\xffx`\x81\xee\x1e\x9a{\xd5\xba!`\x9a\x86\
\xb8a\xfb\x09\xcb2\xbe\xbc\xb03\xb1Qw\x0fU'\
\x0e\x00\xa4\xdd\xfe\xa3\x86\xc7\xe3\x10\xb9\x08\x0a\xa7\x82\xbf\
/\xabJf,\x8f\xbed\x0aR\xe9C\x80Rp\xec\
\xd0p\xd8\xb6\xef\xb6\xdc\xfc\xb5u\x1bw\xa6t'Q\
u\xe3\x17Z\xf2\x15Y\xb9\xf2\x08\x18\xa56\x00\x9f\x05\
p\x94\xee\x1e\x9a\x1b\xe3\xf9\x02z\xfbR({\x95\xf7\
\xa2{\xc84\xcbN\xd8\xfa]\xc8\x09]\xd3\xf0\x8bm\
;u\xf7\x10\xbd\x82\x03\x00\xf9\x92l\xd8`\xe0\xe9\xc7\
\x97\x01j\x0d\x80\x0b\x00Du7\xd1\xec*\x96\xca\xe8\
\xed\x1bF\xa1\x18\xfc;\x04\x0c\xa5$\xecX\x7f\xb7B\
\xe6\x1d\x8b\x8e<\xeaFu\xdbm\x5c{ \xdf\xe1\x00\
@\xbe'\xeb\xd69\xc8\xa7\x97A\xa95\x00\xce\x07`\
\xebn\xa2\xd9\xe1y\x1ez\xfbS\xc8\x8d\x17t\xa7L\
\x9a\x02\xe08\xd6\x80\x15\xb2\xee\x8f\x00_\xaeI$\xfa\
u7\x11\x1d\x0a\x07\x00\x0a\x14Y\xbb|\x01\x8af+\
\x14>\x01\xe0t\x00\xa6\xee&\x9aY\x22\x82\xfe\xc1Q\
\xa439\xdd)\x87\xa5\x94B8l\x0d\xd9!s\xb3\
mD7\xd4m\xe3\x85<\x14\x1c\x1c\x00(\xb0$\x1e\
\xaf\x87%\xe7\x02\x88\x038\x0b|2PQ\xfc\xba!\
\xa0\x94\x82\xe3XC\xb6a\xf6\x98\x86q\xfd\x82\xae\xae\
't7\x11M\x05\x07\x00\xaa\x08\xfbo&\xb4>\x0e\
\xe0|@\xce\x02P\xa3\xbb\x89\xa6/\x93=p\x87\x80\
\xe6!\xc04\x0c\xb1\xed\xd0\xcb\x96in1\x5c\xf7\xfa\
\x86M\x9b\xf6j\x0d\x22\x9a\x01\x1c\x00\xa8\xe2H<n\
\x22\x84\x0f@\xc9\xb9Pr\x1eD\xbdSw\x13M]\
n\xbc\x80}\xc9\xd4\x9c\xdf!`\x85\xacB\xd86\xff\
jY\xe6}\x0bb\xb57\xab\x8e\x0e\xff\xffL\x82h\
\x128\x00P\xc5\x93U-\xc7\xc0PgC\xd42@\
N\x077\x0a\x02\xa7X*\xa1\xb7/5\xab\x1b\x02\x86\
R\x12\x0e[I\xdb4wZ\xa6\xf9\xdd\xbam\x5c\xd9\
\xa3\xca\xc6\x01\x80\xaa\x8a\xc4\xe36\xc2r2\xca8\x0b\
\x0a\xcb\x00\xbc\x07|\x910\x10\xcae\x0f\xfb\x923\xb7\
!\xa0\x94\x82m\x99\x19\xcb\x0a\xfd\xc92\xcc{\x17\xd4\
\xd6\xfe\x90\xdf\xe5S5\xe1\x00@UM\xe2\xf1\x18,\
\xef\xfd\x80:\x15P\xa7\x00r\x1a\xf82\xa1o\x89\x08\
\xfa\x07F\x90\xce\x8eO\xfa\x9fUJ\xc12\x8d1;\
l\xed6Cf\x8f\xa5\xcc\xef\xd6m\xdd\xbag\x162\
\x89\x02\x81\x03\x00\xd1A$\x1e\x8f\xc1\x96\x93!8\x15\
\xc0I\x07\xfe\x98\xa79\x8b\xfe\xc1P*\x83\xa1T\xe6\
\x90\x7f\x8fi(\xb1,k\xc0\x0a\x99\x8f[!cs\
(V{\xe7\xbc\x8e\x8e\xa19J$\xf2=\x0e\x00D\
\x87 \x1b6\x18x\xe6\x89c\xe0\xc9IP\xf2~\x88\
q\x12\x94\x1c\x0b\xc0\xd2\xddV\xed2\xd9\x1c\xfa\x06F\
!\x220\x94\x82e\x87\xb2\x96i\xfe\xddT\xea\xb7*\
\x14\xda\xb4\xb0\xb3s\x8b\x02*\xefla\xa2\x19\xc2\x01\
\x80h\x92d\xfdz\x0b\xe9\xc1w@\xa9\x13\x01\x9c\x08\
\xa8\x13\x019\x01@Lw[\x95\xc8\x00x\x0a\x90'\
\xd3\xd9\xfc\xber\xbe\xf4D\xc9\xb6\xefo\xd8\xb4)\xad\
;\x8c(H8\x00\x10\xcd\x10Y\xb9r1\x8c\xe2\xb1\
\x80q\x1c\xe0\x1d\xf8\xb3\xfc\x0bx&\xc1T\xe5\x01<\
\x07\xe0\x09\x00O\x02x\x02\x22O\xe2\xe8w\xedV\x1b\
6\xf0;{\xa2i\xe2\x00@4\x8b\x04PX\xb9r\
)\x8c\xc2\xdb \xc6[\xa1\xf06@\xbd\x0d\x90\xb7\x02\
x+8\x1c\x8c\x02\xf8\x1b\x04\xcf\xc2\x90g\xe1\xa9\xe7\
`\xe2Y\x88\xf7,\xee\xba\xffe\x05\xf8\xeb\x18@\xa2\
\x0a\xc2\x01\x80H#ik\xab\x83*.\x05\xe4H\x88\
:\x02\x90\xa5\x80\x1c\x01\xa8\xc5\x10\xd5\x08%\x0d\x00\x1a\
\x00\x18\xba['\xc9\x03\x90\x84\xa8$\x94\xf4\x01\xb2\x17\
P/B\xc9\x8b\x80z\x09P{`\x15_Twl\
L\xe9\x0e%\xaaV\x1c\x00\x88|N\xe2q\x13@\x03\
l4\xc0C\x03\x0c\xd4\xc3\x93\xf9P\x98\x0f%\xf3!\
j>\x80\xf9\x10D\xa0T\x0d \x0e\x00\x17\xfb\x0f<\
\xb2\xb1\x7f\x8b\xe1\xe0\x01\xe2\x95\xbf~\xb0\x1c\x80\x83w\
\xeb<\x00#\x00\x0a\x00\xb2\x10\x8cA\xa9<D\xd2P\
\x18\x03\x90\x82\x92\x14D\xa5\x005\x0c\xf1R\x801\x0c\
\x03I\x14\x90\xc4q\xc7\xf5\xf31=\x91\xbf\xfd\x1f\x11\
\x8a\xf2\x8a\xf3\x1e\x99\x99\x00\x00\x00\x00IEND\xae\
B`\x82\
\x00\x00Y?\
\x89\
PNG\x0d\x0a\x1a\x0a\x00\x00\x00\x0dIHDR\x00\
\x00\x02\x00\x00\x00\x02\x00\x08\x06\x00\x00\x00\xf4x\xd4\xfa\
\x00\x00\x00\x09pHYs\x00\x00\x0e\xc3\x00\x00\x0e\xc3\
\x01\xc7o\xa8d\x00\x00\x00\x19tEXtSof\
tware\x00www.inksca\
pe.org\x9b\xee<\x1a\x00\x00 \x00ID\
ATx\x9c\xec\xddy\x98\x14\xd5\xb9?\xf0\xef\xa9\xea\
\xee\xd9a\x80\x01\x14Y\x05E\xc1\x1d7\x04\x14\xa3F\
so\xa2Q\xa3\xf7\xe6&\x1a\x13o4j\x8c\x1a\xe3\
\x92\xfc\xb2\x8c&\xee\x0b\xca\xa21\x89\x9ahnr\xd5\
\x18\x8d\xb9\x891&\x06\xd7\xb8\xc7\x0d\x14E\x04D`\
\x80a\xb6\xdeky\x7f\x7f\x0c0\x0ct\xcf\xf4R\xd5\
\xa7\xba\xfb\xfby\x9e\xfb\x5c\x99yO\x9dW\xd3t}\
\xfbtU\x1d\x05\x22\x0a\xb4\x19wI\xd8\xed\xdc4\x12\
\xe2\x8et\xc5\x19\x0dW5+C\x9a\x052\x0c\xa2\x9a\
!hV\x0aC\x01\xd5\xe0B\xea!\xaa\x01\x90\x88\x82\
\x1a*\x90\x10\x80\xa1\x80lwD\xd5\x08H\x18\x00d\
\xdb\x8f\x95\x05H\xb4\xafF\x00H'\xa0\x1c(t\xc1\
E\x1a\x0a1\x08\xe2\x80\xc4\x04\xaa\x13@\xa7(\xd5i\
\xb8\xd2\x09\x03\x1d\xe28\x9d\xa2\xcc\x0d\xb6\xebn\xdc\x15\
\xe36,nUvi\xfe\x0b\x11Q!\x94\xee\x06\x88\
\xaa\xd9\x81\xd7\xae\x1b\xe9*s\xac(w\xac\x12\x99`\
\x00c\x05j, \xbb\x89`\x14\x80\x91[\xfe/\x03\
\xd9\xf9';\xff(k\xadw\xf5Y\x0f\xb2Q\x01\x1b\
\x5c\xc1F\x01\xd6(\xc1'PX\x03qWA\xcc\x8f\
-\x18k\xdeo\x1d\xb3)\xdb`\x22\xf2\x17\x03\x00\x91\
\x8fN{P\xcce\xab\xda\xc6\x9b\xb6\x9a\x0c`\x8a\x0b\
w\x8aRj2\x04S\x00L\x06P\xd7W\xdd\xffD\
\x9a\xfd\xe4\x9c\xb9~\xe01Z\x02@\x961\xfd~\x90\
\x00\xb0\x5c\x01\x1f\xba\xc0r(Y.\x0e>\x14\xb8\xcb\
\xdf\xc3\xc4\xd5hU\xee\x80\x07'\xa2\x821\x00\x10y\
\xe4\xc0\x1b6\x8e\x81\xebN\x13%\xd3\xa1\xd44\x05\x99\
\x0e\xc1\x01\x00\x1a\x80\xfcO\xe8U\x12\x00\x06\xaaO\x03\
X\x0e\xc8\x12\x00K\x01,\x81\xc2\xd2\xa5{\x8d\x7f\x0f\
\xa7+g\xc0\x83\x10\xd1\xa0\x18\x00\x88\xf24\xe3.\x09\
\xdb\x1d\xeb\xf74`\xcc\x80\xc8\x0c\x18j\x06\x04\x07\x02\
\xa8\xef_Y\xdc\x09\x9d\x01 k\xbd\x05\xe0\x03\x05\xbc\
\xe6\x02\xaf\x19\x82\xd7j\x11~\xfd\xb5\xd61\xf1\x01\x0f\
LD\xfd0\x00\x10\x0d\xe0\xb4\x07\xc5\xfchU\xdb\xde\
\x8ek\x1cf\x003\x05r(\x80\xbdE\x10\x1a|4\
\x03@\xe61\xde\xd6o\x19c\x03\xb2\x14\xc0\xcbPx\
\x11b\xbc\xf4.\xc6-\xe5W\x08D\xd91\x00\x10m\
\xe7\xb0\xf9\xedC\x9c\xa43\xdbu1\x0b\x86\x1c\x0eQ\
\x87\x00h\xea\xab\xe8=\x19\x0d~r\xee\xab\xdd\xf6'\
\x06\x00_\xea\xfb\x8f\xe9W\xdb\x0d\xe0\x15\x00/*\x85\
\xe7\x9d\xda\xe4s\xcb\xae\xd8\xabg\xd0\x83\x11U\x09\x06\
\x00\xaaj\xb3n\xd8\xd8\x946\xdc\xc3\x5cW\x1d\xeb\x02\
\xb3\x15p(\x80p\xf6\x11\x0c\x00\xb9\xd6f\x1fS\xb2\
\x00\xb0#\x07\xc02\x05y\xceq\x8d\xbf\x89\x11\xfe\x07\
\xefB\xa0j\xc6\x00@Ue\xe6\xad\x1f\xd7YV\xfd\
l\x18\xeeq\x228\x0e\x90\xfd\x01\xa8\xdcN\xe8\x00\x03\
@\xee\xb5\xd9\xc7h\x0b\x00;\xd6\xbbP\xf2\xa6\x08\x9e\
4\x94\xfbd\x02\xc6s+['%s:\x00Q\x05\
`\x00\xa0\x8aw\xd0Mm\xfb\x19b\x9e p\x8f\x05\
\xd4ld\xb8\xf5\x8e\x01\xa0\x98\xfa\xb2\x0d\x00\xfd\xeb\x15\
\x12\x10<\x0b%O\xc2\x91'\xde\xfb\xf1\xe4\xb7s:\
\x18Q\x99b\x00\xa0\x8a3\xb7\xf5\xa3\xdaXC\xd3l\
\x17\xee\xb1p\xd5\xc9P\xd83{5\x03@\xf1\xf5\x15\
\x12\x00v\xa4\xb0\x0a\x82' \xf2\x7fIC=\xc9\xd5\
\x01\xaa4\x0c\x00T\x11\x0e\xbd\xb6{\x84\x84\xad\x13E\
\xdc\x13\x058\x0e[\xee\xbd\x1f\x1c\x03@\xf1\xf5\x15\x1a\
\x00\xb6\xa7\x10\x83\x8b\xbfB\xf0\x98i\x86\x1e[\xd2:\
nsn\x03\x89\x82\x8b\x01\x80\xca\xd6\x8c\x9b\xbb[\x94\
\x9b\xfe7e\xe04\x11\x1c\x0f \x0cH\x1e's\x80\
\x01\xc0\x8b\xfa*\x08\x00\xdb\xc6\x08\xd0{1\xe1\x8b\x80\
z\xc8\xb0\xd5\x83\xef^;q]\xce\x07!\x0a\x10\x06\
\x00*+\x87\xdd\xd66\xdaN\x9b\xa7\x1bJ\x9d&\x90\
Y\x00\x8c\xfe\x15\x0c\x00\xb9\xd6zW_u\x01`{\
\x8e\x02\x9ew\x81\x07]\xcbyp\xf9u{l\xcc\xf9\
\x80D\x9a1\x00P\xe0\xcd\xbc\xf5\xe3\xba\xb4]\xffY\
\xc3\x903\xfb>\xe9g\xc3\x00\x90k\xadw\xf5U\x1d\
\x00\xb6\xe7\x00xQ\x89\xbaOR\xa9\xdf.\xbb\x91\xcf\
\x1c\xa0`c\x00\xa0@\x9a\xdb*\xa1xS\xc7\x09\x22\
r\x86\x88|\x0e\xfd\xae\xdc\x1f\x08\x03@\xae\xb5\xde\xd5\
3\x00d\x10\x17\x91\xc7D\xe1\xd7\x1f\xbc\xbb\xfb_\xf0\
\x10\xf7.\xa0\xe0a\x00\xa0@9\xf8\x86\x8dS\x0d\xc3\
\xf8\x22\x14\xce\x12`\x02\x00H^gt\x06\x80\x5ck\
\xbd\xabg\x00\xc8\x5c\xbf\xadv\x9d\x82z\x08&\xee^\
\xd6\xba\xfb[9\x1f\x80\xc8g\x0c\x00\xa4]\xef\xd3\xf8\
\x8c\xff\x84\xc2W\x01\xcc\xdc\xf1\xf7\x0c\x00\xb9\xd5\x0f<\
\x86\x01\xa0\x98\xfa\xbe1\x05\x05\x80\xed=\xaf\x94\xba7\
d$\x1eX\xd2:=\x9a\xf3\xc1\x88|\xc0\x00@\xda\
\xcc\xb8y\xd3^\x86\xc2Y\x10u\x0e\x80a\xd9\xea\x18\
\x00r\xab\x1fx\x0c\x03@1\xf5}c\x8a\x0e\x00[\
\xf5\x00\xea\xb7\x00\xeex\xff\xc7\xbb\xbf\x99\xf3A\x89<\
\xc4\x00@%5\xbdU\x22\x0dM\x9bO\x12\xc19\x00\
\x8eA\x0e\xafA\x06\x80\xdc\xea\x07\x1e\xc3\x00PL}\
\xdf\x18\xcf\x02\xc0\xf6^\x03\xe4g\xf1h\xcd\xfdk\xe6\
\x8dK\xe4<\x01Q\x91\x18\x00\xa8$f\xdd\xb0q\x8c\
\x152\xcf\x17\x17\xe7@\xc9\xc8|\xc62\x00\xe4V?\
\xf0\x18\x06\x80b\xea\xfb\xc6\xf8\x12\x00\xb6\x8e\xd8 \xc0\
\xcfBN\xe8\x0e>[\x80J\x81\x01\x80|u\xf8\xbc\
\xce\x83\x1cq\xcfU\x823\x01\xd4\xe6\xfb&\x0a0\x00\
\xe4Z?\xf0\x18\x06\x80b\xea\xfb\xc6\xf8\x1a\x00\xb6\xf6\
\x95VJ\xfd\xc1\x85;o\xf9\x8f\xf7\xf8g\x9e\x07!\
\xca\x19\x03\x00y\xafU\x8c\xc3\x1a7\x9f\x22J]\x02\
\xe0\x88\xed\x7f\xc5\x00\xe0_\xfd\xc0c\x18\x00\x8a\xa9\xef\
\x1bS\x92\x00\xb0\xbd\xe7\x005\xef\x83\xd0\xee\x8f\xa2U\
\xb9y\x1e\x90h@\x0c\x00\xe4\x99\xde\xef\xf7;\xffS\
A\xbe+\xc0^\x99j\x18\x00\xfc\xab\x1fx\x0c\x03@\
1\xf5}cJ\x1e\x00\xb6\xfej\x05\x94\x9ao\x85\x8c\
\xbb\xb8)\x11y\x85\x01\x80\x8a6\xeb\x86\x8dM\xb6\x19\
\xfa\x9a\x18\xf2\x1d\x08\xc6\x0eT\xcb\x00\xe0_\xfd\xc0c\
\x18\x00\x8a\xa9\xef\x1b\xa3)\x00\xf4iS\x90\x9f\xa6C\
\xa1\xdbV\xb6N\xea\xccs\x02\xa2~\x18\x00\xa8`3\
o\xed\x1a\xee\xba\xee%\xa2\xe4B\x00Cs\x19\xc3\x00\
\xe0_\xfd\xc0c\x18\x00\x8a\xa9\xef\x1b\xa3=\x00l\xd5\
\xa9\x94\xccOZ\x91\xdbV_?\xa1#\xcf\x89\x88\x00\
0\x00P\x01\x0e]\xd8=\xc2H9\x17\x8a\xc2E\x22\
h\xf6\xf3M\xb4w\x0c\x03@.\xf5\x03\x8fa\x00(\
\xa6\xbeoL`\x02\xc0\xd6\xfa(\x14\x16\xd5\x84\xd27\
.i\x9d\xce-\x8a)/\x0c\x00\x94\xb3\xedN\xfc\x17\
c\xcb'\xfe\xfc\xdf\x14\xf3\xab\xef\x1d\xc3\x00\x90K\xfd\
\xc0c\x18\x00\x8a\xa9\xef\x1b\x13\xb8\x00\xb0UT\xa0\xee\
q\xc5\xb8\xf6\xa3kwo\xcbsb\xaaR\x0c\x004\
\xa8\xb9\x8b64&\x93\x91\x0bD\xc9w\xb1\xc3R?\
\x03\xc0\xe0\xb5\xdb\xfe\xc4\x00\xe0K}\xff1U\x1b\x00\
\xb6\x8aBa\x91k\x19\xd7\xad\xb8arW\x9e\x0dP\
\x95a\x00\xa0\xac\xa6\xb7J\xa4qh\xd7Y\x10\xb9\x1a\
\xc0\xe8L5\x0c\x00\x83\xd7n\xfb\x13\x03\x80/\xf5\xfd\
\xc7T}\x00\xd8\xaa\x1d\x82\x9b\xecH\xe8v\xde5@\
\xd90\x00\xd0N\xe6\xb6J(>\xa4\xeb+\x0a\xf2#\
\x00\xe3\x06\xaae\x00\x18\xbcv\xdb\x9f\x18\x00|\xa9\xef\
?\x86\x01\xa0\x1f\x85\xd5\x0a\xd2\xfa\xc1\xb2=\xee\xe3\x96\
\xc4\xb4#\x06\x00\xea\xe7\xf0y\x9d\xc7\x8a\xe0\x16@\xf6\
\xcb\xa5\x9e\x01`\xf0\xdam\x7fb\x00\xf0\xa5\xbe\xff\x18\
\x06\x80,\xb5\xef\x892.\xf9\xf0'S\xfe\x92gS\
T\xc1\x18\x00\x08\x00p\xd8\xfc\x9ei\xb0\xed\x1b\x01\xf5\
\xef\xbd?\xc9\xe7\x8d\x94\x01`\xa0\xdam\x7fb\x00\xf0\
\xa5\xbe\xff\x18\x06\x80l\xb5[\xfc\x1f\x94\xbax\xf9O\
\xf6\xf80\x9f\x99\xa821\x00T\xb9Y\x0b6\x8e\xb1\
\xed\xf0\x8f\x15p\x96\x08\x8c\xbe\xdf0\x00\x14_\xcf\x00\
\x90y\x0c\x03@\x96\x11\xa5\x08\x00\x10AJ\x01\xb7\x99\
\xb6{\xcd\xb2\x1b\xf7\xea\xc9gF\xaa,\x0c\x00Uj\
\xc6]\x12\x0e\xc5:\xcfWJ]\x0d`\x08\xb0\xe3\x1b\
/\x03@\xf1\xf5\x0c\x00\x99\xc70\x00d\x19Q\xaa\x00\
\xb0\xd5&\x01~\xb2\xe2\x83=\x16\xf2\xfa\x80\xea\xc4\x00\
P\x85f\xde\xdey\x8c82\x1fJM\xdb\xfe\xe7\x0c\
\x00^\xd73\x00d\x1e\xc3\x00\x90eD\xa9\x03\xc0V\
\xaf\x1b\x0a\x97|p\xcd\x9e\xcf\xe43;\x95?\x06\x80\
*r\xc8-\xed\xe3B\x86q\x8d@\x9d\x91\xe9\xf7\x0c\
\x00^\xd73\x00d\x1e\xc3\x00\x90e\x84\xae\x00\x00\x00\
P\x0a\xffg*\xf7[\xcb~\xb2\xd7G\xf9tA\xe5\
\x8b\x01\xa0\x0a\xccm\x95PbH\xd7w\x94\xc2\x0f\x01\
\xd4e\xabc\x00\xf0\xba\x9e\x01 \xf3\x18\x06\x80,#\
\xb4\x06\x80-\xe2\x00Z\xc7E>\x99\xb7\xb8\xf5h;\
\x9fn\xa8\xfc0\x00T\xb8Co\xe9\xd8\xdf4\x8c_\
\x08\xe4\xe0\xc1j\x19\x00\xbc\xaeg\x00\xc8<\x86\x01 \
\xcb\x88 \x04\x00\x00\x80R\xf2\xa6\xeb\xe0\xeb+\xae\x9f\
\xfaJ>\x1dQya\x00\xa8P3o\x95:Q\xdd\
W\x00\xf8\x1e\x80p~o\xa2\x00\x03\x80\x17\xf5\x0c\x00\
\x99\xc70\x00d\x19\x11\x98\x00\xb0\xa5\xde\x86\xc8\x1dQ\
+\xf5\xbd\xb6\x9b\xf7\x8f\xe5\xd3\x19\x95\x07\x06\x80\x0at\
\xc4m=G\x0a\xdc\x9f\x89`j\xdfO\x19\x00\xb2\xd5\
\xf7\xce\xe1G=\x03@\xe61\x0c\x00YF\x04-\x00\
\x00\x00\x5c\xc1\x0a%\xea\xdc\x15\xd7\xef\xf9\xb7|\xba\xa3\
\xe0c\x00\xa8 s\xe7u4\xa7`\xde\x00%_\x07\
\xa0\xf2=\xa13\x00x]\xcf\x00\x90y\x0c\x03@\x96\
\x11\x81\x0c\x00[\xeaE\x01\xbf\x0e\xc3\xbd\xe4\xbd\xeb\xf6\
n\xcf\xb9E\x0a4c\xf0\x12*\x07\x87\xdf\xda\xfd\xb9\
\x94R\xef@\xc99`\xb0#\x22o)\x01\xceH\xc3\
X2\xf9{\xcb\xce\xd4\xdd\x0cy\x83'\x8a27k\
Al\x8c8\xf6\x9d\x02\x9c\xb8\xe3\xef\xb8\x02\x90[}\
\xef\x1c~\xd4s\x05 \xf3\x18\xae\x00d\x19\x11\xe4\x15\
\x80\x1d=\xea(\xe7\xfcU\xd7N[\x97k\x07\x14<\
\x5c\x01(c3\xe7u\x7f^\x1c\xfb\xcdL'\x7f\x22\
\x22\x1f}\xde\x84\xf9\xd6\x94+\xde;Iw#T8\
\xae\x00\x94\xa1\x99\xb7J\x9d\x18\xd1\xeb\x15\xdco\x0dT\
\xc7\x15\x80\xdc\xea{\xe7\xf0\xa3\x9e+\x00\x99\xc7p\x05\
 \xcb\x88rZ\x01\xd8FA\xee\xaf\xadq\xce_\xd2\
:=\x9ak7\x14\x0c\x0c\x00ef\xd6\xad\x9d\x07\xbb\
\x86\xf1k\x00S\xf3{#e\x00\xc8V\xdf;\x87\x1f\
\xf5\x0c\x00\x99\xc70\x00d\x19Q\x96\x01\x00\x10@\xb0\
LA\xbe\xf4\xe1\xf5{\xbf\x96kG\xa4\x1f\xbf\x02(\
\x17\x22j\xe6\xed]\x17\xb9\x86\xf1<\xb0\xfd\xed}D\
D\x9a)L\x15\xa5^\xdc\xfd{\xef\xb6\xe241u\
\xb7C\xb9\xe1\x0a@\x198\xf2\x96\xf88\xcb\xb4\xef\x03\
0\xb7\xffo\xb8\x02\x90\xa1\x9a+\x009\xd6zW\xcf\
\x15\x80\xcc\xf5U\xb4\x02\xd0\xdf?\x0c\xc7<s\xf9\x8d\
{\xac\xc9\xad7\xd2\x85+\x00\x01w\xc4m=\xa7\xda\
!\xfb\x0d\xect\xf2'\x22\x0a\xa4\xa3\x1d\xc3yg\xf7\
+\xde\xfd/\xdd\x8d\xd0\xc0\xb8\x02\x10P\xb3n\xd8\xd8\
\xe4\xd6\xd6,P\xc0W\x00/>yq\x05 [}\
\xef\x1c~\xd4s\x05 \xf3\x18\xae\x00d\x19Q)+\
\x00\xdb\xc6\x08pOC\xads\x11/\x10\x0c&\x06\x80\
\x00\x9a\xbd\xb0{O\xd7\xc5\xef!\x98\xbe\xf5g\x0c\x00\
9W3\x00\xe4X\xeb]=\x03@\xe6z\x06\x80-\
\x969\xca<e\xf5u{,\xcdef*\x1d~\x05\
\x100\xb3n\xeb>\xd1u\xf0\xf2\xf6'\x7f\x22\xa22\
6\xd5\x14\xe7\xc5I\xdf}\xef\x0b\xba\x1b\xa1\xfe\xb8\x02\
\x10\x10\xa7=(\xe6'\xeb\xba\x7f\x00\xa8\x1f\x22\xc3\xff\
.\x5c\x01\xc8\xb9\x9a+\x009\xd6zW\xcf\x15\x80\xcc\
\xf5\x5c\x01\xd8\xf1\xc7\x0a\xb8q\xc5\x87S\xff\x1f\x1eR\
N.]\x90\xbf\x18\x00\x02\xe0\xd0\x85\xdd#B\x8e\xfa\
- \xc7e\xaba\x00\xc8\xb9\x9a\x01 \xc7Z\xef\xea\
\x19\x002\xd73\x00d\xa9_l\xd8\xe1\xff\xf8\xf0\xe6\
)\x1br\xe9\x84\xfc\xc3\xaf\x004\x9b9?v`\xc8\
1^\x05\x90\xf5\xe4ODTA\xe6\xba!\xfb\xd5I\
\x97/;Tw#\xd5\x8e\x01@\xa3\x99\xb7E\xcfT\
\xe2>\x0f\xc8D\xdd\xbd\x10\x11\x95\x8e\x8c\x83\xe1>3\
\xe9\xca\xa5\xff\xad\xbb\x93j\xc6\xaf\x004\xf8\xcc|\xa9\
\xe9r\xa37Ba\x87g\xf9g_7\xe3W\x009\
W\xf3+\x80\x1ck\xbd\xab\xe7W\x00\x99\xeb\xf9\x15@\
n\xf5\xea~+\xd5p\xee\x9ay\xe3\x12\xb9tF\xde\
a\x00(\xb19\xf3b\xbb\x8a)\x8f\xba\x22\x19\x96\xbf\
\x18\x002\x8fa\x00\xc8\xa5~\xe01\x0c\x00\xc5\xd4\xf7\
\x8da\x00\x18\xa86\xb71\x19\xeb_\x84\xeb\x9e\xbc\xf2\
\xa6\xe9\xebs\xe9\x8e\xbc\xc1\xaf\x00Jh\xd6\xc2\x9e\xe9\
\xae\xe9\xfcS\x90\xe9\xe4ODT\xb5\x0e\x87a\xbc:\
\xe9\x8ae\xfb\xebn\xa4\x9a0\x00\x94\xc8\x9c\xdb\xa3\xc7\
\xc0\xc5s\x80\x9a\xa0\xbb\x17\x22\xa2\x00\xdaM\xe0>;\
\xf1\xca\xf7N\xd0\xddH\xb5`\x00(\x81#\xe6w\x9f\
\xe5*y\x1c@\xb3\xee^\x88\x88\x02\xacID\xfe8\
\xe9\xcaw\xcf\xd1\xddH5`\x00\xf0\x93\x88\x9a}{\
O\xab\x82\xba\x17@Xw;DDA\xa7\x80\x90\x08\
\xee\x9ax\xe5\xbb\xb7\x03\xc2\xeb\xd4|\xc4\xff\xb8>\x99\
\xde*\x91\xe6a=wC\xa9/g\xfa}\xbe\x17S\
\xf1\x22\xc0\x9c\xaby\x11`\x8e\xb5\xde\xd5\xf3\x22\xc0\xcc\
\xf5\xbc\x08\xb0\xf8zy\x10uu_Y\xd9:)9\
X\x17\x94?\xae\x00\xf8`\xf6\x1d\x9d\xc3\x9a\x87\xc7\x9e\
\xc8v\xf2'\x22\xa2\x5c\xa8\xd3U<\xfe\xb7=/]\
\xd6\xa2\xbb\x93J\xc4\x00\xe0\xb1#\x17$&\x89\x1dz\
\x01\xc0\x5c\xdd\xbd\x10\x11\x95;QjV*\xe4\xfcs\
\xf7\xcb\x96\xee\xa1\xbb\x97J\xc3\x00\xe0\xa1#n\x8b\x1d\
\xe2\x88\xf3\x22\x80\xbdt\xf7BDT)\x140\xc55\
\xf0\xec\x84\xcb\x96\x1e\xa4\xbb\x97J\xc2\x00\xe0\x919\xf3\
{\x8eR\x86\xfc\x0d\xc0(\xdd\xbd\x10\x11U\xa0\xd1\xca\
\xc0S\xe3\xbf\xfb\xde,\xdd\x8dT\x0a\x06\x00\x0f\xcc\x9e\
\x1f\xfb\x9c\x0b\xf58\x80!\xba{!\x22\xaa`C\x0d\
\xd7\xfd\xeb\xa4\xcb\x97r\xf34\x0f0\x00\x14i\xd6\xfc\
\xe8\x97\x04\xf20\x80:\xdd\xbd\x10\x11U\x81zQ\xf8\
\xe3\x84\xef,=Yw#\xe5\x8e\x01\xa0\x08\xb3\x17D\
/R\x0a\xf7\x83\xf7\xf8\x13\x11\x95R\x0d\x0c<0\xfe\
\x8a%\xa7\xebn\xa4\x9c1\x00\x14h\xd6\x82\xe8w\x00\
\xdc\x06>K\x81\x88H\x87\xb0\x12\xf5\x9b\x09\x97-\xf9\
\x9a\xeeF\xca\x15\x03@\x01f/\x8c^\xa1\x80\x9bt\
\xf7ADT\xe5L(\xf5\x8b\x89\x97/\xbdXw#\
\xe5\x88\x01 O\xb3\x17F\xaf\x80\xe0z\xdd}\x10\x11\
\x11\x00@\x090o\xfce\xef\xfePw#\xe5\x86\x01\
 \x0fs\x16\xc4\xae\xe6\xc9\x9f\x88(x\x94\x92\xab&\
^\xbe\x94\xef\xcfy`\x00\xc8\xd1\xec\x05\xb1\x9f\x08\xf0\
\x03\xdd}\x10\x11Qf\x02\xb9b\xe2\x15K\xae\xd2\xdd\
G\xb9`\x00\xc8\xc1\xac\xf9\xb1\xab\x00\xfc?\xdd}\x10\
\x11\xd1\xc0D\xf0\xc3\x89W,\xb9Rw\x1f\xe5\x80\x01\
`\x10\xb3\x16D\xbf\xa3\x14\xf8\xdd\x12\x11Q\x99\x10\xc1\
u\x13\xaeX\xf2m\xdd}\x04\x1d\x03\xc0\x00f/\x8c\
\x7f[A\xf1j\x7f\x22\xa2r#\xb8y\xfc\x15\xef|\
]w\x1bA\xc6\x00\x90\xc5\xec\x05\xf1\x8b r\x8b\xee\
>\x88\x88\xa8 J\x89\xba\x93\x0f\x0b\xca\x8e\x01 \x83\
9\x0b\xa2_\x06\xe4V\xdd}\x10\x11QQL%\xf8\
\xf5\xf8+\xde\xf9\x9c\xeeF\x82\x88\x01`\x07G.\x88\
\x9d(P\xf7\x82\xffm\x88\x88*AX\x89\xfa\xdd\xd8\
\xcb\x96\x9c\xa0\xbb\x91\xa0\xe1In;G-\xea9Z\
\x14\x1e\x00\x10\xd2\xdd\x0b\x11\x11y&b\x00\x0f\x8f\xbb\
t\xe9\x91\xba\x1b\x09\x12\x06\x80-\x8eZ\x14;\xc4\x15\
\xf3\x0f\x00ju\xf7BDD\x9e\xabW\x86<6\xe1\
\xb2\xa5\x07\xe9n$(\x18\x00\x00\x1c\xb9 1\xc9\x11\
\xfc\x11\x90&\xdd\xbd\x10\x11\x91o\x86\x0a\xe4\x89\xb1W\
.\x99\xa2\xbb\x91 \xa8\xfa\x000\xf3\xd6\xae\xe1\xa2\xe4\
q\x05\x8c\xd6\xdd\x0b\x11\x11\xf9\xae\xc5p\xf0\xd8\xf8+\
\xdf\x1a\xa6\xbb\x11\xdd\xaa:\x00\xcc\xb8K\xc2\xa1H\xf8\
A@\xa6\xea\xee\x85\x88\x88Jfo\xb8\xe6\xa3S.\
\xfc\xa0Fw#:Uo\x00\x10Q\xf5V\xe2n@\
\x8e\xd1\xdd\x0a\x11\x11\x95\x98\xe0H\xab.\xf5K@\x94\
\xeeVt\xa9\xda\x000{Q\xfcj\x00g\xe8\xee\x83\
\x88\x88\xf4\x10\xc1\x7f\x8e\xbf\xfc\x9d\x1f\xe9\xeeC\x97\xaa\
\x0c\x00\xb3\x17$\xbe\xaa\xa0\xbe\xaf\xbb\x0f\x22\x22\xd2L\
\xd4\x0f\xc7_\xfe\xceWt\xb7\xa1C\xd5\x05\x80\xd9\x0b\
\x12s\x95\x92\x9f\xea\xee\x83\x88\x88\x02AA\xf0\xf3\xf1\
\xdfYz\xac\xeeFJ\xad\xaa\x02\xc0\x9c\xf9\xa9iJ\
\xc9#\x00\x22\xba{!\x22\xa2\xc0\x08C\xb9\x0f\x8f\xbd\
\xe2\xad}u7RJU\x13\x00\xe6\xdc\x15\xdb\x15\x86\
\xf3g\x00\xcd\xba{!\x22\xa2\xc0\x19b\xb8\xc6c\x13\
/[\xb2\x8b\xeeFJ\xa5*\x02\xc0g\xe6K\x0d,\
\xf5(\x80\x09\xba{!\x22\xa2\xc0\x9a\xe8\xc0}dz\
\xeb\x92\xaaX%\xae\x8ag\xdeG\x8d\xe4B\x00\x87\xea\
\xee\x83(\x1f\x86\x02>\xb7o\x1dN\xde\xbf\x0eSG\
\x87Q\x17.\x8f\xbb\x95\x12\x96\xe0\xfd6\x0b\x0f\xbf\x11\
\xc3\x1f\xde\x8c\xc1\x11\xdd\x1d\x11\xe5NA\x1d\xde\x13\xc3\
\xed\x00\xce\xd3\xdd\x8b\xdf\xca\xe3\x1d\xa5\x08\xb3\x17&\xce\
P\x90\xfb\xb2W\xec\xfc\xee$\x03\xbea\xe5S\x9f\xfd\
@\x99\xc7xW\xbf\xf3\x98\xc1\xdf\x85\xf3\xad\xef\x1b\x93\
\xfb;|\xbe\xf5\xbdc\xf2\xa9\x97A\xfe\xf7\xdb\xb9\xbe\
w\x0e?\xea\xfb\x17\x0d>\xa6\xaf\xa0&\xa4p\xf3\xc9\
\xcd\x98=\xb9\xbc\x9fS\xf2\xdc\xfb=\xb8\xf8\xf7\xddH\
Z\xdb\xff\xcb\xe7\xf3\xba\x1d\xbc\xbe\xff\x98|^\xb7\xb9\
\xd7\xf7\x8d\xc9\xa7>\xdf\xe4\x93\xffk7\xdf\xd7-\x90\
\xffk7\x9f\xd7mnc\x8a\xaf\xcf>\xc6\xbb\xf7P\
\x059{\xd5M\xfb\xde3Pg\xe5\xae\xa2\xbf\x028\
\xf2\xce\xd8\x81\x0ar\x97\xee>\x88\xf2u\xe5\xa7\x87\x94\
\xfd\xc9\x1f\x00f\xef\xd9\x84\xef\x1e[W\xc0\xc9\x90H\
/\x81Z4\xee\xf2\xb7\x0f\xd6\xdd\x87\x9f*6\x00\xcc\
\xfcE\xd7p\xb8\xeaa\x00u\xba{!\xca\xc7\x84\xe1\
!\x9c\xb8o\xe5\xbclO\x991\x1c\xbb\x84\xbb\xf3Y\
f!\x0a\x82Z\xb8\xea\xe11\x97.k\xd1\xdd\x88_\
*3\x00\xb4\x8a\x11NG~\x03`\x92\xeeV\x88\xf2\
5k\xf7\x08\x8c\x0a\xfarN)\xe0\xa8\xa9\xf5\x88n\
^\x07q\x1d\xdd\xed\x10\xe5c\xbcaX\xff\x8b\xd3\x1e\
4u7\xe2\x87\x8a\x0c\x00sF&\xae\x83\xc8\xf1\xba\
\xfb *\xc4\xe8\xa6\xca{\xaf\x193\xac\x06\xb6\x9dF\
t\xf3:\xb8\x8e\xad\xbb\x1d\xa2\x9c)\xc11\xe3&N\
\xbfZw\x1f~\xa8\xb8\x000ga\xec$\x05\x5c\xa6\
\xbb\x0f\xa2B\x19\x15\xf7\xb7\x120\xb7,i8\x8e\x8d\
\x9e\x8e\xf5p\xad\xb4\xe6\x8e\x88\xf2 \xf2\xdd\xb1\x97\xbd\
s\xaa\xee6\xbcVQo5\xb3\xeeHNU\x0a\xf7\
\xa1\x0a\xeen *W\xe2\xd8\xe8\xe9\x5c\x0f\xdbJ\xea\
n\x85(W\xca\x10\xdc;\xe1\xf2\xb7\xf7\xd6\xdd\x88\x97\
*&\x00\xcc\xba[\x9aL\x91G\x015Dw/D\
40q]\xc4:\xda`%c\xba[!\xca\x89\x00\
M\xae#\x0f\x8d<\x7fI\xa3\xee^\xbcR1\x01\xc0\
L$\x17\x00\xd8Kw\x1fD\x94\x1b\x11A\xack\x13\
R\x89\x1e\xdd\xad\x10\xe5F\xa9\xe9\xb5\xf5\xeem\xba\xdb\
\xf0JE\x04\x809\x0b\xe2\xa7B\xa1*\xb7s$*\
o\x82DO;R\xb1.\xdd\x8d\x10\xe5\xea\xecq\x97\
\xbd\xfd\x1f\xba\x9b\xf0B\xd9\x07\x80\xb9\xf3\xe3c\x95R\
?\xd3\xdd\x07\x11\x15H\x80D\xb4\x03\xf1\xeev\xdd\x9d\
\x10\xe5F\xf0\xd31W,\x19\xaf\xbb\x8db\x95w\x00\
h\x15\xc35\xd4\xaf\xa00\x5cw+DT\x9ct\xa2\
\x07\xb1\xce\x0d|`\x10\x95\x83f\xd3q\xef/\xf7\xe7\
\x03\x94u\x00\x983*y\x05\x14>\xa5\xbb\x0f\x22\xf2\
\x86\x95\x8a#\xd6\xb1\x9e\x0f\x0c\xa2rp\xe4\xd8\x09{\
\x7f[w\x13\xc5(\xdb\x000ga\xec \xe5\xa2U\
w\x1fD^\x1b?\xac\xf26\xe9\x1c7\x22\xf7}\x0d\
,;\x85hG\x1b\x5c\x87!\x80\x82M\x01\xd7\x8c\xbb\
\xf4\x9dCt\xf7Q\xa8\xb2\xbc_\xfe\xd37IC\xaa\
>\xf9\x9a\x00Sw\xfem\xe1;\xb0\xe56\x86\xbb\x01\
\xee<\xa6rw\x03T\x00v\x19bb\xfc0\x13\xe3\
\x87\x9bh\xa8\x01\x9aj\x0c\xd4\x87\x15By\xc6\xe7\x1c\
\xfe\x17\xc0\xb8\xe6\x10\x0e\x9dX\x99[\x91\xffci\x07\
\xd6v\xa4\x06\xad\xdb\xfa\xdf\xc9P\x0a\xa1H\x1d\xd4 \
OF\xeaN\xb8\x88\xa7\x05\x09\xcbEW\xc2\xc5\xc7\x1d\
6Vl\xb2\xb09\x96=@p7@/\xeb+s\
7\xc0\xccc2\xd6\xbf\xeb4\xa6\x0e^\xdbzp|\
\xc0\x83\x05PY~\xd4H\xd4'\xe7\xa9\x8c'\x7f\xa2\
\xe2\xd4G\x14\xf6\xdf-\x8c\x83\xc7\x85q\xd0\xf80\xa6\
\x8e\x0a\xa1&T\x9699p\x8e\x9e6\xac\xa4\xf3u\
']|\xb0\xc1\xc2K\x1f%\xf1\xf2\xca$\xde\xf88\
\x85\xb4\xc3\xeb\x0b\xc8s{\x9b\xd1\x9a\x9b\x01\x9c\xaf\xbb\
\x91|\x95\xdd;\xdb\x9c;b\x9fWb<\x92\xbd\x82\
+\x00\x99\xc7p\x05 [}MHa\xce\xe4\x08\xfe\
mZ-\x8e\xd8=\x92\xf7'{*\x0fI[\xf0\xdc\
\xf2\x04\xfe\xf0f\x0cO\xbf\x9f\x80\xe5\x08\xb8\x02\xe0E\
}\xd5\xaf\x00\xf4r\x8d\x93>\xbeu\xfac\x03\x1e0\
`\xca*\x00\xccZ\x10\x1bc\x1a\xc6[\x00Fd\xaf\
b\x00\xc8<\x86\x01`G\xbb5\x9b8\xe3\x90Z\x9c\
\xb0w-\x1ak\xca\xea\xaf\x02\x15\xa93\xee\xe2\xb1\xb7\
b\xf8\xd5\x8b]X\xdb\x99\xdb\xe6D\x0c\x00\x83\xd7\xe6\
6\xa6B\x03\x00\xb0\xd1T\xc6~+o\x9a\xbe~\xc0\
\x83\x06HY}\x05\x102\xcdE\x222\xc0\xc9\x9fh\
pSF\x86p\xd6au8nj\x0dL~\xda\xaf\
J\xcd\xf5\x06\xce<\xbc\x09\xffuH#\x1e{+\x86\
\x9f?\xd7\x85\x95\xed\x96\xee\xb6\xa8\xbc\x8d\xb4]\xf7\xe7\
\x00>\xa7\xbb\x91\x5c\x95\xcd\xc7\x9e#\xef\x8c\x9f\xaeD\
=\x90o\x1a\xe5\x0a@n\xb5\x85\xd4\xf7\x8d)\x8f\x15\
\x80\xa1u\x0a\x17\xcci\xc0\xe7\xf7\xab\x85Q6\xaf|\
*\x05\xc7\x05\xfe\xf7\xd5n\xdc\xfeT'z\x92n\xc6\
\x1a\xae\x00\x0c^\x9b\xdb\x98\x8a]\x01\xe8\xadW\xf2\xa5\
57\xef\xf7\x9b\x01\x0b\x03\xa2,\xde\x06\x8f\xbdK\x86\
ZNr)\x801\x0c\x00\xb9\xd5\xef<\xa6z\x03\x80\
\x02p\xf2\xfe\xb5\xb8`N\x03\x86\xd6\x95\xc5K\x9e4\
i\x8f:\xb8\xf1\xaf\x1d\xf8\xe3[\xd1\x9d^\xa5\x0c\x00\
\x83\xd7\xe66\xa6\xc2\x03\x00\xd0\x1e\xb61\xfd\xa3\xdb\xf7\
m\x1b\xb08\x00\xcab\x01\xd4r\x92\xf3\x00\x8c\xd1\xdd\
\x07\x95\x9f\xe6:\x03\xf3N\x1d\x82\xef}\xba\x91'\x7f\
\x1a\xd4\x88F\x137\x9c\xd2\x82\x85_\x1c\x85\xa1ue\
\xf1\xf6H\xc13\xc2\x0e\xab\x05\xba\x9b\xc8E\xe0\xdf\x11\
\x8fZ\x948\x1a\x0a\x7f\xc7\x96^\xb9\x02\x90[\xfd\xce\
c\xaao\x05\xe0\xa0qa\xfc\xe4\xb3M\x18\xd5\xc87\
r\xca\xdf\xfa.\x1b\xdf\xfe\xddF\xfc\xeb\xe3\xdeg\x17\
p\x05`\xf0\xda\xdc\xc6T\xfc\x0a\xc0\x96J\xf7\xb4O\
n\xd9\xffw\x03\x0e\xd0,\xd0\x01`\xc6]R\xdf\xe8\
\xa4\xde\x02d\xf2\xd6\x9f1\x00\xe4V\xbf\xf3\x98\xea\x0a\
\x00\xa7\xec_\x8b+\x8fk\xe4w\xfdT\x14\xdb\x11\xfc\
\xe0\x8f\xedx\xf4\x8d(\x03@\x0e\xb5\xb9\x8d\xa9\x8e\x00\
\x00\xc8z#\x8ci\xab\xaf\xdf\xafc\xc0A\x1a\x05\xfa\
\xa3Q\x83\x93\xba\x0a\xc0\xe4A\x0b\x89\xb6\xf3\x95\xc3\xea\
\xf0\xbdO\xf3\xe4O\xc5\x0b\x99\x0a\xd7\x9e\xd4\x82\x0b\x8e\
\x1c\xa2\xbb\x15*?\xbb8\xb6\xbaFw\x13\x03\x09\xec\
[\xe4\xd1?M\xef\xef\xba\xee+\x00\xc2\xc5\xa4Q\xae\
\x00\xe4V[H}\xdf\x98`\xac\x00(\x00\x97~\xaa\
\x1e\xffqP]^\xc7'\xca\xc5\xcf\x9e\xde\x88[\x9f\
\x8a\xe6\x5c\xcf\x15\x00\xff\xea\xb3\x8f\x09\xd4\x0a\x00\x00\xb8\
\xae\xa89ko\xdd\xf7\x85\x01\x07j\x12\xc8\x15\x80\xb9\
\xad\x12r\xc5\xbd\x07@Xw/T>\xce\x9f\xc3\x93\
?\xf9\xe7\x9c\xa3F\xe2\x1bs\x1au\xb7A\xe5\xc50\
\x94\xdc5\xe3\x9cW\x03y.\x0bd\x00\x90Q\xe9\xcb\
 8Hw\x1fT>\xbep@-\xce:\x8c'\x7f\
\xf2\xd7\xc5\xc7\x8e\xc4\x97\x0fi\xd0\xdd\x06\x95\x97}\xda\
\x9a\x22\x97\xe8n\x22\x93\xc0}\x050\xfb\x8e\xe4\xee&\
\xf0\x0e\x80\xed\xde\xcd\xf9\x15\x00\xbf\x02\xc8\xee\xe8=\x22\
\xb8\xfe\xc4&~\xe7O%\xe1\xb8\x82\xf3\x7f\xb3\x1eO\
\x7f\x90\x1c\xb0\x8e_\x01\xf8W\x9f}L\xe0\xbe\x02\xd8\
\xfa\x8fq7l\xee\xbd\xf6\x86\xe9\xab\x07<@\x89\x05\
n\x05\xc0\x04\xe6\xa1\xdf\xc9\x9f(\xbb]\x86\x18\xf8\xfe\
\xf1\xbc\xe0\x8fJ\xc74\x14n<e$v\x1bj\xea\
n\x85\xca\x85B\xbda;\xb7\xe8ncG\x81\x0a\x00\
G\xfd4y\x1c\x80\x13u\xf7A\xe5!d\x00\xd7~\
\xb6\x09Cjy\xf6\xa7\xd2\x1aZ\x1f\xc2-_\x18\x81\
\xb0\xc9\xd7\x1e\xe5\xec\x0b\xe3.}\xe3x\xddMl/\
0\x01`\xfa\x83\x12\x81\x8b\xb2xz\x12\x05\xc37f\
\xd7c\xdf1e\xb5\x9f\x15U\x90\x03\xc67\xe0\x9c\x99\
\xb5\xba\xdb\xa02\x220n\x0d\xd2\x05\x81\x81\x09\x00#\
6\xa5/\x010Uw\x1fT\x1e&\x8d0\xf1\xa5\x83\
\xf9M\x11\xe9\xf5\x8d\xa3Gc|\x93\xa3\xbb\x0d*\x1f\
\xd3\xd67E\xbe\xa9\xbb\x89\xad\x02\x11\x00f-\x88\x8d\
Q\x90\xef\xeb\xee\x83\xca\xc7\xe5\xc74 \x14\x88W/\
U\xb3pH\xe1\x07\x9f\x1d\x01;\x9d\xd2\xdd\x0a\x95\x09\
\x05\xb4N\xba\xe8\xed\xd1\xba\xfb\x00\x80@\xac\x9f\x86\xcc\
\xd0O\x00\xe1\x0d\xb6\x94\x93O\xefU\x83\x83\xc7\x07f\
\x15\xad\x8f\x08\xac\x15\x1f#\xf5\xe6{\xb0W}\x02k\
\xd5Z\xd8\x9f\xac\x87\xc4\x12\x90D\x12n,\xa1\xbb\xc3\
\xf2\xa0\x14\x8c\xc6\x06\xa8\xfaZ\x18M\x0d\x08\x8d\xdf\x15\
\xe1\xf1c\x10\x9e4\x0e5\x07N\x83\xb9K\x8b\xee\x0e\
\xfb\x99\xb3\xd70|j\xf2z,^i\xc30\x03\xf1\
\x96J\xc16\xc4\x0a\xc9\xd5\x00\xce\xd5\xdd\x88\xf6+X\
\xb6<\xf1\xef5\x00\x03\x5cR\xcb\xdb\x00y\x1b`/\
\x05\xe0\x81\xaf6c\xd2\x88`\x5c\x81-i\x0b\x89g\
_E\xe2o/ \xf9\xda;p;\xbbu\xb7T\xf1\
B\xbb\x8dF\xed\xa1\xfb\xa1\xfe\xf89\xa89`\x1a\x82\
p\x0b\xc8\xb2uq\x1cw\xdd\x1b\xa8o\x1e\x0d\xa8\xde\
\xa5)\xde\x06\xe8_}\xf61\x01\xbd\x0dpg\x0e\x5c\
\x1c\xb8f\xde~o\x0fx@\x9fi\x8f\xab\xae\xe3\xde\
\x045\xd0\xc9\x9f\xa8\xcf\xdc=\x22\x818\xf9\xdb\xab\xd7\
\xa2\xe7\x7f\x1eC\xfc\xc9\xe7\xe1F\xe3\xba\xdb\xa9*\xf6\
'm\x88>\xf2$\xa2\x8f<\x09s\x97\x164|\xee\
Sh:\xed30\x9a\xf5=\xaf\x7f\xea\xae\xf5\xf8\xd4\
\xb4\xa1x\xea\xbdM\xa8\x1f:J[\x1fT6L\x98\
\xb8\x11\xc0gt6\xa15:\x1f}G\xf2\xdf]\xe0\
\xff\x06\xaf\xe4\x0a\x00W\x00z\xfd\xea\xcbC1m\x17\
}\xb9\xd5Z\xbe\x0a\xddw?\x84\xf8?^\x04\xdc|\
?\xe1\x91_T]\x0d\x1a?\x7f\x1c\x9a\xce<\x19\xe6\
\x88f-=\xbc\xb1\xaa\x07\xffv\xc3\xbf\x10\xa9m@\
m\xd3p\xae\x00\xf8X\x9f}L\xd9\xac\x00\x00\x00\x14\
\xdc\x13>\xbe\xe5\x80'\x06-\xf4\x89\xb6\x00p\xda\x83\
bn\xd8\x94z\x13\xc0\xf4\xc1\xab\x19\x00\x18\x00\x80}\
w\x0d\xe1\x9e/\x0d\xcdk\xacW\xdch\x1c\xddw\xfd\
/z~\xf7\x17\xc0\xe1U\xdfA\xa5\xeaj\xd0\xf4\xe5\
\x930\xe4\xacS\xa1\xc2\xa5\x0f\x8a'\x5c\xff:\xdeZ\
\x1dEm\xe3P\x84k\x9b\xf2\x1c\xcd\x00\x90k}\xf6\
1\xe5\x15\x00\x00,]\xd3\xd4\xbe?Z\x8f\xb6s)\
\xf6\x9a\xb6\xeb\xa87\xb4'\xbf\x86\x9cN\xfeD\xbd>\
3\xadF\xcb\xbc\x89\xe7_\xc3\xfa/\x5c\x88\x9e\x07\xfe\
\xc4\x93\x7f\xc0I\x22\x85\xee\x9f?\x88\xb6\xb3\xae\x80\xf5\
\xd1\x9a\x92\xcf\xff\x85\xc3z/\xeeNF;a\xa7x\
\xd1'\x0dj\xdan\xdd#\xbe\xackr-\x01`\xee\
\xbdR\xab\xa0~\xa0cn*O\xa6\x01\x1c35R\
\xdaI\x1d\x07]?\x7f\x00\x9b.\xbd\x0e\xce\xe6\xce\xd2\
\xceME\xb1>X\x89\xb63\xbe\x83\x9e\xff\xfdSI\
\xe7\xfd\xfc\xc1\xa3\xb6<\x1dP!\x19m\x87k\xa7K\
:?\x95#i\x9dr\xe1\x07Z>\xdd\xe8Y\x01H\
\xa6.\x000N\xcb\xdcT\x96\x0e\x9f\x18\xc1\xf0\xfa\xd2\
\xbd\x5c\xdd\x9e\x186\x9c\xf7#t\xff\xfcA~\xd7_\
\xa6$m\xa1\xf3\xd6{\xd0q\xc3\xcf\x00\xd7-\xc9\x9c\
-Ma\xcc\x9a\xda{\x0d\x82\x88 \xde\xbd\x09\xe2r\
\xd5\x88\x06\xa2&$#\xc9st\xcc\x5c\xf2\x000\xeb\
ni\x12\xe0\xf2R\xcfK\xe5\xed\xf0\x89\xa5\xbb\xef\xdf\
i\xef\xc4\x86\xf3~\x84\xd4\x1b\xef\x96lN\xf2O\xf4\
\xe1'\xb0\xe9\x8a\x9b \xa9\xd2|\x1a\x9f=u\xd8\xb6\
\x7f\x16\xd7A\xa2{S\xae_\xbcS\x95\x12\x91\x1f\xb4\
\x5c\xfe^\xbe\x17\x8d\x14\xad\xe4\x01 \x92N_\xa6\x00\
\xde'Cy\x991\xae4\x17t9\x9b:\xb0\xe1\xbf\
\xbf\x07\xeb\xfd\x8fJ2\x1f\x95F\xe2\xe9\x97\xb1\xe9\xb2\
\x1b \x96\xff\xd7Z\xcd\x9e\xda\xff.\x04\xc7N#\x19\
\xdd\x1c\x80\xa7\xaeP\x80\x8d\xac\xb1S\xdf*\xf5\xa4%\
\x0d\x00s\xef\x92\x16\x01..\xe5\x9cT\xfe\x86\xd4*\
Ln\xf1?\x00\xb8\xb186^|\x0d\xecO\xda|\
\x9f\x8bJ/\xf9\xe2\x1b\xd8|\xd5\x02\xdf\xbf\xd2\xd9g\
\x5c#\x865\xf4_\xb1\xb2Rq\xa4\xa2\xbc\x8e\x84\x06\
t\xd9\xf8+\xdf\x1a6x\x99wJ\xbb\x02\xe0\xa6/\
\x05P\xf2e\x0e*o\xfb\x8e\x09\xfb\xff\xb07\xc7\xc1\
\xa6K\xaf\xe7'\xff\x0a\x17\xff\xebs\xe8\x5ct\xbf\xaf\
s\x18\x0a\xd8o\xfc\xceO6O'z`%c\xbe\
\xceMem\xa8k\x95\xf6\x03r\xc9\x02\xc01\x0be\
\x04\x80\x0bJ5\x1fU\x8e\x89\xc3\xfd\x7f\x99v\xdd\xf9\
[\xa4^_\xe2\xfb<\xa4_\xcf\xaf\x1fC\xe2\xe9\x97\
}\x9dc\xf2\xe8\xcc;U&\xa3\x1dp,n\x1cD\
\x99\x89\xc8E\xa5\x5c\x05(Y\x00\xb0\xcd\xf4\xb7\xc1O\
\xffT\x80q\xc3\xfc}\xf4o\xea\xb5w\xd0\xfd\xebG\
}\x9d\x83\x02D\x04\x9b\xaf^\x04{\xddF\xdf\xa6\x98\
<\xba>\xdb\xe4Hto\x82\xebhy\xee\x0b\x05\xdf\
P7-\x17\x95j\xb2\x92\x04\x80\xe3\x7f!\xc3\x01\x04\
f\x0fd*/\xe3}\x0c\x00\x92La\xf3\xd5\x0by\
\xab_\x95q{\xa2\xe8\xb8\xf6N\xdf\x8e?%\xcb\x0a\
\x00\x00\x88\xb8Hto\x04x{ e \xc0\xc5\xa5\
Z\x05(I\x00H\xd9\xe9K\x14\xa0o\xa7\x0e*k\
#\x1b\xfd{\x99v\xfd\xfc\x01_?\x09Rp%_\
z\xd3\xb7\xaf\x02F\x0e\x19\xf8\xa1U\xaec#\xde\xd3\
\x8e|\x1f\x8bMUa\xa8\x9d\x96\x92\xdc\x11\xe0{\x00\
\xf8\xcc|\x19\x02~\xfa\xa7\x22\xd4\x87\xfd\xb9\x02\xd0^\
\xb5\x16\xd1\x12?)\x8e\x82\xa5\xf3\xd6{!i\xcb\xf3\
\xe36\xd6\x0e\xbej\xe5X)$\xa3\x1d\x9e\xcfM\xe5\
O\x01\x17\x8d<\x7f\xc9\xceW\x92z\xcc\xf7\x00\x90\x08\
\xa5\xcf\x83@\xcf\xf6\x5cT\x11\xea\x22\xfe\x04\x80\xee_\
>\x5c\x92\xfb\xc2)\xb8\xecu\x1b\x10\xff\xf3b\xcf\x8f\
\xdbX\x93\xdbm\xabV2\x86t\x22\xea\xf9\xfcT\xf6\
\x86\xd5\xd4Y_\xf5{\x12_\x03\xc0g\xe6K\x8d(\
\x94\xfc\xe1\x06TY\xfcX\x01p\xda6!\xfe\xd7\xe7\
<?.\x95\x9f\xee_=\xe2\xf9&O\x0d9\xac\x00\
l\x95\x8av\xc0Ns\xe3 \xda\x81\xa8Kp\xda\x83\
\xbe^\x01\xedk\x00H\x86\xac\xaf(`\x8c\x9fsP\
\xe53}x\x95\xf6\xfc\xef\x9f\xf8\xe9\x9f\x00\x00\xf6'\
mH<\xfd\x8a\xa7\xc7\xec\xdd\x10(G\x0a\xbdw\x06\
X\xdc8\x88\xfa\x080i\xb7\xf1SO\xf6s\x0e\xdf\
\x02\xc0i\x0f\x8a)J\xbe\xe3\xd7\xf1\x89\x0a\xe6\xba\x88\
\xff\xe5\x19\xdd]P\x80\xc4\x1e\x7fZw\x0b\x88\xf7\xb4\
s\xe3 \xeaO\x94\xaf\xfb\xe6\xf8\x16\x006nN\x9f\
\x0c`\x0f\xbf\x8eOT\xa8\xe4Ko\xc2i\xe7cY\
\xa9O\xf2\xf9\xd7\xe0v\xf5h\xed\x81\x1b\x07\xd1\xce\xe4\
\x901\x97\xbe1\xdb\xaf\xa3\xfb\xf7\x15\x80\xe0\xdb\xbe\x1d\
\x9b\xa8\x08\xf1\xbf\xffSw\x0b\x140b;H<\xe3\
\xed\xd7\x00\x85pl\x0b\x09\xde\x1eH\xdb1\x04\x97\xfa\
vl?\x0ez\xf4\x1d\xe9\x19\x00f\xfaql\xa2b\
\xa5^{Gw\x0b\x14@Ay]\xd8\xe9$R\xb1\
.\xddmP@\x08\xd4\x89c.}k/?\x8e\xed\
K\x00p\x95\xf0\xd3?\x05\x92\xd3\xb6\x89\xbb\xfdQF\
\xc9W\x83\x11\x00\x00 \x9d\x88\xc2J\xf2\xf6@\x02\x00\
\x18J\xfcy0\x90\xe7\x01\xe0\xb8\x05\xb11\x00\xbe\xe0\
\xf5q\x89\xbc\x90zk\x99\xee\x16(\xa0\x9c\x0d\xedp\
\xda6j\xf5\x13\xb3\x00\x00 \x00IDAT\xe9n\
c\x9bT\xac\x13\xb6\x95\xd4\xdd\x06\x05\xc3Y\xbb\x5c\xf8\
\xfaH\xaf\x0f\xeay\x00\xb0B\xa1\xf3\x150\xf0s0\
\x894\xb1W~\xa2\xbb\x05\x0a0k\xd5Z\xdd-l\
#\x02\xa4z\xda\xb9q\x10\x01@\x9d\x112\xce\xf3\xfa\
\xa0\x9e\x06\x80\xcf\xcc\x97\x1a@\xce\xf1\xf2\x98D^\xb2\
V\x07\xe7\x0d\x9e\x82\xc7\x0e\xd8\xeb\xc3u\x05\x89\xee\x8d\
\x10\xd7\xd5\xdd\x0ai\xa6\x94:\x7fz\xeb\x12O?\x5c\
{\x1a\x00\x12\xa1\xf4i\x80\xf2|\x99\x82\xc8+\xce\xba\
\x0d\xba[\xa0\x00\xb3\xd7\x06\xef\xf5\xe1:\x0e\x12=\x9b\
xw \x8d\xee\xe8\xb2O\xf1\xf2\x80\xde~\x05\xa0\xe4\
\x1b\x9e\x1e\x8f\xc8cn\x8c\x8f\x5c\xa5\xec$\x16\xd7\xdd\
BF\x8e\x95F*\xb6Yw\x1b\xa4\x99R\xf0\xf4\x1c\
\xebY\x008\xe6\xa7\xa9i\x80\x9a\xe5\xd5\xf1\x88\xfc \
q\x06\x00\xca.\xc8\x01\xd1J\xc6\x91Nt\xebn\x83\
\xf4:j\xf4\xb7\xde\xdc\xc7\xab\x83y\x16\x00\x5c\x11n\
\xf9K\x81'6\x1f\xb5J\xd9\x89\x1d\xec\x0b\xeeR\xf1\
.\xd8\xa9\xe0\x86\x14\xf2\x9fi\xe2\xeb^\x1d\xcb\x93\x00\
0w\x914B\xa9/yq,\x22?\xd5\x1c\xb0\xb7\
\xee\x16(\xc0j\x0e\x9c\xa6\xbb\x85\x81\x89B2\xda\x0e\
\xd7N\xe9\xee\x84\xf4\xf9\xca\xe8\xef\xbc\xd9\xe0\xc5\x81r\
\xdb\xb4z\x10\x86a}Q\x80!^\x1c\x8b\xc8O\xc3\
.\xff:TC=\xace+\xf8\xb4U\xea\x132Q\
w\xc4Ah\xfa\xc2\x09\xba;\x19\x94\x08\x90\xe8nG\
}\xf3(@\xf9\xba[,\x05\xd3\xd0\x90\xabN\x03\xf0\
\xcbb\x0f\xe4I\x00\x10%_\xf3\xe28D~3\x86\
6a\xf8\xf7x\xad*\x957\xd7u\x91\xe8\xde\x84\xba\
!#\x01\xe5\xeb\xae\xee\x14@\x02\xf9*<\x08\x00E\
\xbfr\x8e\xf9YrO\x00\x87\x15{\x1c\x22\x22\xca\x9d\
c[Hr\xe3\xa0\xea$\x983\xf6\x92\xd7\xa6\x14{\
\x98\xa2\x03\x80+\xeal\x00\xaa\xd8\xe3\x10\x11Q~l\
+\xc5\x8d\x83\xaa\x93r`~\xa5\xd8\x83\x14\x15\x00\xe6\
\xb6J\x08\x823\x8am\x82\x88\x88\x0ac%\xa3\xb0R\
1\xddmP\x89)\xe0\xab8\xed\xc1\xa2.\x02)n\
\x05`\xb4s\x02\xa0v-\xea\x18DDT\x94T\xb4\
\x13\x0e7\x0e\xaa6\xbb\x8d\x19\xbb\xe71\xc5\x1c\xa0\xa8\
\x00\xa0\x94\xcbO\xffDD\xda\x09\x92=\x9b\xe1\xda\x96\
\xeeF\xa8\x84\x14\x8a[\x81/8\x00\xcc\xba[\x9a\x00\
|\xb6\x98\xc9\x89\x88\xc8\x1b\x22.\x12=\xed\xdc8\xa8\
\x8a\x08pr1\xcf\x04(8\x00\x84m\xeb\x14\x00\xf5\
\x85\x8e'\x22\x22o\x89k#\xc9\x8d\x83\xaaI\x83\xe9\
\xe0s\x85\x0e.8\x00(\x91/\x16:\x96\x88\x88\xfc\
\xe1\xd8i\xa4c\xed\xba\xdb\xa0\x92\x91\xff*tdA\
\x01\xe0\xd3w\xca(@\x15u\xf1\x01\x11\x11\xf9\xc3J\
%\x90N\xf4\xe8n\x83J\xe3\x84\xdd.xiD!\
\x03\x0b\x0a\x00\xb6\xb2\xfe\x03\x1e=E\x90\x88\x88\xbc\x97\
Nt\xc1N\x05s{c\xf2T\x1855_(d\
`A\x01@\x80\xff(d\x1c\x11\x11\x95\x88\x00\xc9h\
\x07\x5c;\xad\xbb\x13\xf2\x99\x08N/d\x5c\xde\x01\xe0\
\x98\x9f\xcbh\x003\x0b\x99\x8c\x88\x88JI\x90\xec\xde\
\x04q\x83\xbd\xcd1\x15\xed\xa8].|}d\xbe\x83\
\xf2\x0e\x00\xe2Z\xa7\x142\x8e\x88\x88J\xcf\x15\x17\x89\
\xeev\xf0\xd6\x80\x8af\x1a!\xf3\xc4|\x07\xe5\xfd=\
\xbe\x08N\xcdw\x0cQ\x90\xb8\x1f\xfe\x0d\xee?\x17@\
6\xaf\xd0\xdd\x0a\x05\x81\x11\x82\x1a\xbd\x0f\xcc\xa3\x7f\x00\
\xd5\xb2\xa7\xeen|\xe1:6\x92=\x9bQ;d8\
\xb8uKeRpO\x05pw>c\xf2\x0a\x00\xc7\
,\x94\x11.\xac\xa3\xf2\xea\x8a(@\xdc\x0f\x9e\x80\xfd\
\x9b/\x80;\xa8\xd1\xf6\xa4\xfd\x03\xb8\x1f\xfe\x1d\xe1\xf3\
^\x82\x1a:Nw;\xbe\xb0\xad$R\xb1.D\xea\
\x9bu\xb7B>\x10\xa8c\xc7_\xf9\xd6\xb0\xd5\xd7\xef\
\xd7\x91\xeb\x98\xbc\x96\xf2%d\x9d\x08^\xfdOe\xcc\
y\xee\x16\xf0\xe4O\x19\xa5\xba\xe1\xbe\xf2s\xdd]\xf8\
\xcaJ\xc6`%\xb9qP\x85\x0a[I7\xaf\xa7\xf3\
\xe6\x17\x00\xa0N\xca\xaf\x1f\xa2\x80i\xff@w\x07\x14\
`\xb2\xe9}\xdd-\xf8.\x1d\xef\x84\x9dN\xe8n\x83\
\xfc\xa0$\xaf\xeb\x00r\x0e\x00\x9f\x99/5\x80\xf0\xe1\
?T\xd6D\xf8\x9ct\x1a@\x15\xbc>\x04@*\xda\
\x01qxg@\xa5QP'L\xb9\xf0\x83\x9a\x5c\xeb\
s\x0e\x00\xc9\x88s\x0c\x80\xc6\x82\xba\x22\x22\xa2\xc0\x10\
\x08\x12=\x9b \xae\xa3\xbb\x15\xf2Vc<\xd43'\
\xd7\xe2<\xbe\x02p\xff\xbd\x90n\x88\x88(x\x5c\xd7\
A\xb2\x87\xb7\x07V\x1a%f\xce\xe7\xea|\xae\x01\xf8\
\xb7\x02z!\x22\xa2\x80r\x1c\x0b\xa9X\xce\x17\x8dS\
9\xc8\xe3:\x80\x9c\x02\xc01w\xa4\xf6\x030\xb1\xd0\
~\x88\x88(\x98\xact\x02\xe9D\xb7\xee6\xc8#\x02\
\xec>\xe6\xd2\xb7\xf6\xca\xa56\xa7\x00\xe0*\xe3\x84\xe2\
Z\x22\x22\xa2\xa0\xb2\x12=\xb0\xd3\xdc8\xa8R\x88+\
\xc7\xe7R\x97\xe3W\x00r\x5c1\xcd\x10\x11Qp\x09\
\x80T\x0f7\x0e\xaa\x14*\xc7s\xf6\xa0\x01`\xee\xbd\
R\x0b\x85Y\xc5\xb7DDDA%\x0aH\xf6l\x82\
\xcb\xdb\x03+\xc1\xdc\x5cn\x07\x1c4\x00\x98){\x0e\
\x80:OZ\x22\x22\xa2\xc0rE\x90\x8a\xb6W\xc5\xf3\
\x10*\x5cC\xd2\x8c\x0e\xbak\xef\xa0\x01\xc0\x85\xcb\xe5\
\x7f\x22\xa2*\xe186\x92\xd1\xcd\xba\xdb\xa0\x22\x89\xc2\
\xa0\xe7\xee\x1c\xae\x01P\x0c\x00DDU\xc4\xb6RH\
E;u\xb7A\xc5P\x83\x9f\xbb\x07\x0c\x00\xc7\xffB\
\x86\x03\xd8\xcf\xb3\x86\x88\x88\xa8,X\xe9\x18\xacdT\
w\x1bT \x11\xcc\x98x\xf1\xbf\x06\xdc\xfaq\xc0\x00\
\x90r\xd2G\x0eVCDD\x95)\x1d\xef\x86c%\
u\xb7A\x851,\x0c|\x01\xff\x80'w\x05u\xa4\
\xb7\xfd\x10\x11Q\xb9\x10\x08R=\x9b!\x8e\xa5\xbb\x15\
*\x80\x18\x03\x9f\xc3\x07\xfet/8\xca\xd3n\x88\x88\
\xa8\xac\xf4n\x1c\xd4\xce\x8d\x83\xca\xd1 \xe7\xf0\xac\x01\
\xe03\xf3e\x08\x80\xfd=o\x88\x88\x88\xca\x8a\xb8\x0e\
R\xd1\xcd\xdc8\xa8\xfc\xcch\xb9\xfc\xbd\xa6l\xbf\xcc\
\x1a\x00\x92\x11g6\x00\xd3\x97\x96\x88\x88\xa8\xac8v\
\x1a\xa9\x18o\x0f,3\xa1\x88\x938<\xdb/\xb3\x7f\
\x05 \x0e\x9f\xfeGDD\xdb\xd8\xe9$\xd2qn\x1c\
TV\x5c5;\xdb\xaf\xb2\x06\x00Qj\xd0\xa7\x08\x11\
\x11Qu\xb1R=\xb0S\x09\xddmP\xee\xf2[\x01\
hm\x15C\x013\xfc\xeb\x87\x88\x88\xca\x92\x00\xa9x\
\x07\x1c+\xa5\xbb\x13\xca\xcdah\x95\x8c\xe7\xfa\x8c?\
|v\xb7\xf4>\x00\x86\xf8\xda\x12\x11\x11\x95'\x11\xa4\
\xa2\x9b\xe1\xba\xdc8\xa8\x0c\x0c\xdd\xa5\xfd_{e\xfa\
E\xc6\x00 \xa2\x0e\xf3\xb7\x1f\x22\x22*g\x22.R\
=\x9b\xb9qP\x190L#\xe3\xd7\x00\x99\x03\x00\x0c\
\x06\x00\x22\x22\x1a\x90\xebX[6\x0e\xe2\xed\x81A&\
\x90\x8c\xe7\xf4\x8c\x01@\x89\x1c\xeao;DDT\x09\
\x1c+\x8dT\xacKw\x1b4\xb0\x8c\xe7\xf4\x9d\x02\xc0\
\xdc{\xa5\x16@\xc6\xef\x0b\x88\x88\x88vd\xa7\xe2\xb0\
\x931\xddmP\x16\x0a\x98>\xb1\xf5\x1f\xb5;\xfe|\
\xa7\x00`$\xad\xfd\x00\x84K\xd2\x15\x11\x11U\x84T\
\xbc\x8b\x1b\x07\x05\x94\x00\xe1t\xe7\xf0i;\xfe|\xa7\
\x00\xa0\x0c\x1cX\x9a\x96\x88tP\xba\x1b\xa0 S|\
}\x14#\x15\xed\xe0\xc6AA%\xceN\xe7\xf6\x9d\x02\
\x80\x0b\x83\x01\x80*\x96\x1a>Yw\x0b\x14`j\xc4\
\x14\xdd-\x945\x91\xad\x1b\x07\xf1\xce\x80\xc0Qj\xf0\
\x00\xa0\x940\x00P\xc52\x0f?_w\x0b\x14T\xe1\
z\x18\x07}Uw\x17eO\x5c\x17\xa9h;7\x0e\
\x0a\x18Q;\xaf\xee\x87\xb6\xff\xc3i\x0f\x8a\xd9\xdea\
\xef[\xba\x96\x88J\xcb\x98~*B\xae\x03\xe7\x9f\xf3\
!\x1d+u\xb7CA`\x980F\xef\x03\xf3\x98\xab\
\xb8\x02\xe0\x11\xc7\xb1\x90\x8au\xa0\xa6i8\xef\x10\x0c\
\x0a\xc1~h\x15\x03\xadj\xdb\xf2L\xbf\x00\xb0\xb93\
5\x190\xebJ\xdf\x19Q\xe9\x18\xfb\x9e\x0ec\xdf\xd3\
u\xb7AT\xd1l+\x09\x15\xefF\xa4\x8e\x0f\x95\x0d\
\x88\xc6\xd1\x9b\xde\x9a\xd0\x06|\xb4\xf5\x07\xfd\xbe\x02\x10\
\x84\xa6\x97\xbe'\x22\x22\xaaDV2\x0a;\x15\xd7\xdd\
\x06meJ\xbfs|\xffk\x00Dv\xbaM\x80\x88\
\x88\xa8P\xe9x'\x1c;\xad\xbb\x0d\x02`\xaa\xfe\xe7\
\xf8\x1d.\x02d\x00 \x22\x22\xef\x08\x80t\xb4\x1d\xae\
\xc3\x8d\x83\x02 {\x00PP\x0c\x00DD\xe4)w\
\xcb\xee\x81\xdc8H/\xc9\x16\x00Z[\xc5\x10`j\
\xe9[\x22\x22\xa2J\xe7\xba6\x92\xd1\x0e\xf0\xb6\x00\xad\
\xf6\x06d\xdb\xd3\xae\xb6\x05\x80\x17vKN\x00\xc0;\
\x00\x88\x88\xc8\x17\x8e\x9d\xe2\xc6Az5\xeev\xe1[\
\xbbm\xfd\xc3\xb6\x00\xe08!\xde\x00KDD\xbe\xb2\
\xd3q\xd8\x89\xa8\xee6\xaa\x96c\xba\xdb\xce\xf5\xdb\x02\
\x80(a\x00 \x22\x22\xdf\xa5\x13\xdd\xdc8H\x13\x03\
\xd89\x00\x00\x8a\x0fI'\x22\x22\xdf\x89\xea\xdd8\xc8\
\xe5\xc6A%'\xd2w\xae\xdf\x16\x00\x94\x02W\x00\x88\
\x88\xa8$\x04\x82dt3\xc4ut\xb7R]\xb6[\
\xed\xef\xfb\x0a@\x18\x00\x88\x88\xa8t\xc4u\x90\xea\xd9\
\xcc\x8d\x83Jk\xdb\xb9\xbew/\x00\x11\x85\x9f\xd9\x93\
\xb4\xb5CTJ\xe2B\xa2\xaf\x03\x89\x95\xba;\xa1 \
P&T\xc3t\xa0~O\xdd\x9dT%\xc7\xdd\xb2q\
P\xe30\x00j\xd0z*\xda\xb6\xaf\x00B\x000\xe7\
^\xb4\x00\xa8\xd7\xd6\x0eQ\xa9\xd8\xddp\xdf\xfe<\xa4\
\xe3i\xdd\x9dP\xa0(\xa8\xb1\xe7\xc1\xd8s\x81\xeeF\
\xaa\x92c%\x91N\xf4p\xe3\xa0\xd2h\x9ax\xf1\xbf\
\x9aW\xdev`\xa7\x01\x00a\xcb\x1a\xa7\xbb#\xa2R\
pW|\x9f'\x7f\xca@ k\xee\x80\xb4=\xa0\xbb\
\x91\xaaes\xe3\xa0\x92\xb1\xc5\x1d\x0fl\xb9\x06@\xc4\
`\x00\xa0\xaa \x9b\x9f\xd4\xdd\x02\x05\x98l\xfe\x8b\xee\
\x16\xaaZ:\xd1\x05\xc7J\xe9n\xa3\xe2\xd9\xaa\xf7\x9c\
o\x00\x80R.\x03\x00U\x07k\xb3\xee\x0e(\xc8\xf8\
\xfa\xd0K\x04\xe9x\x07\x5c\x97\x1b\x07\xf9K\xb6[\x01\
\x80b\x00 \x22\x22\xed\xc4u\x91\xeai\x87\xb8\xdc8\
\xc8/j\xcb9\xbfw\x05\x002Vo;DDD\
\xbd\xc4u\x90\x8ao\x067\x0e\xf2\x89B_\x00\x10\xa5\
\xc6\xe8\xed\x86\x88\x88\xa8\x8fk\xa5\x91\x8eu\xean\xa3\
\x22\x09\xd4\xae\xc0\xd6\x15\x00\xc1h\xbd\xed\x10\x11\x11\xf5\
g\xa7\x13\xb0S1\xddmT\x1c%2\x1a\xe8{\x12\
 \x03\x00\x11\x11\x05N:\xd1\x0d'\xcd\x8d\x83<6\
\x0a\x00\x8c\x19wI\x18\xc00\xcd\xcd\x10\x11\x11\xedL\
\xd0{g\x80\x93\xd6\xddI%iA\xeb?B\xc6P\
\x17\xa3\xc0\xe7/\x12\x11Q@\x89\x00\xe9\x9e\x0en\x1c\
\xe4\x1dcTG\xcb\x08\xc3\x805Jw'DDD\
\x03q\xc5\xe5\xc6A\x1e\x8a =\xdap\x0d5Rw\
#DDD\x83q]\x1b\xa9X\x07x{`\xf1D\
\xd4HC\x89\xe2\xf7\xffDDT\x16\x1c+\x85t\xbc\
Gw\x1be\xcfUh6\xa0\xdcf\xdd\x8d\x10\x11\x11\
\xe5\xcaN\xc5`\xa7y{`1\x94R\xc3\x0c\x01W\
\x00\x88\x88\xa8\xbcX\xf1nn\x1cT\x04\x17h6\x00\
\x0c\xd5\xdd\x08\x11\x11Q\xbe\xacx'\xc4\xb6t\xb7Q\
\x96\x94\x92\xa1\x06\x94\xe2W\x00DDTvD\x5c\xa4\
\xe2\x1d\x007\x0e\xca\x9b\x125\xcc\x00\x5c\xae\x00\x10\x11\
QY\x12\xd7A:\xd6\xc1\x1b\x03\xf2$@\xb3\x01Q\
\x8d\xba\x1b!\x22\x22*\x94\xe3\xa4a%:t\xb7Q\
n\x1a\x0c\x00\xf5\xba\xbb \x22\x22*\x86\x9dN\xc2J\
Fu\xb7QN\xea\x0d\x00u\xba\xbb \x22\x22*\x96\
\x9d\xec\xe1\xc6A9\x93:Cq\x05\x80\x88\x88*\x82\
B:\xde\x09\xd7\xe6\xc6A\x83RF\xbd!\x0c\x00D\
DTA\xd2\xb1\x0e\x88k\xebn#\xd8D\xea\x0d\x81\
\xf0+\x00\x22\x22\xaa\x18\x22\x82t\xb4\x93\x1b\x07\x0d\xac\
\xcePP\xb5\xba\xbb \x22\x22\xf2R\xdf\xc6A\x94E\
\x9d\x01 \xa4\xbb\x0b\x22\x22\x22\xaf\xb9v\x1aV\xa2[\
w\x1bA\x15b\x00 \x22\xa2\x8ae\xa7\xe2\xb0Sq\
\xddm\x04\x91i\x000uwADD\xe4\x17+\xd1\
\x0d\xc7\xe2\xed\x81;\x081\x00\x10\x11Q\xc5\xb3\xe2\x9d\
\xbc3\xa0?\xae\x00P\x95\x095\xe9\xee\x80\x82\xcc\xe4\
\xeb\xa3R\x89\x00\xa9X\x07\xc4ut\xb7\x12\x08\x8a+\
\x00TmT\xf3\x1c\xdd-P\x80\xa9aG\xe9n\x81\
|$\x8e\x03+\xce\xdb\x03\x01@\xb6\xac\x00\x10U\x0d\
c\xf2u@\xc3\xde\xba\xdb\xa0\x00R-\x9f\x83\xda\xf5\
k\xba\xdb \x9f9\xb6\x05+\xde\xa5\xbb\x8d@\x08\x01\
p\xc0;\x01\xa8ZDv\x81y\xc8\xab\x90\xf6\xc7\x81\
\xf8rp\x0fQ\x82\x0a\x03M\xfbC\x0d;\x1a\x80\xd2\
\xdd\x0d\x95\x80m%\xa1\x92Q\x84j\x1bt\xb7\xa2\x93\
\xc5\x00@\xd5\xc7\xa8\x85\x1ay\xb2\xee.\x88H#+\
\xd5\x03e\x180#U\xfb0\x5c\xdb@o\x00 \x22\
\x22\xaa\x1e\xa2`\xc5\xbb\xaav\xe3 \xc5\x00@DD\
\xd5JP\xbd\x1b\x07\xc9\x96\x00P}\xff\xe6DDD\
\xa8\xea\x8d\x83\x18\x00\x88\x88\xa8\xba\xb9\xae\x8dt\xacS\
w\x1b%%\x80c\x08\x84\xcfG$\x22\xa2\xaa\xe6\xd8\
)X\xf1\xea\xd98H\x01\x96\xa1\xa0\xb8K\x02\x11\x11\
U=;\x1d\x87\x9d\x8a\xe9n\xa3T\xd2\x86\x02\x12\xba\
\xbb \x22\x22\x0a\x02+\xd1\x03\xb7\x1a6\x0e\x12D\x0d\
\x01\xb8\x02@DD\xb4E:\xde\x05q,\xddm\xf8\
KI\xd4\x00W\x00\x88\x88\x88\xb6\x11\x11\xa4b\x9d\x10\
\xd7\xd5\xdd\x8a\x8fT\xd4\x00W\x00\x88\x88\x88\xfa\x11\xd7\
\x81\x15\xef\xa8\xd8\xdb\x03\x95B\xd4\x80\x92\xa8\xeeF\x88\
\x88\x88\x82\xc6u,X\x89\xae\x8a\xdc\x22\xc2u\x115\
 Fu\xdd\xfcHDD\x94#\xc7J\xc2NV\xde\
\xe7de\xa8\x9e\x90\x12\xe9\x94\x0aL7D\x99\x08\x5c\
,\xdb\xfc\x14\xd6E\xdf\x81\xe5T\xc1\x95\xbe4 C\
\x850\xb2~\x0a\xf6\x1e\xf1iD\xccz\xdd\xedP@\
\xd9\xc9(\x94\x0a\xc1\x8c\xd4\xe8n\xc5;\xaeDCP\
\xe0\x0a\x00U\x05Gl\xdc\xbf\xe4,|\xd8\xf1\xac\xee\
V(`\x86\xd7N\xc0\x7f\xef\xff\x10\x9a\x22\xa3u\xb7\
B\x01e%\xba\xa0\xccf\x18fDw+\xdeP\x88\
\x1a.\x84\x01\x80\xaa\xc2\xab\xeb~\xc3\x93?e\xb49\
\xb9\x0a\x7f\xfd\xe8z\xddmP\xa0\x09\xacX'\xc4\xa9\
\x8c\xfd\xf3\x14\xb0\xd1\x80\xe25\x00T\x1dVw\xbf\xaa\
\xbb\x05\x0a\xb0\x95\xdd/\xebn\x81\x02ND\x90\xae\x94\
;\x03\x146\x1a\x86+\x1d\xba\xfb *\x85\xb4S5\
\x8f\xf8\xa4\x02\xa4\x1d\xde\x11M\x83\x13\xd7\xe9\x0d\x01\xe5\
\xceU\xed\x86c\xc8F\xdd}\x10\x11\x11\x95\x0b\xd7\xde\
r{`\x19S&6\x18\x8e\x84\xdbt7BDD\
TN\x9ct\x12N\xaa|W\x8d\x94\x847\x19\xe6:\
l\x04P\xc9\xcf;$\x22\x22\xf2\x9c\x95\xe8\x81k\xa7\
t\xb7Q\x08{\xcd\xd0i\x9d\xc6\xe2Ve\x03\xd8\xac\
\xbb\x1b\x22\x22\xa2\xb2\xa2\xb6l\x1cd\x97\xdd\xc6A\xed\
hU\xae\xb1\xe5\x0f\xfc\x1a\x80\x88\x88(_\x22H%\
:!RV\x0b\xe9\x9b\x00`k\x00\xd8\xa0\xb1\x11\x22\
\x22\xa2\xf2\xe5\xba\xb0bet{\xa0\xa8\x8f\x81m\x01\
@\xd6\xe9\xec\x85\x88\x88\xa8\x9c\xb9\x8e]>\x1b\x07\x19\
\xf8\xa4\xf7\xff\x01\x80\xeaM\x03DDDT\x18\xc7N\
\xc1N\xf4\xe8ncP\x22\xd2\xb7\x02\xa0\xb6\xfc\x81\x88\
\x88\x88\x0ag\xa7\xe3p\xd2\x09\xddm\x0c\xc8\x10Y\x03\
l\x09\x00\xae2\x18\x00\x88\x88\x88<`'\xbb\xe1\x06\
\xf9\xce\x00\xc3\xe8[\x010\x1d\x97\x01\x80\x88\x88\xc8\x03\
\x02\xc0Jt@\xdc`n\x1c\xe4\xdan\xdf\x0a\x808\
\xe1\xd5z\xdb!\x22\x22\xaa\x1c\x22\x82t\xac\x03\x08\xe0\
\xed\x81i\xa4\xfb\x02\xc0\xdf\xbf\xa9\xda\x01\x94\xef3\x0d\
\x89\x88\x88\x02F\xc4A:x{\x06to^px\
7\xd0\xf7\x1c\x00\x00X\xa1\xa9\x19\x22\x22\xa2\x8a\xe4\xda\
iX\x89n\xddml#\xc0\xca\xad\xff\xbc}\x00X\
^\xfaV\x88\x88\x88*\x9bc%\x02\xb3q\x90\x82l\
;\xd7\xf7\x05\x00a\x00 \x22\x22\xf2\x83\x95\x0c\xc6\xc6\
A\xa2\xf0\xc1\xd6\x7f\xden\x05@>\xd4\xd1\x0c\x11\x11\
Q\xc5S\x80\x15\xef\x848zo\x0f4D\xed\xbc\x02\
\xa0\xa0\x18\x00\x88\x88\x88|\x22\xd8\x12\x024\xde\x19\xe0\
n\xf7u\xff\xb6\x00`\x9a6\xbf\x02 \x22\x22\xf2\x91\
+[7\x0e\xd2\x13\x02BJ\xed\xfc\x15\xc0\x11\x9f\xd4\
\xae\x02\x10\xec\xe7\x17\x12\x11\x11\x959\xd7\xb5a\xc5\xbb\
\xd0\xbb&PR\xb15\xf3\xf6_\xbb\xf5\x0f\xdb\x02@\
k\xabr\x01\xbcW\xean\x88\x88\x88\xaa\x8d\xe3\xa4a\
%c\xa5\x9dT\xa9\xf7\x00\xb5-ul\x7f\x1b D\
dii\xbb!\x22\x22\xaaNN:V\xda\x8d\x83D\
\x96l\xff\xc7~\x01\xc0P\x8a\x01\x80\x88\x88\xa8D\xec\
d\x0f\x5c;]\x92\xb9\x14\x90=\x00\x00\x0c\x00DD\
D\xa5#\xb0\x13]\x10\xc7\xf6}&G\xfa\x9f\xe3\xfb\
\x07\x00e3\x00\x10\x11\x11\x95\x90\x88\x0b+\xd1\xe9\xff\
\x9d\x01\x8e\xca\xbe\x020\xbc\xb9\xe6CpS \x22\x22\
\xa2\x92\x12\xd7E:\xde\xe5\xe7\x8d\x01\xb1\xb6\x96\xfdV\
m\xff\x83~\x01\xe0\xa1\xd3\x95\x03\xe0m\xdf\xa6'\xd2\
\xa8.<Lw\x0b\x14`\x0d|}\x90f\xe2X\xb0\
\x92>\xed\x1e\xa8\xf0&z\xef\xf6\xdb\xc6\xd8\xb9H\xfd\
\xcb\x9f\xd9\x89\xf4\xdas\xf8\xd1\xba[\xa0\x00\xdbs\xf8\
\xa7t\xb7@\x04\xd7J\xc1I{\x7f{\xa0@^\xdf\
\xf1g;\x05\x00\x11\x97\x01\x80*\xd2>-\xff\x8e\xd9\
c\xcf\x81\xca\x90{\xa9\xba\xed1l.>5\xfe\x12\
\xddm\x10\x01\x00\xecT\x0c\xae\x95\xf4\xf4\x98\x86\x18;\
\x9d\xdbC;\xfe@\x04\xaf+\xe5\xe9\xbcD\x81q\xfc\
\xa4\xff\x87\xc3\xc7|\x15\xeb\xa2K`Kin\xbd\xa1\
\xe0R00\xb2~2F\xd5\xef\xa9\xbb\x15\xa2>\x02\
X\x89nD\x8c\x10\x94\xb9\xd3i\xba0\x06\x06\x0f\x00\
u\xe9\xf0\xdb\xa9\x1a\xdb\x02\x10\xf6fV\xa2`\x19Z\
3\x06Ck\xc6\xe8n\x83\x88h@V\xbc\x03\xe1\x86\
\xe1P\x86Y\xec\xa1\xd2\xf5V\xc3Nw\xf9\xed\xb4\x16\
\xfa\xf8\xb7T\x0a\xc0\xbb\xc5\xceFDDD\x85\x13\x11\
X\xf1N@\x8a\xbc5@\xb0d\xf9\x82=R;\xfe\
8\xf3\x97\xa1\xa2^*n6\x22\x22\x22*\x96\xb8\x0e\
\xacD\xb1\x1b\x07e>\xa7g\x0c\x00\x0a.\x03\x00\x11\
\x11Q\x00\xb8v\x1av2Z\xf0xQ\x92{\x00p\
$s1\x11\x11\x11\x95\x9e\x93N\xc0\xb1\x0a\xdb8\xc8\
0\x9d\x173\xfe<\xd3\x0f\xe7\xb6E\x96\x02\xf0\xe9i\
\x04DDD\x94/;Q\xd0\xc6A\x9dk\x9bf\xbc\
\x9f\xe9\x17\x19\x03@k\xef\xd3\x82^\xcdw\x16\x22\x22\
\x22\xf2O\xde\x1b\x07)\xbc\xb4\xe3\x13\x00\xb7\xca\xfaD\
\x14\xa5$\xe3\x92\x01\x11\x11\x11\xe9!\x90\xde\xc7\x05\xe7\
\xbaq\x90 \xebW\xfa\xd9\x1f\x89\xa6\xcc\xe7\xf3\xee\x8c\
\x88\x88\x88|%\xae\x03;\xc7\x8d\x83\x94R\xcfd\xfb\
]\xd6\x00\x902\xcd\xe7\x00\xf8\xbfA1\x11\x11\x11\xe5\
\xc5q-\xd8\xc9\xee\xc1\xca\xd2\xb6\x81\xac\xab\xf9Y\x03\
\xc0\xf3g\xab\x1e\x00o\x14\xd8\x1b\x11\x11\x11\xf9\xc8\xb1\
\x93\x83m\x1c\xf4J\xdb\xcd\xfbg-\x18lW\x94\xac\
K\x07DDD\xa4\x973\xc0\xc6A\x22j\xf1@c\
\x07\xd9e@\x9e\x01\xd4\xb7\x0bm\x8c(hVw\xbf\
\x82'?\xba\x01\xeb\xa2\xef\xc0r\xbd\xddm\x8b\xca\x8f\
\xa1Bh\xa9\x9f\x8cY\xbb\x9d\x83\x03F\x9f\xaa\xbb\x1d\
\xa2\xbc\x09zo\x0f\x0c\x1b&\x94\xd9\x7f\x0b\x1fe\xba\
O\x0f4v\xc0\x00\x10\x09E\x9eM\xdb\x96\x8b\xc1W\
\x0a\x88\x02oc|9~\xf5\xf6\x97a\xbb;=\x12\
\x9b\xaa\x94+66\xc4\x96\xe1\x91\xf7/\x85\xa1B\xd8\
o\xd4I\xba[\x22\xca\x9b(\x81\x9d\xe8D\xa8\xbe\xdf\
\xc6A\x96\xa3\x8c\x17\x06\x1a7\xe0\x89\xfd\x89\xffV\x9b\
\x15\xf0\xa6WM\x12\xe9\xf4\xda\xfa\xdf\xf0\xe4OY\xbd\
\xbc\xeeW\xba[ *\x98+\xb2\xe5\xce\x80m\xb7\x06\
\x0c\xf8\xfd?\x90\xc3'{Q\xf2\xa4\x17\xcd\x11\xe9\xb6\
9\xf9\xb1\xee\x16(\xc06'V\xean\x81\xa8(\xae\
\xd8[6\x0e\x02\x90\xc3\xb9;\x87\x00`0\x00Pe\
(vKM\xaah|uP%p\x9d4\x9cT\x0f\
\x94+O\x0cV;\xf8w\xfb\xe1\xd0s\x00\x0a\xdb\x81\
\x80\x88\x88\x88J\xca\xb1R\xc9O\x9a\xbb^\x19\xacn\
\xd0\x00\xb0\xf8\xab*)\xc0s\xde\xb4EDDD~\
2L\xf3\x0d\xb4\x1e=\xe8\x83\xfcr\xba\xba_)\xc5\
\xaf\x01\x88\x88\x88\xca\x80k\x9a\x8f\xe7R\x97S\x00\x10\
\xd7\xcd\xe9`DDD\xa4\x8f\x12\x85\xdaH\xe87\xb9\
\xd4\xe6\x14\x00\x16\x9fW\xf3\x0e\x80\x95\xc54EDD\
D\xfeR!s\xfd\x9ayG,\xcf\xa56\xe7\x07\xfc\
\x88\xc2\xff\x15\xde\x12\x11\x11\x11\xf9\xcdP\xe6S9\xd7\
\xe6|TQ\x7f*\xa8\x1b\x22\x22\x22*\x09e\x9a\xff\
\x93km\xce\x01\xa0.\x1d\xfa\x07\x80\x9e\x82:\x22\x22\
\x22\x22_\x19\xca\x8c\xae\xdf\xb0v\xd0\xfb\xff\xb7\xd5\xe7\
Z\xf8\xf8\xb7TJ\xa0\xfeVX[DDD\xe4\xab\
P\xe8\x05<t\xba\x93ky~\x9b\xfc\x88<\x96w\
CDDD\xe4;\x03\xea\xa1\xfc\xea\xf3Q\x1b~\x14\
@:\xaf1DDD\xe4/e\xd8\x88\x0e\xfdm>\
C\xf2\x0a\x00\x8b\xbf\xaa:\x05\x18p\x7fa\x22\x22\x22\
*-\xc3\x0c\xfd\xab\xed\xfe\x81w\xff\xdbiL\xde\xb3\
\x08\x1e\xce{\x0c\x11\x11\x11\xf9F\xc1| \xdf1y\
\x07\x003\x14~\x14@\xce\x17\x19\x10\x11\x11\x91\x7f\x94\
2\xectm\xe3\xdd\xf9\x8e\xcb;\x00\xfc\xfd\xeb\xaa\x0d\
\xc0\xf3\xf9\x8e#\x22\x22\x22\xef\x19F\xf8\xb5\xce\xdb\x0e\
\xec\xcc{\x5c!\x93)A^W\x1a\x12\x11\x11\x91?\
\x94i\xe4u\xf1\xdfV\x05\x05\x00\xab&\xfc\x00\x80A\
\xb7\x1a$\x22\x22\x22\xff(eXN\xe3\xc8{\x0a\x19\
[P\x00x\xf6kj# |(\x10\x11\x11\x91F\
J\x85^\xd9t\xe3^\x05=\xa5\xb7\xa0\x00\x00\x00J\
TN\xdb\x0d\x12\x11\x11\x91?T(r_\xa1c\x0b\
\x0e\x00\xa1\x86\xf0\xef\x01\xe4u\xcf!\x11\x11\x11y\xc3\
0\xccD}|\xd7_\x15<\xbe\xd0\x81\x7f=S\xc5\
\x00n\x11LDD\xa4\x832BO\xae\xfc\xe5\xa4d\
\xa1\xe3\x0b\x0e\x00[f\xbf\xbf\xa8\xf1DDD\x947\
\x05 d\x9a\x0b\x8b9FQ\x01\xa0e\x98\xf9\x17@\
\xad)\xe6\x18DDD\x94\x1fe\x846\xac]4\xfb\
\xc9b\x8eQT\x00x\xe8t\xe5(\xb8\xffS\xcc1\
\x88\x88\x88(?\xca\x0c\x17\xfd<\x9e\xe2\xbe\x02\x00 \
\xae\xdc[\xec1\x88\x88\x88(7\x0aJjB\xc6\xbc\
b\x8fSt\x00\xf8\xc7\xf9\xb5\xcb x\xa1\xd8\xe3\x10\
\xf9M\xa9\xa2_\xeeT\xc1\x8c\xe2\xdf\x0e\x89JB\x99\
\xe17>^0\xeb\xc3b\x8f\xe3\xc9+^\x94*\xe8\
)DD\xa5\xd4R7Yw\x0b\x14`-\xf5St\
\xb7@\x94\x13\xc30\xef\xf0\xe48^\x1c\x04N\xf8\x01\
\x00\xdd\x9e\x1c\x8b\xc8'\x87\x8e9\x13\xb5\xa1!\xba\xdb\
\xa0\x00RP8r\xdc\x05\xba\xdb \x1a\x942\x8c\xee\
\xb1Nm\xc1\xf7\xfeo/\xe4\xc5A\x16_\xa0\xa2G\
\xff4\xf9k@\x9d\xef\xc5\xf1\x88\xfc0\xb4fW\x9c\
{\xc0cX\xbc\xfav\xac\x8d\xbe\x0d\xdbM\xebn\x89\
43\x94\x81\x11u\x931k\xec\xd71q\xe8\xe1\xba\
\xdb!\x1a\x942#\x0f\xbfv\xe7\xc1\x96\x17\xc7\xf2$\
\x00\x00\x80\x01\xb5\xc8\x01\xceC\xef\xed\x89D\x814\xbc\
n\x22N\x99Z\xf4\xb53DD%\xa7\x94\x92H]\
\xe4z\xaf\x8e\xe7\xd9U/\x7f\xffF\xcdR\x88<\xef\
\xd5\xf1\x88\x88\x88\xa8\x8f2Co|r\xeba\xef{\
u<o/{U\xea\xa7\x9e\x1e\x8f\x88\x88\x88\x00\x00\
\x86\x11\x9e\xef\xe9\xf1\xbc<X\x9d\x15\xf9\x1d \x1b\xbd\
<&\x11\x11Q\xb5S\xa6\xb9i\xfd\xa8#\x0a\xde\xf9\
/\x13O\x03\xc0\xe3\xdfR)\x05\xae\x02\x10\x11\x11y\
\xc94k\xeeA\xabr\xbd<\xa6\xe7O\xbe\xb0\x0d\xfb\
N\x01xy5\x11\x11\x91\x07\x94\xa1R\x91!\xaeg\
\x17\xffm\xe5y\x00x\xf6\xdc\x86uJ\xe1A\xaf\x8f\
KDDT\x8d\x94\x0a\xffy\xf5\xf5s:\xbc>\xae\
/\xcf\xbe4\x94\xe2}VDDD\xc5R@\x18\xb5\
W\xf9qh_\x02\xc0S\xe7F^\x87\xc8s~\x1c\
\x9b\x88\x88\xa8Z\x18f\xf8\xf5O\xee:\xecM_\x8e\
\xed\xc7A\x01@\x19\x5c\x05 \x22\x22*\x86\x8a\x84\xaf\
\xf6\xeb\xd8\xbe\x05\x80\xa3\xd6G\x1e\x15`\xa9_\xc7'\
\x22\x22\xaadF(\xbc\xa2m\xfe\xac?\xf8v|\xbf\
\x0e\xdc\xda\xaa\x5c\xa5\xd4\xad~\x1d\x9f\x88\x88\xa8\x92\x85\
\xcc\x9a\xeb|=\xbe\x9f\x07\xefQ\xe1\xfb\x9a$\xfd#\
\x00\xe3\xfc\x9c\x87(W\xae\x08\x9en\xef\xc0{=1\
\xd8\x22\xba\xdb\xa1\x00\x98X_\x87cF\x0eG\xbdi\
\xean\x85h\x1b\xc3\x08\xb5\xad\x1dy\xf8=~\xce\xe1\
k\x00x\xed\x5ce\xcd\xfdir>D\xdd\xe4\xe7<\
D\xb9\xb0\x5c\x17_|\xf5m<\xdb\xee\xf9\xdd4T\
\xe6&\xd4\xd7\xe1\x91C\xf7\xc7nu\xb5\xba[!\x02\
\x00\xa8Pd\x81\xd7\x0f\xfe\xd9\x91o_\x01le\x85\
k\xee\x02\xc0w\x5c\xd2\xee\x97\xab\xd7\xf2\xe4O\x19\xad\
\x8a'p\xd5\xb2\x15\xba\xdb \x02\x00\x18F\xb8\xa7n\
\xd4\x98[|\x9f\xc7\xef\x09\x9e?[\xf5\x88`\x81\xdf\
\xf3\x10\x0d\xe6\x95\xcen\xdd-P\x80\xbd\xd2\xd1\xa5\xbb\
\x05\xa2^\xe1\xd0OW\xb6NJ\xfa=\x8d\xef\x01\x00\
\x00\xc2f\xe4V(t\x96b.\x22\x22\xa2re\x18\
f\xccM\xb4\xfc\xb8$s\x95b\x92\xbf\x9d\xab\xba\x00\
,,\xc5\x5cD\xd94\xf0\x22/\x1a@C\x88\xaf\x0f\
\xd2\xcf0#wn\xbag\xaf\x9e\x92\xccU\x8aI\x00\
\x00\x89\xc8-\x5c\x05 \x9d\xf8\x06O\x03i4}\xbd\
&\x9ahP\x86\x11\xea\x91hSk\xc9\xe6+\xd5D\
\x8b/Q\x9d\x22\xb8\xa3T\xf3\x11\xedhlm\x8d\xee\
\x16(\xc0\xc6\xd6\xf1\xf5Az\x19\xa1\xf0]m\xf7\xef\
\x1f+\xd9|\xa5\x9a\x08\x00BN\xe4V\x01x%\x16\
i1\xb9\xa1^w\x0b\x14`|}\x90N\xca\x08\xf5\
HO\xe9>\xfd\x03%\x0e\x00\x7f\xff\xa6jW\x00\x9f\
\x0eHZLi\xe4\x1b<e7\x85\x01\x8042\xcc\
\x9a\x85\xa5\xfc\xf4\x0f\x948\x00\x00\x00\xdc\xc8-\x00\xda\
J>/U\xbd\x89\xf5uh\x89Dt\xb7A\x01u\
Ps\x93\xee\x16\xa8J\x19fxsSh\xa4/[\
\xfe\x0e8o\xa9'\x5c|\x81\x8aBp}\xa9\xe7%\
R\x00f\x0e\x1f\xaa\xbb\x0d\x0a\xa0]jj\xf8\x15\x00\
ic\x98\xe1k\x97/\xd8#U\xf2yK=!\x00\
\x8cl\xa9\xb9\x03\x82\x8ft\xccM\xd5m\xf6\x88a\xba\
[\xa0\x00:\xb2\x85\xaf\x0b\xd2\xc30#\xeb\xd6\x8fJ\
\xdf\xaeen\x1d\x93>t\xbaJ\x0b\xa4$\x0f: \
\xda\xdegwiAH)\xddmP\xc0|v\x97\x16\
\xdd-P\x15R\xa2`\x84\x22\xdfE\xeb\xd1\xb6\x8e\xf9\
\xb5\x04\x00\x00\x18\xd5R{\x1f\x807u\xcdO\xd5\xa9\
%\x12\xe1\xa7=\xeagX8\x8cO\xb5\x0c\xd7\xdd\x06\
U!#\x1c^\xbe~\xd1\xe1\xf7i\x9b_\xd7\xc4\x0f\
\x9d\xae\x1cQ\xf2m]\xf3S\xf9\xf0z\xd3\xde\xff\xdc\
m\x17\x8f\x8fH\xe5\xec\xd41\xa3\x106\xbc}+\xe4\
N\xd34\x18\xa5\x14\xc2\xe1\xba\x0b\x01\xa5\xed\xd5\xa2-\
\x00\x00\xc03\xe7\xd5=\x05\xc1#:{\xa0\xe0KZ\
\xde\xfe\xfd\xf8\xec.#1\xa9\xbe\xce\xd3cRy\x0a\
+\x85s'\x8d\xf3\xfc\xb8\xb1\x94\xe3\xf91\xa9\xb2\x98\
f\xcd\xb3k\xe6\x1f\xfa\x17\x9d=h\x0d\x00\x00\xe0(\
|\x07\x80\xef\xbb\x1eQ\xf9Jx\x1c\x00L\xa5\xf0\x0d\
\x1f\xde\xf4\xa9\xfc\x9c:f4\xc6\xd7\xd5z~\x5c\x06\
\x00\x1a\x902\x9c\x9a\x9a\xfasu\xb7\xa1=\x00<w\
~\xed\x0a\x05h\xb9\x02\x92\xcaC<\xed\xfd\x0a\xd9\x17\
\xc7\xee\x82\x89\x5c\x05\xa8j\x11\xc3\xc0\xc5S&\xf8r\
l\x06\x00\x1aH(\x5cs\xff\xaa\xdbf\xbc\xab\xbb\x0f\
\xed\x01\x00\x00\xac\x9a\x9ak\x00\xac\xd3\xdd\x07\x05SW\
\xc2\xfb\x00Pc\x18\xb8~\xfa\x1e\x9e\x1f\x97\xca\xc7\x05\
\x93\xc6\xf9\xf6UPG\xd4\xf2\xe5\xb8T\xfe\x0c\x15\x8a\
\xd6\x8el\xb8Dw\x1f@@\x02\xc0\xf3g\xab\x1eQ\
\xf2}\xdd}P0}\xdc\xe9\xcf\xa7\xa9\xa3[\x86\xe3\
\xf8Q\xbc\xfd\xab\x1a\x8d\xaf\xab\xc5E\x93\xc7\xfbv\xfc\
\x15\x1b\x13\xbe\x1d\x9b\xca\x98\x00\xa1H\xdd5+[\x0f\
\x0c\xc4\xce\xb8\x81\x08\x00\x00\xf0L[\xed/\x01\xbc\xa6\
\xbb\x0f\x0a\x9e\x8f;\x5c\xdf\x8e}\xeb\xbe{b\x97\x1a\
\xee\x02WMBJa\xe1\xfe{\xa3\xce\xf4o{\xe8\
\x8f60\x00\xd0\xce\xccp\xed\xaa\xb5m\xabo\xd2\xdd\
\xc7V\x81\x09\x00hU.\x0c\xf7Bx\x7f\xd7\x17\x95\
\xb9\xd5\x1d\xfe}\x9f\xda\x12\x89\xe0\xce\x03\xf6\x86\xc9\x87\
\x03U\x8d+\xf7\x9c\x84\xc3\x86\xf9\xfbH\xe8\x15\x0c\x00\
\xb4\x03\xa5\x0c\x84\xc3\xf5\xdf\xc0C\xa7\x07\xe6\x02\x91\xe0\
\x04\x00\x00O\x7f\xa3\xfe\x9f\x0a\xf2\xa0\xee>(X\xde\
k\xf3\xf7!YG\x0co\xc6\x0f\xa6\xee\xee\xeb\x1c\x14\
\x0c'\xee2\x12\xdf\xdc\xdd\xbf\xa5\xff\xad\xde\xfe8\xea\
\xfb\x1cT^\x8cP\xcd\x9f\xd7\xcc\x9f\xa1\xf5\xb6\xbf\x1d\
\x05*\x00\x00\x80\xe1\xe2\x0a\x00q\xdd}Pp\xac\xdc\
\xec`c\xd4\xbf\xaf\x01\x00\xe0\xbcI\xe3p>o\x0d\
\xachG\x0co\xc6\xa2\xfd\xf7\x86\xdfk=m]i\
~\x05@\xfd\x18*\x94p\x1b\x86\x9d\xad\xbb\x8f\x1d\x05\
.\x00<\xf5\xcd\xbaU\x10U\xf2m\x11)\xd8\xfe\xb5\
\xc6\xff\xab\xaa\x7f\xb8\xd7d\x9c1n\x8c\xef\xf3P\xe9\
\x1d2l(\xee\x9b\xb1\x0f\x22\x1e?\xf1/\x93\xe7\x96\
\x05\xe2\xfa.\x0a\x0a\x01\xcc\x9a\xdak7\xde4}\xbd\
\xeeVv\x14\xb8\x00\x00\x00jc\xe4V\xf0\x82@\xda\
\xce\xab\xab\xfd\xdf+C\x01\xb8y\x9f=\xf1}~\x1d\
PQ\x8e\x1b5\x02\x0f\x1d\xb2\x1f\x9aB\xa1\x92\xcc\xf7\
\xc2\xfb\x0c\x00\xd4\xc7\x0c\xd7\xaeX\xb7\xfe\xe3\xebt\xf7\
\x91I \x03\xc0\xe2Ve\x8b2\xbe\x0e@\xcb\x0eI\
\x14<\x8b\x97\xa7a\xfb\xfb-\xc06\x17\xee>\x1e7\
\xef\xb3gI>-\x92\xbf\xce\x9e\xb0\x1b~y\xd0>\
\xbe^\xf1\xbf=\xcb\x11<\xf1V{I\xe6\xa2\xe03\
`H$\x149+H\x17\xfem/\xb0\xefp\xcf\x9c\
\x17\xf9\x97\x02n\xd1\xdd\x07\x05CG\xdc\xc5\xcb\xabJ\
\xf7p\x953\xc6\x8d\xc1\xdff\xcd\xc0\xd4\xc6\x86\x92\xcd\
I\xdei\x0a\x85p\xd7\x01\xd3p\xed\xb4=J\xba\xfd\
\xf3\xe2\xa5\x9b\xb1\x99\x0f\x01\xa2-\xcc\x9a\xda\xff\xf9x\
\xc1a\xcf\xea\xee#\x9b\xc0\x06\x00\x00\xa8\xb3k~\x04\
\xc1{\xba\xfb\xa0`x|i\xaa\xa4\xf3Mml\xc0\
\x9fg\x1e\x84\xafO\x1c[\xd2\x93\x08\x15\xe7\xf8Q-\
X<\xfb`|~\xd7Q%\x9f\xfb\xe1\x977\x94|\
N\x0a&\xd3\x0c\xb5\xdbn\xf3y\xba\xfb\x18H\xa0\x03\
\xc0\xe3\xdfR)C\xc97\xc0g\x03\x10z\xbf\x06\xe8\
\xf4\xe1\xb1\xc0\x03i\x0c\x99\xf8\xc9\xdeS\xf0\xb7Y\x07\
c\xd6\x88\xe6\x92\xceM\xf9\x99\xd2P\x8f\xfbg\xec\x8b\
\xfbf\xec\x83\xb1>l\xf03\x98\xf6\xa8\x85\xbfr\xf9\
\x9f\x00((\x18\xb5C\xce\xd9x\xc7\xf4@\xdf\x0f\x1a\
\xe8\x00\x00\x00\xff8\xbf\xeei\x05\xdc\xa3\xbb\x0f\xd2/\
i\x09\x1e\xfc\x97\x9e\xdb\xab\xf6nj\xc0\xef\x0f=\x00\
\x7f<\xfc@\x1c7j\x84\xef\xb7\x92Q\xee\xf6jj\
\xc0\x82\xfd\xf6\xc2\xd3s\x0e\xc1\xa7G\x8d\xd0\xd6\xc7/\
\x9e\xfa\x04I\xabD\x17\xaaP\xa0\x19\xe1\xda?\xaf\xbb\
m\xc6\xefu\xf71\x98\xb2x\x1f;\xf6.\x19j9\
\xc9%\x00v\x93A?\x00\xf6/\xc8\xb7~\xf01\xf9\
\xd4g?P\xe61\xde\xd5\xef<f\xf0O\xce\xf9\xd6\
\xf7\x8d\xc9\xfdSy\xbe\xf5\xbdc\xfa\xea\x87\xd4*\xfc\
\xf1\x9ca\xa8\x8f\xe8}\xe9~\x18\x8b\xe3\xf7k7\xe0\
\xe1\xb5m\xf8(\xce{\xbeK\xad9\x1c\xc6I\xbb\x8e\
\xc4icF\xe3\xe0aC\xb5\xbf\x91E\x93\x0e\x0e\xf9\
\xfeK\xe8\x8ao\x7f\xddr\xfe\xabU\x83\xbf_\xf5\xab\
\xce\xfb\xf8\xb9\x8f\x92\x8c\xff\xe8\xcd\x1c\x19~[\x82\x85\
\xbdB\xdeC\xf3\x9e\x03\x80a\x84\xbb\xc3\xc3G\xed\xfe\
\xc9u{\x07~9H\xf7\xdf\x9b\x9c\xcd]\x14\xff\x82\
(\xf5\x10\x03@n\xf5;\x8f\xa9\x8c\x00\x00\x00\x17\x1d\
U\x8f/\x1f\x12\x9c\xad|\x97Ecx\xae\xbd\x13/\
l\xee\xc4\xdb\xddQ\xacI$\xe1\xe4\xf7NN\x83\x18\
]\x13\xc1^M\x0d\x989\xac\x19\xb3G4\xe3\xc0\xe6\
!\x81\xba.c\xe1\x13\x1f\xe3\xda?|\xb4\xc3O\x19\
\x00r\xfem\x85\x04\x00@\xc1\xack\xfe\xda\xfa\xf93\
\xee\xf5\xf8\xc0\xbe\x08\xce\xdf\xa0\x1c\x1c\xb5(\xf9{\x81\
\x9c<p\x15\x03@\xe61\x95\x13\x00\x1a\x22\x0a\xbf;\
\xbb\x19-\x0d\xc1\xfc\x06+\xed\xbaX\x15Ob}*\
\x85\x98\xed \xee8\x889\x81\xbc\x0b(\x90j\x0c\x03\
\x0d!\x13M\xa1\x10\x86\x85\xc3\x98X_[\xb2{\xf8\
\x0b\xb1\xb1;\x8d9W\xbd\x8a\xee\xc4\x8ew-(\x9f\
}H\x00\x00\x18\xb4IDAT3\x00\xe4\xfc\xdb\x0a\
\x09\x00F\xa4\xe1\xc9\xb6E3?\xed\xe9A}\x14\xdc\
\xbfU\x19\xb8!\xe7\x02e\x1bs\x00p\x0f\xd7*\x16\
K\x0b\x16=\x1b\xc7\x8fNh\xd4\xddJF\x11\xc3\xc0\
\x1e\x8d\xf5\xd8\xa3\xb1^w+T\x02W\xff~E\x86\
\x93?U\x1be\x86\xbaBh\xfe\xa2\xee>\xf2\x11\xcc\
\x8fPY<{n\xc3:\xa5\xd4\x99\xe0]\x01U\xef\
O\xef\xa4\xf0\xfa*n\x19Az\xbd\xb4\xbc\x0b\xbf\x7f\
\x85\xb7\xfeU;\x05@\xd5\xd4\x9f\xfb\xc9\xa2\xe0\x7f\xef\
\xbf\xbd\xb2\x0a\x00\x00\xf0\xf4\xf9\xb5\x8f\x03\xf8\x99\xee>\
H/\x01\xf0\xe3\xbf&\x11Mri\x9d\xf4\x88\xa5\x1c\
\x5c\xfa\xeb\xf7\xf3\x5c\xb6\xa7J\xa4\x22\xf5\x8f\xb4\xdd~\
\xe8\x03\xba\xfb\xc8W\xd9\x05\x00\x00\x88\x85j\xbf\x0d\xf0\
\x01A\xd5nM\x97\xe0\xc7\x7f\xe9\xd6\xdd\x06U\xa9\xcb\
\x7f\xf3\x01Vp\xd7\xbf\xaag\x98\xe1MN\xc3\xf0\xaf\
\xe8\xee\xa3\x10e\x19\x00^;W\xc5E\xdc/A\x90\
\xd6\xdd\x0b\xe9\xf5\xd4r\x17\xbf{\xbdGw\x1bTe\
\xee\x7fv\x1d\x1e\xe1\xd2?)Cj\xea\x9a\xbe\xb8\xe9\
\xc6\xbd\xca\xf2M\xa8,\x03\x00\x00<\xfb\xcd\x86\xd7a\
\xc8\x0fu\xf7A\xfa\xdd\xfat\x1a\xcf\x7f\x10\xe8\x07n\
Q\x05y\xfe\xfdN\xfc\xe0\xa1\x0fu\xb7A\x01\x10\xae\
\xad\xbfc\xf5\xbc\x83\xfe\xa6\xbb\x8fB\x95m\x00\x00\x80\
g6\xd4\xdd\x04\xc1S\xba\xfb \xbd,\x07\xf8\xde\x9f\
\x93X\xf2\x09/\x0a$\x7f\xbd\xbb6\x86\xb3\xefZ\x8a\
t\xa9\xb6\xa6\xa4\xc02\xc2\x91w\xd7\xae[}\x91\xee\
>\x8aQ\xd6\x01\x00\xad\xca\x0d\x99r&\x80\xb2\xba\xf2\
\x92\xbc\x17\xb7\x14.~\xb8\x07\xab6%u\xb7B\x15\
j\xe5\xc6\x04\xbe8\xffm\xde\xf2G0L3\xd18\
$tbP\xb7\xf9\xcdUy\x07\x00\x00O\x9dW\xff\
\x09 \xe7\xe8\xee\x83\xf4\xebL\x87\xf0\x95_\xb5\xe1\x9d\
51\xdd\xadP\x85yom\x0c\xa7\xcc{\x0b\x1b\xba\
y\xd9Q\xb5S\x0a0\xea\x86\x5c\xfc\xe1\xf5G,\xd7\
\xddK\xb1\xca>\x00\x00\xc03\x17\xd4\xff^\x04e\xf1\
\xe8E\xf2WL\x1ap\xc6/V\xe3\x99\xf7:u\xb7\
B\x15\xe2\x85\xf7;\xf1\xf9[\xde\xc0\xfa\xce\xd2nG\
M\xc1dF\xea\x1fY7oFE\xdc\x8a^\x11\x01\
\x00\x00LU\xfb-\x08\x96\xea\xee\x83\xf43\xebG\xe0\
\xdc_\xae\xc0o\xff\xd9\xa6\xbb\x15*s\xf7?\xb7\x0e\
\xff\xb5\xe8m\xf4\xf0y\x13\x04\xc0\x0c\xd5\xacV-\x91\
/\xeb\xee\xc3+e\xb5\x17\xc0`\x8e\xfcir\x0f8\
\xf2\x0a C\xb7\xfe\x8c{\x01\xe4V[H}\xdf\x98\
\xd2\xee\x050H5D\x00\xc7J\xa3s\xe3\xc7\xf8\xf4\
\xbe\xcd\xb8\xe9\x8b\x931\xa4\xae\xac\x9ezM\x9aE\x93\
\x0e\xae\xf8\xed\x07x\xf4\xd5\xbe[\xfd\xf2\x7f\xe0\x0f\xf7\
\x02\xc8\xf9\xb7e\xb0\x17\x80\xa1B\xe9\x86\x86\xc6\x83W\
\xcc;\xf8m\xcf\x9a\xd2\xac\xa2\x02\x00\x00\x1cyG\xec\
D\x88z\x14[\xfe\xdd\x18\x00r\xab-\xa4\xbeoL\
\xf0\x02\x00\x00$\xe3\xdd\xe8\xe9h\xc3\xc4\x96Z\xdc\xf2\
\xa5)8xRS^\xf3Ruziy\x17.\xb9\
\xff}\xac\xda\xd4\xff!?\x0c\x00^\xcdQ~\x01@\
A!T?\xe4\xbf\xd7\xde~\xc8\xdd\x9e6\xa5Y\xc5\
\x05\x00\x00\x98sG\xec\x1a%\xea{\x00\x03@\xae\xb5\
\x85\xd4\xf7\x8d\x09f\x00\x00\x80\x9e\x8e6$\xe3\xddP\
\x0a8\xe5\xe0\x91\xf8\xde\x89\x13\xd0\xd2\x14\xcek~\xaa\
\x0e\x1b\xba\xd3\xb8\xe6\xd1\x8f\xf0\xf0\xcbm\x19\xff\xbe1\
\x00x5G\xf9\x05\x80P]\xe3\xaf\xd7\xcd?\xfc\x0c\
O\x1b\x0a\x00Sw\x03~X}\xc85\x8b'48\
\x87\x02\xd8Cw/\xa4WMm=\xd2\x89\x18\x5c\xd7\
\xc1\xbbk\xe3\xf8\xed?\xdb`(\x85\xbdw\xabG$\
T1\x97\xc0P\x11z\x92\x0e~\xfe\xd4'8\xef\xee\
w\xf1\xc6\xaa\xb2|\xa0\x1b\xf9\xc8\x8c\xd4\xbe?\xa2e\
\xe8\x09\x1b\x17\xdfQq\x17\x82T\xe4\x0a\x00\x00\x1c\xb3\
\xb0{DZ\x85^\x83`\xc2\xc0\x95\x5c\x01(\xb4\xbe\
oLpW\x00\x80\xbe\xeb\x01\x5c\xe9{xKc\xad\
\x89\xd3\x0f\x1b\x85\xf3\x8e\x19\x83QC\x22y\xf5C\x95\
as\xd4\xc2/\x9fY\x8b\xbb\x17\x7f\x82\xce\xd8\xe0\xf7\
\xf6s\x05\xc0\xab9\xcag\x05\xc0\x08\x85\xa3F\xfd\xc8\
}\xd6\xdd2m\x95/MiV\xb1\x01\x00\x00f\xcf\
\x8f\xee\xaf\x0c\xe3\x05\x00\x03l\xcc\xce\x00Ph}\xdf\
\x98`\x07\x00\xa0\xefz\x80\x1d\xd5\x86\x0d\x1c\xbf\xefp\
\x9c4\xa3\x05G\xed\xd5\x8c\x90Y\xd1\x7f%\xaa\x9e\xed\
\x08\x16\xbf\xdb\x81\xdf\xbf\xdc\x86'\xdejG\xd2\xca\xfd\
\x89~\x0c\x00^\xcdQ\x1e\x01@\x19\xca\x8d\xd4\x0c\xff\
\xdc\x9a\xf9\x07\xfe\xd9\xb7\xa64\xab\xf8w\xbb9\x0b\x12\
_\x86\x92\xfb\xb3W0\x00\x14Z\xdf7&\xf8\x01\x00\
\xe8\xbb\x1e \xcb0\x0co\x08\xe1\xb8}\x87\xe3\x88=\
\x86b\xe6\x1eC0z(W\x06*\xc1\xfa\xce\x14\x9e\
\x7f\xbf\x0b\xff\xfc\xa0\x13O\xbc\xd5\x8e\xcdQ\xab\xa0\xe3\
0\x00x5G\xf0\x03\x80R\x80Y\xdb\xf0\xfdu\xf3\
g^\xe3kS\x9aU|\x00\x00\x809\x8b\x12wB\
\xe4\x1b\x99\x7f\xcb\x00Ph}\xdf\x98\xf2\x08\x00\x10\x17\
\x1d\x1b>\x86mgx\x9a[\x861\xbb\x8f\xaa\xc5\xb4\
\xdd\x1a0iT\x1d&\x8f\xaa\xc5\x84\x96Z\x0co\x0c\
\xa3>b\xa0\xa1\xc6DCME^BSv\xa2I\
\x07\xf1\x94\x83x\xdaA{\xd4\xc2\xca\x8dI|\xd8\x16\
\xc7\x8a\x0d\x09,Y\x13\xf5l\xcb^\x06\x00\xaf\xe6\x08\
~\x00\x08\xd7\xd4\xffi\xed\xc2#>\xebkC\x01P\
\x157G7:\xb5\x17\xc7T\xe2\x00Q8\x5cw/\
\xa4\x9120d\xf8\xae;]\x0f\x90\xcd\x8a\x0dI\xac\
\xd8\xb0\xe3\xde\x02\x85\xbfS\x15rG\x8a\xf7s\xe4|\
\xa4<~\x9a\xef\xa1\xf2>=\xe41G\x09\xce$T\
\xd1\xccH\xed\x92a-COY\xab\xbb\x91\x12\xa8\x8a\
\xcb\xa0\x1f\xff\x96J\x898'\x02(\xfbg7Sq\
\xccp\x04\x0d\xcd#u\xb7AD\x01d\x98\xe1\xcd\xb5\
\xf5\x91c\x97\xb4N\xaf\x8aM\x1f\xaa\x22\x00\x00\xc0\xb3\
\xdfj\xda\xa8\x94y\x22\x80\x0e\xdd\xbd\x90^\xb5\xf5C\
P[?Dw\x1bD\x14 \x86a\xa6\xea\xebZ>\
\xb3\xf2\xa6C\xd7\xeb\xee\xa5T\xaa&\x00\x00\xc03\x17\
\xd4\xbc\x0bC\x9d\x0c\x80\xbbzT\xb9\xa6\xe6\x91\x08\x85\
x\x91\x1f\x11\x01J)1\xea\x86\x9c\xfd\xd1\xbc\xe9/\
\xeb\xee\xa5\x94\xaa*\x00\x00\xc0\xb3\xe7\xd7=-\x0a_\
\x05\xbf,\xacn[\xae\x070TU\x5c\x07KDY\
(\x00\xa1\xfa\xc6\xab\xd6\xdd6\xe3\x7ft\xf7RjU\
\x17\x00\x00\xe0\xb9\x0b\xea\x7f\xabD\xae\xd6\xdd\x07\xe9\xc5\
\xeb\x01\x88\xaa\x9c\x02Bu\x0d\xbfY{\xdbaW\xe9\
nE\x87\xaa\x0c\x00\x00\xf0\xcc7\xeb\xafR\x22\xf7\xe9\
\xee\x83\xf4\xea\xbd\x1e\x80\x9b\x04\x11U\xa3p\xb8\xfe\xa5\
\xb5\xeb>>Sw\x1f\xbaTm\x00\x80R\xd2\xde^\
\xffu@-\xd6\xdd\x0a\xe9\xc5\xeb\x01\x88\xaa\x8f\x19\xa9\
\xf9\xd0\xa9k8\x06\x0f\x9d^q\xcf\xf8\xcfU\xf5\x06\
\x00\x00KZU:\xed&N\x02P1\xfb;S\x01\
\x94\x81\xa6\xe1\xbb@\xf1z\x00\xa2\xaa`\x86\x22\x1bj\
\x86\xd6\xcei\xbby\xff\x98\xee^t\xaa\xea\x00\x00\xe0\
\xff\xb7w\xef\xc1q\x95\xe7\x19\xc0\x9f\xf7;\xe7\xec\xae\
wW\x17c\x0ci\x03%)n\xebb\x0c\xb8\xc6\xd6\
\xc5\xc4\x84\xe1\xda4\x85\x90\xc4\x902\xa5S\x0a\xa1\x03\
\xf8\x9a\xce\x04\xd2f@C\x86\xbbAW\x07(\x84B\
 \x99)\x0cab:\x99\xa6i\x88\x8b06\xa5\xa5\
\x84\xb4\x81\xc1`d[\x92/\xb2\xe5\xd5\xfd\xb6{\xde\
\xfe![\x12\xba\xeeY\xed\xee\xd9\xcb\xf3\x9b\xe1\x8f]\
\xbd\xdf\xf9^\x84\xd1>\xfe\xf6\xd5Y\xbc\xb5qQ\xb7\
e\x99\xab\x15\x98z\xa3x*\x1a\x9c\x07 *\x0e\xc6\
\xb2\xbb\xc2\xd1\xe8E\xfb\xee\xbf\xf0\xa0\xdf\xbd\xf8\xad\xe8\
\x03\x00\x00\xec\xb8mA\x8b\x00_\x02\xd0\xe5w/\xe4\
\x1f\xce\x03\x10\x156c\xd9\x03\x8eSv\xc5\xdeGV\
\xec\xf1\xbb\x97\x5c\xc0\x00pB\xf3\xfa\xc8;\xae\x91\xab\
\x00\xf4\xfa\xdd\x0b\xf9'\xcay\x00\xa2\x82$F\xe2N\
\xa0\xf4\xeb\xad\x8d\x17\x14\xd5\xef\xfa\xcf\x86\x01`\x82\x9d\
\xb7\x87w\x03\xfa\x15\x00\x93o\x00O\xc5\x82\xf3\x00D\
\x05GD\x5c\x13.\xbd\xa5\x90?\xda7\x15\x0c\x00\x93\
4\xaf\x8f\xfeRFC\x00\xef\x16X\xa48\x0f@T\
8\x04P'\x5c\xb2\xe9P\xed\x85\xcf\xf9\xddK\xaea\
\x00\x98F\xf3\x86\xe8\xcfU\xe5\x06\x00q\xbf{!\x7f\
p\x1e\x80\xa8\x00\x08`\x07\x22\xf7\xb4\xd6\xaej\xf2\xbb\
\x95\x5c\xc4\x000\x83\x9d\x1b\xc3?\x81\xea\xcd\x00\xe6\xfe\
\xdcX*H\x9c\x07 \xcaov\xa8\xf4\xa1\xb6\xa6\xca\
\xef\xf9\xddG\xaeb\x00\x98\xc5\x1b\x1b\xa3?\x84`\xa3\
\xdf}\x90O8\x0f@\x94\xb7\xec\x05\x91\x86\xf6\xfaU\
w\xf9\xddG.c\x00\x98\xc3\x1b\xeb#\xdb\x04z\xa7\
\xdf}\x90?8\x0f@\x94\x7f\xec`\xe4\xa9\xf6\xfa\xca\
M~\xf7\x91\xeb\x18\x00\x92\xd0\xbc!\xfa\xb0\x00<F\
*R\x9c\x07 \xca\x17\x0a'\x18~\xb6\xbd\xb1\xf2V\
\xbf;\xc9\x07\x0c\x00Ij\xde\x10\xb9\x1b\xa2<N*\
R\x9c\x07 \xcau\x02'\x10y\xae\xad\xb1\xea&\xbf\
;\xc9\x17\x0c\x00\x1e\xbc\xb1>\xfa\x90\x00w\x02P\xbf\
{\xa1,\x1b\x9b\x07\xe0\xff2D\xb9G\x10\x08E\x9e\
ik\xaa\xfak\xbf;\xc9'\xfci\xe6Q\xf3\x86\xe8\
\xc3\x0a\xb9\x1d\xfc\xed\x80\xa2\xc3y\x00\xa2\x5c$\xb0C\
\xd1m\xad\x0d\x157\xfb\xddI\xbea\x00H\xc1\xce\x0d\
\x91'Dq3\x80\xa2\xfd\x18\xc9b\x15\x0a\x97 \x14\
.\xf5\xbb\x0d\x22\x02\x00\x01\x9cP\xa4\xb6\xbda\xf5z\
\xbf[\xc9G\x0c\x00)j\xde\x18}VD\xbe\x06\xde\
1\xb0\xe8D\xcb\x17\xc3\xe2<\x00\x91\xbfD`9\xd1\
\xfb\xda\x1a*\xbe\xe5w+\xf9\x8a\x01`\x1e\x9a\xd7G\
~\xaa\x22_\x050\xe0w/\x94E\x22(Y\xc8y\
\x00\x22\xbf\x88\x88\xdav\xe4\xdb\x07\x9b*\xbe\xebw/\
\xf9\x8c?\xc1\xe6i\xe7\xfa\xc8\xcf\x0c\xf4O\x01\xf4\xf8\
\xdd\x0be\x8f\xe5\x04\x10)\xe3<\x00Q\xb6\x89H\xc2\
\x09Fnm\xdfV\xf1\x88\xdf\xbd\xe4;\x06\x804h\
\xdeX\xf2\x1f\xea\xca\xa5\x00:\xfd\xee\x85\xb2'\x18.\
A\x90\xf3\x00DYc\x8c=\xec\x84J\xaeom\xa8\
x\xda\xef^\x0a\x01\x03@\x9a\xbc\xb99\xf2\xb61r\
9\x80\xc3~\xf7B\xd9\x13-\xe3<\x00Q6\x88\xb1\
{C\xa1\xf0\x95\xad\xf5\xab^\xf6\xbb\x97B\xc1\x00\x90\
F\xcd\xeb#\xef$\x12V%\x80\xdf\xfa\xdd\x0be\x09\
\xe7\x01\x882\xceX\xd6\xb1\xb0\x04\xd7\xb4\xd4\xad\xda\xe1\
w/\x85\x84?\xb5\xd2l\xf7\x96\x05-Nbd\x0d\
\x80_\xf9\xdd\x0be\x07\xe7\x01\x882\xc7\xd8\xce'\xa5\
\xa1\xc0\xf9\x9f<^\xf9\x9e\xdf\xbd\x14\x1a\x06\x80\x0c\xd8\
\xb1ea,\xd6\x19\xb9\x0a\xd0\x1f\xfa\xdd\x0be\x07\xe7\
\x01\x88\xd2\xcf\x0a\x86\xde\xd6\xcf\x97-\xff\xb0\xb6\xba\xcd\
\xef^\x0a\x11?\xe74\x93T\xe5\xa2\x86\xde{Tp\
7&}\xafu\xda\x9b\x09\xcf|\x87a\xaf\xf5S\xd7\
\xcc}\xf7b\xaf\xf5\xe3k\x92\xbf3\xb2\xd7\xfa\xd15\
^\xeau\x86\xef\xd5\xcc\xf5\xa3{\xa4\xa1^\x15\xb1\x8e\
\x03H\xc4\x87\xa7_9\xe7\x1e\xf3\xbf\xc3\xb4\xb7\x7f\xf7\
Y\xaf\xe4\xe1Y\xaf\x97\x9a\xe3\xcf\xed\xbc\xf6\xc8\xdc]\
\xba\xbd\x7fo\xbd\xf7\x92\xca\x9f]\xcf{x\xadJa\
\x1b\xcf\xff\x85'?%\x80m/x\xb5\xfdH\xd5\xb5\
xIx\xc3\xb5\x0ca\x00\xc8\x825\x8d=\xd7C\xf1\
,\x80\xd0\xc9\xe7\x18\x00\x92\x977\x01\x00@bd\x18\
]G[\xa1:\xf5N\xd1\x0c\x00\xc9]\x85\x01 s\
\xd7O~\x95\x7f\x01@\x04\xb0\x83\xd1'\xda\x1a*n\
\xf3\xbe3y\xc1\xb7\x00\xb2`\xe7\x86\x92\x7f6\xa2\x97\
\x018\xeaw/\x94Y\x9c\x07 J\x9d\x11\x19v\x16\
D\xbf\xc9\x17\xff\xec`\x00\xc8\x92\xe6\x0d\xa5;-u\
\xab\x15\xd8\xe3w/\x94Y\x9c\x07 \xf2\xce\x18\xab\xcb\
v\x16\x5c\xd9Z\xc7\xdf\xf1\xcf\x16\x06\x80,z}S\
\xd9\x9e\x80%k\x01\xec\xf6\xbb\x17\xca,\xde\x1f\x80(\
y\xb6\x13\xfc8\x12^\xb4\xbc\xb5\xa9j\x87\xdf\xbd\x14\
\x13\x06\x80,\xdbqG\xf4P\xac3z\xb1\x02O\xf8\
\xdd\x0be\x90\x08J\x16\x9e\x0e\x11\x8e\xd9\x10\xcd\xc6r\
\x82\xaf\x9b\xb3\xcfZ\xfe\xf1c\xcb\x0f\xf8\xddK\xb1\xe1\
O'\x1fU\xd7\xf5\xfe%D\x9f\x04\x10\x1e}\x86C\
\x80\xd3\xaf\xc9\x9f!\xc0\xc9\xb5C\xfd=\xe8\x8d\x1dI\
r\x0d\x87\x00\xe7\xbf\x07\x87\x00\xd3\xb3*\xf3C\x80\x22\
\xe2ZN\xb8\xa9\xbd\xb1r\x93\xf7\x1d(\x1dx\x02\xe0\
\xa377G_\x80+k\x00\xec\xf5\xbb\x17\xca\x8c\xd1\
y\x80\x12\xbf\xdb \xca)F\xa4?\x18,\xfd\x06_\
\xfc\xfd\xc5\x00\xe0\xb37\xb7D\xdf\xd5\x84\xbb\x0a\x82\x9f\
\xfb\xdd\x0be\x06\xe7\x01\x88\xc6Y\x96\xb3/d\x87V\
\xee\xaf\xbf\xf0%\xbf{)v\x0c\x009`\xd7\xb7\xca\
:?\xfb\x99\xe8\x9fAp?2y\x86I\xfe\xe0<\
\x00\x11\x04\x80e\x07\xfe5x\xda\x99K[\x9a\xaa?\
\xf0\xbb\x1f\xe2\x0c@\xce\xa9\xaa\xeb\xfe\xb2\x08\x9e\x07P\
>\xf1y\xce\x00$]\x9dS3\x00\x13\x0d\xf6\x8d\xcf\
\x03$S\x9f\x0a\xce\x00p\x06 =\xab\xd2;\x03 \
\x82\xb8\x1d\x08\xdf\xdb\xd6P\xf9=\xefW\xa3L\xe1\x09\
@\x8e\xd9\xb5\xb9\xf4_\x12\xd0\xd5\x00~\xe3w/\x94\
^\x9c\x07\xa0bd\x89u8\x18\x0c\x5c\xc2\x17\xff\xdc\
\xc3\x00\x90\x83\xde\xdaT\xb6'`\x0fV+\xf0\x03\xbf\
{\xa1\xf4\x8a\x96-\x86\xcdy\x00*\x02\x02\xc0v\x02\
\xff\x1e7\xa7.\xd9_\x7f\xd1\x1b~\xf7CS\xf1-\
\x80\x1cWU\xdf}\xad\x00O\xa9b\xd1\xd4\xaf\xf2-\
\x80i\xaas\xf6-\x80\x93k\xc6?/`\xf2E\xf8\
\x16\xc0\xfc\xf7\xe0[\x00\xe9Y5\xbf\xb7\x00\xc0#\xff\
\xbc\xc0\x13\x80\x1c\xb7kS\xe9+\x9a\xb0\xcf\x07\xf0\x9a\
\xdf\xbdPz\xf0\xf3\x02\xa8\x90\x19\xdb\xde\x1fX\x10\xa9\
\xe2\x8b\x7f\xee\xe3\x09@\xbeP\x95\xaa\x86\xee\x8dPy\
\x08@\xf0\xc4\x93s,\xf9\xd4\xa3$\xb6\xf0V?\xbe\
\x86'\x00\xb3\xd5\x8e=\x9a\xb4\xa67v\x04C\xfd=\
3\xd6\xa7\x82'\x00<\x01H\xcf\xaa\x94N\x00\xd4\x0a\
\x04\xb7\x07\x16\x0d\x7f\xa3\xa5\xe6\x92A\xaf}Q\xf61\
\x00\xe4\x99\xea\xfa\x9es\x15\xfac(\x963\x00L[\
\x9d7\x01\x00\xaa\xe8\xeahE<><m}*\x18\
\x00\x18\x00\xd2\xb3\xca[\x000\xc6\xc4\xac@\xe4\x96\xd6\
\xfaU/\xa7\xd4\x14\xf9\x82o\x01\xe4\x9977\x95\xfc\
o\xb0\xb4d\xb5B\x1a\x90\xc9\x9fv\x94y\x22\x88\xf2\
\xfe\x00\x94\xe7l\xdby+\x14\x08-\xe5\x8b\x7f\xfe\xe1\
O\x9e<VY\xd7}\xb5@\x9f\x060\xed\x1b\xca<\
\x01H\xae~t\x8fL\xd4\xcfq\x02p\xc2\xf8\xe7\x05\
\xf0\x04`\xfe{\xf0\x04 =\xab\x928\x01\x10\xd3o\
B\x81\x7f8XW]\x97R#\xe4;\x9e\x00\xe4\xb1\
\xdd\x9bK\xb7\xc7\x1d\xeb<\x01\xb6\xfb\xdd\x0b\xa5\x8e\xf7\
\x07\xa0|c,\xfb\xedp\xc49\x87/\xfe\xf9\x8d'\
\x00\x05\xa2\xaa.\xb6\x0e\x90m\x98p\x1a\xc0\x13\x80\xe4\
\xeaG\xf7\xc8D}r'\x00'\xbf\xd8\xd5q`\xc2\
<@jx\x02\xc0\x13\x80\xf4\xac\x9a\xfe\x04\xc0\xc0\x0c\
:\xa1\xf0\xc3\xfb\xebW\xdf\x93\xd2\xe6\x94Sx\x02P\
 vm.\x7fIF\xcc\xb9P<\xefw/\x94\x82\
\xb1y\x00\xfe/I\xb9\xc9\xb2\x9cw-+\xb0\x9c/\
\xfe\x85\x83'\x00\x05\xa8\xba.\xf65\x854\xa9\xe23\
\xe3\xcf\xf2\x04`\xa6\xfa\xd1=2Q\xef\xe1\x04\xe0D\
\xfd\xf8<@jx\x02\xc0\x13\x80\xf4\xac\x9aP%V\
\xb7\xb1\x9c\xbb\x0f6U\xd7\xa7\xb4!\xe5,\xfeu\xa3\
\x00\xbd\xb9\xb9\xfc\xe5\xe1\xc1\xc4R(\x1a\x00$\xfc\xee\
\x87\x92\xc7y\x00\xca\x15\xa2P\xcb\x09\xfe[Iy\xc9\
\x12\xbe\xf8\x17&\x9e\x00\x14\xb8\xca\xda\xd8\x9f\x08\xe4I\
\x85^8W-O\x00\xd2]\xef\xfd\x04\xe0d\xe1\xa7\
\xef\x0f\x90<\x9e\x00\xf0\x04 \x1d\xab,1\x07-'\
x\xdb\x81\x86\xca\x9f\xa6\xb4\x09\xe5\x05\x9e\x00\x14\xb8\xdd\
[\xca\xdf\x19\x0e\x97V\x03\xb8\x13@\xbf\xdf\xfdP\x12\
8\x0f@\xbe\x91\x11\xdb\x0e\xfc\xe3\xc2\xd3\x0f\x7f\x8e/\
\xfe\x85\x8f'\x00E\xa4\xea\xb1\xa3\x9f\x85X\x0f(\xe4\
\xc6\xe9\xbe\xce\x13\x80t\xd7\xa7x\x02p\xc2`\x7f\x0f\
\xfa<\xce\x03\xf0\x04\x80'\x00\xa9\xae\xb2\x8c\xfd\x9eq\
\x9c\x1b[\xeb+\xdfK\xe9\xc2\x94w\x18\x00\x8aPe\
\xed\xf1/\x02\xd2\x08\xe0\xdc\x89\xcf3\x00\xa4\xbb~~\
\x01@\x15\xe8\x8b\x1d\xc1\xd0@\xcf\x0c\xf5\xd3\x5c\x81\x01\
 \x95\xd5\xc9mQ\xa0\x01\xc0\x88\xd5a\xdb\xce\xb7\x0f\
4V=\x9b\xd2\x05)o\xf1\x8c\xb1\x08\xed\xde\xb2p\
G\xa8\xabl\x85\xaan\x06\xd0\xe5w?4\xb3H\xd9\
bXV\xc0\xef6\xa8\x00\x191\x83\xb6\x13|2x\
z\xe2\xf7\xf8\xe2_\x9cx\x02P\xe4*\xeazO7\
\x1a\xbfW\x81\x9bUa\x8d\x7f\x85'\x00\xf3\xaf\x9f\xff\
\x09\x00\x00\xb8#\xc3\xe8:\xd6\x06Uw\xee\x1dy\x02\
\x90\xca\xea\xe4\xb6(\x98\x13\x00u-\x13x-Pj\
}\xb3\xe5\xc1\xaa\x96\x94.B\x05\x81\x01\x80\x00\x00U\
[\xbb\x97\xaa\xe5\xde\xab\x8au\xa3\xcf0\x00\xcc\xbf>\
=\x01\x00\x00\x86\x06\x92\x9b\x07`\x00`\x00\x98\x8d\x18\
\xfb\x03\x13\x08\xdc\xd1VW\xf1\x9a\xe7\xc5Tp\x18\x00\
\xe8S*kc\x97\xa9b+\xa0\xe7'S\xcf\x000\
w\xed\xd8\xa3y\x04\x00 \xb9y\x00\x06\x00\x06\x80\xe9\
\x18cZ\x8d\x13\xfcNk}\xe5\x0b\x9e\x9b\xa2\x82\xc5\
\x00@S\xac{Q\xad\x03\x07b7\xaa\xa0\x06\xc0Y\
\xb3\xd52\x00\xcc];\xf6h\x9e\x01\xe0\xe4\xfd\x01\x12\
\x89\x99\xef\x0f\xc0\x00\xc0\x000\x91\x18\x133\xc6y\xac\
mm\xd5\xfd\xb8NxS0\xfa\x14\x06\x00\x9a\xd1\xca\
'\xd5\xb1\xfb\xbbn\x82j\x0d\x80\xdf\x99\xae\x86\x01`\
\xee\xda\xb1G\xf3\x0d\x00\x98{\x1e\x80\x01\x80\x01\x00\x00\
D\xa4\xdf\xb2\xed\x1f\x0f-Z\xb8\xa5\xa3fY\xaf\xe7\
F\xa8(0\x00\xd0\x9c\xce{\xe4P$lB\xebU\
\xf4.\x00\xe5\x13\xbf\xc6\x000w\xed\xd8\xa34\x04\x00\
`\xf6y\x00\x06\x80\xe2\x0e\x00b\xcc\x80\x88\xfd\x93\xb0\
Il\xf9\xa8qm\x87\xe7\x06\xa8\xa80\x00P\xd2\xd6\
<\xd4Q\x92\xb0\x9d\xdb\xd5\xe8\x9dP,\x04\x18\x00\x92\
\xa9\x1d{\x94\xa6\x00\x00\xcc<\x0f\xc0\x00P\x9c\x01@\
\xc4\x0c\xc3\xd8\xdb\x83\xe1\xf2\x0d-\x8f,;\xe4yc\
*J\x0c\x00\xe4\xd9\x05\xb5\xc7\xcbC.6\xab`\x93\
*\xca\x19\x00f\xaf\x1d{\x94\xc6\x000\xd3<\x00\x03\
@q\x05\x00\x113(\x96\xf3\xca\x82\xc0\xc8\x9d\x1f?\
v\xf1\x01\xcf\x1bRQc\x00\xa0\x94]P{\xbc<\
\xe0b\x13\xa0\x1b\x01\x9c\x92\xcc\x1a\x06\x80\xf4\xd5\xbb#\
C'\xe6\x01\xc6\x0b\x19\x00\x8a#\x00\x18#}0\xf6\
\x8bA\xcb\xfa\xce'\xf5\x95\x87=oD\x04\x06\x00J\
\x83%\x0d\x1a<e$v=T\xff\x1e\x82?\x9a\xad\
\x96\x01 \xbd\xf5\xa3\xf3\x00\xe3o\xf52\x00\x14v\x00\
\x10#\xbd\xb6\x13\xfc\x91%\xc1\xbbZ\xeaV\xc4<o\
@4\x01\x03\x00\xa5\xcd\xba\x17\xd5\xda\xbf\xbf\xf3Z\x15\
\xf9;\x00\x95\xd3\xd50\x00\xa4\xbf\xbe/\xd616\x0f\
\xc0\x00P\x98\x01@\x8c9bl\xe7)\xb1\xf4\xbe\xd6\
\xda\xea\x01\xcf\x17&\x9a\x06\x03\x00eD\xc5\xd6\xd8J\
5\xee&(n\x00\xc6o1\xcc\x00\x90\x81zUt\
u\xb4!\x91\x18f\x00(\xb0\x00`\x19k\xaf\x184\
\xb4\x1e>\xd8\x84\x97\xae\xe3\xef\xf1SZ1\x00PF\
\xad\xaa\x8d\xfd\xbeq\x13\x9b\x14r\x0b\x800\x03@f\
\xeaO\xde\x1f\xc0u\xd3\xf5\x02\xc8\x000e\x8b\xec\x05\
\x80\x84\xe5\xd8\xbbl\x95{\xf65\xad\xe1-{)c\
\x18\x00(+Vn\xed>\xd56\x89\xdb]\xd7\xbd\x03\
\xc0i^\xd62\x00$W?4\xd0\x83\xde\xe3\xe9\xfa\
\xd5o\x06\x80)[d:\x00\x88\xf4Z\xc6\xd9n\x85\
\xac\xef\xee\xdbZ\xf1\x89\xd7\xdd\x88\xbcb\x00\xa0\xacZ\
V\xa3\x81HI\xe75\xaa\xb8\x15\xc0\xa5H\xe2\xcf \
\x03@r\xf5\x00\xd0\x1b\xeb\xc0P\xff\xec\x9f\x17\x90\x1c\
\x06\x80)[d(\x00\x18c\xb5\x8ae?\x1d\xd2S\
\x1f\xfc\xa8\xf1\x0f\x86<7F\x94\x22\x06\x00\xf2\xcd\xea\
G;\xfeP!\x7f\x03\x95[\x00,\x9a\xa9\x8e\x01 \
\xb9z\x00PW\xd1}\xb4\x0d\xf1\xf8\xcc\x9f\x17\x90\x1c\
\x06\x80)[\xa41\x00\x88`HL\xa0\xd9\x0eY\x0f\
\xec\xdb\xcaO\xe6#\x7f0\x00\x90\xefV\xd6\xb4\x87M\
I\xe0:\xa8\xdc\x04\xe0\x0b\x98\xf4\xe7\x92\x01 \xb9\xfa\
\x93k\xdc\x91atu\xb6A\xe75\x0f\xc0\x000e\
\x8b4\x04\x001\xe6\x13\xb1\xec\x17\x16\xa8\xd9\xfaQc\
ewZ\x1a#J\x11\x03\x00\xe5\x94U\x8f\x1e;S\
\x5c\xb9AE\xff\x16\xc0\xe7\x01\x06\x80d\xeb'\xae\x99\
|\x7f\x00\xef\x18\x00\xa6l\x91j\x00\x10\xd3ml\xe7\
\x17H\xb8\x8f\xb6m[\xb3+\xdd}\x11\xa5\x8a\x01\x80\
rS\x8d\x9a\xd5\xd1\xce\xcb\x15z\xa3*\xae\x01\x10M\
n!\x03\xc0I}]\xf3\x99\x07`\x00\x98\xb2\x85\x87\
K\x0btD\x8c\xfd\x96\xb1\xecg\x0e\x9cR\xf1<j\
$\x9e\xb1\xc6\x88R\xc4\x00@9oeM{X\xa2\
\xce5P\xf9\x0b\x00W\x02\x08\xcc\x5c\xcd\x000\xf1A\
\xea\xf3\x00\x0c\x00S\xb6\x98\xfb\xd2\x09cY\xef\x8bq\
^\x8eF\xd0\xf8\xc1\x03\x15\xc72\xd6\x0cQ\x1a0\x00\
P^Y}\x7f\xf7\x22\xd7\x19\xfa:T\xd6A\xf0E\
L\xb8\xc9\xd0(\x06\x80\x89R\x9f\x07`\x00\x98\xb2\xc5\
\xf4\x97v-c>\x80em\x0fH\xe0\xf1\xbd\xf5\x17\
\xee\xcfX\x03Di\xc6\x00@yk\xe5\xd6\xeeS\x81\
\x91\xaf\x88\xba_\x05\xe4R\x00\x01\x06\x80\xa9U\xa9\xcd\
\x030\x00L\xd9b\xfc\xd2\xae1\xd6\x87*\xb2=\x10\
7\x8f\xb7<Q\xd5\x92\xb1M\x892\x88\x01\x80\x0a\xc2\
\x05\xb5\xc7\xcb\xedD\xe2\xcf\xa1\xb8ZU\xaf\x00P\x9a\
\xdc\xca\xc2\x0f\x00\x00\xd0\xd7u\x04C\xfd\xbds]p\
\xd6k\xcf\xfc\xac\xd7K\xe5a\x00P\x0c\x8aX\xbf\x11\
[~\xe6\xc6\xe3?h\xff>?z\x97\xf2\x1f\x03\x00\
\x15\x9cu/\xaa\xb5woG\x15,|\x19*W\x03\
\xf8\xe3\x99\xab\x8b#\x00@\xdd\x13\xf3\x00#s]t\
\xc6k\xcf\xfc\xac\xd7K\xe5G\x00\x10AL\xc4zW\
\x8c\xbc\x1a\xd4\xae\xa7?j\xfc\x12\x7fm\x8f\x0a\x0a\x03\
\x00\x15\xbc\x95[\x8f.U\xd5\xabDq9\x80\x8b\x01\
D\xc6\xbfZ$\x01\x00zb\x1e\xa0=\xc9y\x80\x22\
\x0c\x00*\xc30\xb2G\x80\x9d\xae\xe2\x95\x83\x1d\x07\x7f\
\xc1\x0f\xe0\xa1B\xc6\x00@EeY\x8d\x06\x16D\x8e\
VC\xe5r@\xafP\xe8\x0a\x00V1\x04\x00\x00\x18\
\x1a\xe8Mr\x1e\xa0\xf0\x03\x80B\x5cq\x13\xed\xc6\xb2\
\xdfv%\xf1j\xf8x\xff\xcb\x1f\xfd\x88\x7f\xcb\xa7\xe2\
\xc1\x00@Em\xe5\x83\x9dej\x12_\x80b-\x14\
k!\xba\x12\x80=\xf3\x8a\xfc\x0e\x00\xc0\xc9\xfb\x03\xcc\
5\x0fP\x80\x01@\x91\x80A\x9b\x88\xfd.\x04\xaf\xc7\
\xfb\x06^9\xfc\xcce{S\xd9\x8e\xa8\x100\x00\x10\
M\xb0\xac\xe6H4\x14\xd6j\xd7\xc5\x1a\x81TBP\
\x01\xa0l\xbc\x22\xff\x03\xc0\xf8\xfd\x01f\x9b\x07(\x80\
\x00\xa0\x18\x86\xa0E\x8c\xf5?\x22\xf2\xcb\xa1\xc4\xf0\xab\
\x1d\xdf\xbf\xe4P*\x97'*D\x0c\x00D\xb3\xa9Q\
\xb3\x22\xda\xb9T\x12\x89\x0a@+\x05X\xad\xc02U\
8s/\xce\xd1\x00\x00$1\x0f\x90w\x01 \x0e\xd5\
\xc3b\xcc\x1e\xc0\xfc\xb7\x01\x9a\xfbb]\xbf\xea\xe4\x91\
>\xd1\x8c\x18\x00\x88<ZV\xf3\x7f\x81`\xf0\xb4\xe5\
j\x12\x17\xa8\xca\x0a\x01V\x008\x0fSnW\x9c\xbb\
\x01\x00\x98k\x1e \x87\x03\x80\xbaC\xa28,bZ\
\x5c\x0b\xef!\x91x\xc3\x1d\xb0^;\xf4Ok\xe7\xf3\
\xe1\x07DE\x87\x01\x80(\x1dj\xd4\xac\x0a\x1e\xf9\x5c\
\xc2\xd2s\xe0\xca9\xaa8\x07\xa2\xcb\x00,\xc5\x89`\
\x90k\x01\x00\x00zc\x1d\x18\x1e\x98n\x1e\xc0\xff\x00\
 \x8a!W\xdd\xe3\x22\xd2.F>\x14\xe8\xaf5\x8e\
\xff\x1c\xe8\xe9\xfb/\xfe\xcd\x9eh\xfe\x18\x00\x882I\
UV\xdd\xd7~\xc6\xb0c\x96\x88+g\x0bd\x89\x0b\
w\x89\x88\x9c\x0d\xc5\xd9\x00J&\x14OZ:\xe7\xc5\
\xa7\xd9.\xf9Z\x00Pwt\x1e \x91\x98<\x0f\x90\
\xa5\x00\xa0:\xa8\xa2]F\xac\x0e\xb8\xee\x01X\xf6\x1e\
\x8d'\xde\x1f\x19\xea\xfb\xf5@\xfc\xc8\x87=\xcf\xfdU\
'D\xd2\xf7\xcb\xfdD4\x86\x01\x80\xc8G\xcb\x1f\xd8\
\xb7\x10\x12<\xc3\xb88\xcb\x18=S]=CE\xce\
\x84\xe0w\xe1\xe2t\x00\x8bO\xfcc\xa6\xaeNC\x00\
P\xc0\x8d\x0f\xa3\xfbX\xfb\xa4\x8f]\x9eg\x00P(\
\xe0\xf6C\xb5\x1fb\x8eC\x10\xb3\x8cu$\xa1\xdaf\
%\xd0\x920\xf1\x8f\xe3\x03C\xef':\x06\xf7\x1d\xdd\
~M\xaa\x1fYHD\xf3\xc0\x00@\x94\xe3\xd6\xbd\xa8\
\xd6o[:\x16\x1b\xd7],\x8a\xc5P=\x05\x22\xe5\
P-\x87j\xb9\x88\x96\x03R\x0eEX\x05%P\x84\
\x00,\xc0\xe8\x0d\x8f\x02\x00\xca\x00\x9d\x18 N~}\
,0\x0c\xf5\xf7\x0c\xf5u\x1d\x81\x88\xa8\xc8\x89RM\
\x0c\xc2Xqu\xdda\x11\x19\x86\xc80T\x07\x01\x0c\
\x8b\x91n\x85t\xc1\x95.\x88\x1e\x07\xf4\x18\xa0\xc7\x8c\
H\xc7\xc0\xe0H{b\xa0g\x7f\x89\x89\x1eky\xf6\
\x92\xc1\xac}\xa3\x88\xc8\x93\xff\x07\xcb\xa9OK~\xd5\
\xb5f\x00\x00\x00\x00IEND\xaeB`\x82\
\x00\x00}\xe2\
\x89\
PNG\x0d\x0a\x1a\x0a\x00\x00\x00\x0dIHDR\x00\
\x00\x02\x00\x00\x00\x02\x00\x08\x06\x00\x00\x00\xf4x\xd4\xfa\
\x00\x00\x00\x04sBIT\x08\x08\x08\x08|\x08d\x88\
\x00\x00\x00\x09pHYs\x00\x00\x0e\xc4\x00\x00\x0e\xc4\
\x01\x95+\x0e\x1b\x00\x00\x00\x19tEXtSof\
tware\x00www.inksca\
pe.org\x9b\xee<\x1a\x00\x00 \x00ID\
ATx\x9c\xec\xddw\x9c\x1de\xbd?\xf0\xcf\xf7\x99\
S\xb7d7\x9bNB \x09\x04$\x90\xd0BH\x82\
\x02W\xa5\xa8\x14E\x10\x01\x11DE\x8a\x14\xb9J\xf1\
\xa2+(\x88TE\xd1\x80\x8df\x01\xaf\xdc{\x7fr\
\x05\xb9\x02*M\x0dHI%$!\x09\xe9\xc9&[\
O\x9by\xbe\xbf?v7\xd9\x9e\xdd\xb3s\xce\xf3\xcc\
\xcc\xf7\xfdz%{v\xf6\x9c\x99\xefi\xf3|\xe7\xa9\
\x04!\x84\xf5N}\xe1\xd4\xea\x96\x5c\xacnG>\xbd\
_\xb3N\xcc,\x14\x9ci\x00\x8f\xd2Z\x8db\xa0\xd6\
\x03\xd50\xa3J\xb3Jz\x8c\x18C\xc5\x98Yi\x90\
\x02\xa0\x00\xc0\xd3\xca\x011\x01\x80\xd6D\x0c\x02\x00(\
0H1\x03\x80bxD\x1d\xb7\xc1\x05\x10\x83\x98\x98\
H\xe7\xc0\x04\x02\x17\x94\x83\x16\x22\xec\x04\xf4\x0e\x07\xd8\
F\x84\xcd\xcc\xb4\xc1Qz\x9d\xe7\xd2\x9a\xb8\xa2\xd5k\
\xce\xb8\x7f\xa3\x99WJ\x081Xd:\x00!\xa2\xec\
\x88\x85_\x8c\x8fi\xde2Q)5\xd9c\xecC\x84\
}\x98h2XMf\xd6\x93\x01\xaac\xa0\x0e@\x1c\
\x00\xb8\xbd\xfc\x86f \xaf\x15\x0a:\x86\xbcG(x\
\x0erZ!\xef\xc5\x90\xd3\xaa\xfd\xb6\xeb@\x0f\xf5+\
\xce\xbb\xfe\xebc{\x1f\x1b\xfa\xb8+\x00\x10\x18\x0a\xac\
\x1d\x85\x82R^\xb3\x03lS\x0a\xeb\x89\xf0\x8e\xe3\xf1\
b(\xef_H\xc7^\xdbp\xca\xfdmC\x0bP\x08\
\xe1\x17I\x00\x84(\xb1S\x9e;e4\xc7\x92\x07\x83\
\xbd\x03A\xd8G\x83&\x83\xb1\x0f\x03\xfb\x80i\x02\x00\
\xa7\xb3\x1c\xddU\x9e2\xa1\xd76\xecN\x00\xban\xe7\
\x8e\xfb\xf7\xda\x06\xa0\xe0:\xc8j\x079\xed \xeb*\
d\xdd\x18\xb2\x9e\x83\xac\x8e\xc1\xd3}|\xfd}J\x00\
\xc0}\xff\xa1\xebf\x02\xc3Q\xdas\x1c\xb4:\xe0\x06\
\x07\xb4\x89\x94^\xed0\xff#\x9d\xc8\xff\xef\xaaO<\
\xf4v?{\x17B\xf8@\x12\x00!|r\xfas\xa7\
\xd7\x22\x86i.h\x06\x01\x07\x01\x98\xc1\xed?\xa7\x0e\
\xb5\xe0\xf6+\x01\x18h?\xae&d\xbc\x18\xb2\xae\x83\
\x8c\x17C\xc6\x8b\xa1\xad\x10\x83\xa7\xfbxr%H\x00\
\xba=\xb8\x8f\xbb;Js\x5cq\x93\xa3\xf8=Ez\
\x89\x22\xbc\x9cv\xbc?\xbe\xfb\xc9_.\xeb\xe7\xa8B\
\x88!\x90\x04@\x88\x22\x9c\xf2\xc2)\x93c\x1c\xfb\x10\
+\x9e\xc9\x8c\x19\x00fp\xfb\xd5|\xf7\x82\xb6\xf3\xa7\
\x85\x09@\x9f\xb12!\xafU{BPhO\x0c\x9a\
\xf2qx^\xcfSE\xe9\x13\x00\x80\xfbN\x0c\x88u\
\xcc\xe1\x9d\x8e\xc2:\x87\xf8_\x8ax\xc1\xe6\xb3\x7f\xfa\
J?\x91\x08!\xfa!\x09\x80\x10\x83t\xe6\xe23\x13\
\x85\xc6\xc2\x05\xa4\xf1e\x06\x0e\x06\x06Y\xa8\x22X\x09\
@\xcfm\x0c\xa0\xb5\x10\xc3\xd6\xd64\x1a\xf3\x89\xee{\
3\x90\x00t\xbf\x7f\xfb\x8dx\x8c\xb3IG\xff\x8eb\
\x8d\x97l=\xeb\xf1\x96~\x1e%\x84\xe8B\x12\x00!\
\x06\xe1\x93/\x9e~\x82\x07\xfe)\x80\xbd\x87\x5c\xa8\xc2\
\xff\x82\xdb\xaf\xfd\x0c&\x01\xe8\xfa\xb7\x8c\x1b\xc3\xda\xe6\
Jd]\xd5{\xa7]\x959\x01\xe8\xbc\xe98p+\
\x92\xde\x8d[\xcf\xfe\xe9w\xfby\xa4\x10\xa2\x83$\x00\
B\x0c\x84Ag\xbct\xda\xad\x0c|\x8d;\xbf/\x11\
N\x00\x00\xc0c`CK\x05\x1a\xb2I\xeb\x12\x80N\
\xe9$\xbf\xbc\xe3\x9c\xfb\x8f\x01\xa1\xaf\x1e\x0dB\x08t\
\x8c\x0f\x16B\xf4\x81Ag\xbcx\xda\xbd\x0c\x5c\x0bI\
\x96wQ\x04L\xaanC]*g:\x94~er\
4w\xe4\xa3_|\x0d,\xef\x9b\x10\xfd\x91\x04@\x88\
~|\xe2\xc5S\xaf\x03\xe12\xd3q\xd8jbu\x1b\
\xaa\x13\x05\xd3a\xf4+\x93\xa7Y\xa3\x7f\xf5\x85'M\
\xc7!\x84\xad$\x01\x10\xa2\x0fg\xbct\xeaaDT\
o:\x0e\xdb\xed]\xd3\x86\x98\xb2\xb7\x96\xbd5G'\
\x8f\xfd\xf5E\x9f1\x1d\x87\x106\x92\x04@\x88\xbe\xfd\
\x10@b\x8f\xf7\x8a8\x874\xc6U\xda\xdb\x14\xc0\x00\
\xb29u\xaf\xe98\x84\xb0\x91$\x00B\xf4\xf0\xc9\x17\
N{?\x80y\xa6\xe3\x08\x8a\xdad\x0e1\xd5_o\
=\xf3\xf2\x1e\xd5\x8c\xfe\xcdE\x17\x9b\x8eC\x08\xdbH\
\x02 DO\x8a/2\x1dB\x90(\x02jSy\xd3\
a\x0c\xc8u\x9dkL\xc7 \x84m$\x01\x10\xa2\xb7\
\x0f\x9a\x0e h\xaa\xe2\xf6v\x06\x04\x80|\x81\xa7\x9a\
\x8eA\x08\xdbH\x02 D\x17\x9fz\xf1\xf4i\x00&\
\x99\x8e#h*\xe2\x9e\xe9\x10\x06\xa459\xa3\x7f\xf5\
\x85cM\xc7!\x84M$\x01\x10\xa2\x8b\x02\xf4D\xd3\
1\x04\x91\x22\x86\x22{\xfb\x01\x00\x80b>\xc8t\x0c\
B\xd8D\x12\x00!\xbaP\x0a\xa3M\xc7\x10Tq\xc7\
\xee\x04@\x13\xa6\x98\x8eA\x08\x9bH\x02 D\x17\xcc\
\x9c4\x1dCp\xd9\x9d\x00\xb0F\x85\xe9\x18\x84\xb0\x89\
$\x00B\x08!D\x04I\x02 \x84\x10BD\x90$\
\x00B\x08!D\x04I\x02 \x84\x10BD\x90$\x00\
B\x08!D\x04I\x02 \x84\x10BD\x90$\x00B\
\x08!D\x04I\x02 \x84\x10BD\x90$\x00B\x08\
!D\x04I\x02 \x84\x10BD\x90$\x00B\x08!\
D\x04I\x02 \x84\x10BD\x90$\x00B\x08!D\
\x04I\x02 \x84\x10BD\x90$\x00B\x08!D\x04\
I\x02 \x84\x10BD\x90$\x00B\x08!D\x04I\
\x02 \x84\x10BD\x90$\x00B\x08!D\x04I\x02\
 \x84\x10BD\x90$\x00B\x08!D\x04I\x02 \
\x84\x10BDP\xcct\x00\xc2\x7f\xd7.\xfcP\x8d\x97\
\xf6\x0e\x84\xc6h\x8f\x9d\x9c\xd2\xc8z\xec.\xba\xe7\xb0\
\xe7w\x9a\x8eM\x08a\xb7\xd4\x03\x9f\x9f\xa2\x98Ov\
=T)\xc5\x15`\xb5&\xeby\xff\x87\xcb~\xb1\xce\
tl\xc2_\x92\x00\x84\xc4u\x8b\x8f\xdb\xcf\xd5\xea<\
\x00g\xb9\xf0\xde\x07\xdd\xbe\x9d\xa0\xc1\x0a (\x5c\xf5\
\xe6\xbf\xad\x04\xd3c\x0ey\x0f\xdd9\xf3\xf9eF\x03\
\x16BX#\xb9\xe0\xa2\x8f\x12\xe3\xeb\xeczGr[\
.\xee\x01\x00\xa3\xf34\x82\x04\x00\xdc{A\x8e\x1cz\
\x99\x9c\xf8M\xd9\x8b\xef\x7f\xceX\xb0\xc27\x92\x00\x04\
\xdc5\xcb\x8f\x1b\xadrT\xefi|\x11\xe0\xf8@\xf7\
%`\x1a\x88\xaf\xf7\xa0\xae\xbd\xea\x8d\x0f>\x8cB\xec\
\xfa{\x8e|zc\xb9b\x15B\xd8\xa5\xe2\xa7_:\
\xccss\x8f#[\x98\xc6{\xba\xb3\xe7%\xd9\xc5q\
\x8c\xc2q\x89\x1f]\xf0&\xc5\xf5\x99\xb9/>\xf4v\
9\xe2\x14\xa5!}\x00\x02\xeck\x8b\x8f?U\xb9X\
\x02\xc2e\x00\x06,\xfc{P\x00>\xcbqw\xe9\x15\
o|\xf0\xa4\x12\x85'\x84\xb0X\xea\x81\xcf\xdf\xe8e\
3\xaf\x22\xe7M\x1b\xf2\x83\xf3\xeeL\xb4\xf1\xd2\xc4}\
\x17\xde\x5c\x82\xd0D\x99H\x02\x10@\xf5\x0bO\xa9\xf8\
\xea\xe2\xe3\xef\x03\xf3\x7f\x811f\x18\xbb\xaa!\xe0\x0f\
W\xbd\xf1\xa1K|\x0bN\x08a\xbd\xd4\xfd\x17\xfd\x9a\
3\xf9\x9b\xa0\x99\x8a\xdd\x073+\xe4\x0a\xff\x91\xfc\xe1\
\x05\x8b\xf0\xd3\x8b\xea\xfc\x8cO\x94\x87$\x00\x01s\xc3\
\x92\xe3\x0e\xce\xa4\x9b_!\xe6K\x00\x14\xfd\xe5\xed\xc2\
a\xf0}_~\xf3\xdf\xae\xf5a_B\x08\xcb\xa5\x17\
|\xee\x09\xce\x16\xce\xf6k\x7f\x5cpg$Z\x0a\x1b\
\xd3\x0b.:\xc7\xaf}\x8a\xf2\x90\x04 (\x18t\xed\
[\xc7]\xe9i,\x04\xe3\x10\xbfwOL\xdf\x95$\
@\x0c\x87C{lE\x16\x86\xa5\x17|\xee\x09\x9ds\
O\xf7}\xc7Z'\xbc\xd6\xdc\xa3\xc9{/x\x1e\xf5\
\xf5\xd2\xb7, $\x01\x08\x80\x1b\xde\xfa\xe0\xb8\xeb\x96\
\x1c\xfb$\x08\xf7\x00H\x96\xea8\xc4\xf4\xdd/\xbf\xfe\
aI\x02DQbJ\x12\x00\x9b\xa5\x17\x5cT\x9a\xc2\
\xbf\x0b.\xb8\xc7&\xeaVm\xa9\xb8\xef\xf3G\x94\xf2\
8\xc2\x1f\x92\x00X\xee\xba%\xc7~\x5c+w1\x80\
\x93\xcbq<\x02\xdfz\xf9\x1b\x1f\xbe\xb2\x1c\xc7\xb2\x91\
\xa2\xd2%Xa\x97t<\xd3!\x0c\x8cT\x85\xe9\x10\
LI?\xf0\xf9\xdf\x97\xba\xf0\xdf\xc5\xd5#\xdd\x5c\xe6\
\x9f\xc9\x1f]xGY\x8e'\x8a&\x09\x80\xa5\xae^\
77}\xfd\xe2c\xbfO\x8c\xdf\x03\x18U\xc6C\x13\
1\xdf\x13\xd9\x9a\x00\xa6\xe1t\xaa\x8c\xb4\xeaD\xc1t\
\x08\x03b\xd6{\x99\x8e\xc1\x84\xf4\xfd\x17=\xa1\xb3\x85\
\x8f\x97\xf5\xa0\x0c\xe2\x5c\xfe\x9a\xe4\xbd\x9f]\x89\x07>\
?\xae\xac\xc7\x16\x83&\x09\x80\x85\xfec\xd9\xf1\x07\xa4\
\x9a\x12\x0b\x01\x5ca.\x8ah\xd6\x040\xb0\x8f\xe9\x18\
\x82\xaa\x22\xee!\xae\xf4\x9e\xefh\x083&\x9a\x8e\xa1\
\xdc\xcaz\xe5\xdf\x07\xce\xbbS\x13-\xf95\xc9\x1f}\
\xee\x04S1\x88\xfeI\x02`\x99\xeb\x97\x1e\xf31\xed\
\xe9W\x00\x1cd8\x14\x02\xf3=\x97E\xac&\x80\x08\
\xc7\x98\x8e!\xc8\xc6VdM\x87\xd0/W\xd3\xd0\xc7\
\xbb\x07\x98\x91+\xff\xbeh/\xc9\xf9\xdcS\x89{/\
\xbc\xddt(\xa2;?\x86\x91\x09\x1f\x9c\xc9g:\xd3\
\x97m\xba\x89\x99\xae\x07S\xb7\xfe\xd4\x9d\xb7\xb9\xcb\x90\
]\xee\xfa\xb3c;\xf7\xf8[\xd7\xc7\xf4\xda\x1fS\xef\
m=\xb6s\xe7\x0f\xa2\xab\x7f8\xeb\x99\xef\x0f\xf1)\
\x05\xce\x99/}l\x22C\xad\x05\xa0\x06|]{\xbf\
F\xed\xb7\xfb{\xadQ\xc4{\xb7\x87c\xf8\xb5\x9f\xc1\
~.\x06{\x0c\x0d`\xd5\x8ejd\x0b}_[p\
\xb7~\x82\xdc\xe7\xcdn\x1b\xfb\xebW\xc8\xbdn\x0cj\
\x1f\x15\xd54\xaf\xe1\xac\x05/\xf7\xb3\xd7\xd0H?\xf0\
\xf9\xdf\xf7*\xfcy\xd7\x7f\xe8\xbd\xbd\xf7\x06\xee\xeb\xf5\
\x1c\xe2>zm\x8f\xc7^\xce\x8fo;\x0eg=\x9e\
\xefc\xef\xa2\xcc\xa4\x06\xc0\x02\xd7/\xfd\xe0\xa8\xe9K\
6?\x09\xa6\x1b`_R\x16\x99\x9a\x00\x86\xba\x18\xf2\
\x9d\x18\x16\x02\xb0wM\x1b\x1c[G\x04\xe4\xf4\xb7M\
\x87PjU\x8f\x5c\xf2-\xce[p\xe5\xdf\x97\x82;\
7\xbe1\xbd1y\xdf\xe7\x0e0\x1d\x8a\x90\x93\x9dq\
7,y\xff\xe1\x8a\x0b\x0bA8\xd1t,\x03b\xdc\
z\xf9\xbf\xc2\xdb'\xe0\x9c\xbf}t$\x01_2\x1d\
G\x18$\x94\x87\xc9#\xda\xac\x9c\x17 S\xa0\xe3\xc7\
\xfd\xfc\x92\xa9\xa6\xe3(\x95\x11\x8f]~\xa5\x8a\xab\x1b\
\xe3\xb5\x95\xa0\x98m\xd7\x12\xed\xc8\xf5\xea8\x9b[\x94\
\xb8\xf7\xc2\xf3L\xc7\x12u\x92\x00\x18\xf4\xf5\xa5\x1f\xf8\
\xac\x02\xbd\x08`_\xd3\xb1\x0c\x021p\xf7\xa5!M\
\x02\xf2\x8es30\xaci\x95E\x17\x15\x09\x17SF\
\xb6\x22\xe9\xd8\xd5)\x90\x19\x94\x8b\x15\x9e0\x1dG)\
\xd4>v\xf9\x95`\xbe\x1b\x00Q\x8c\x10\xab\xad\x80J\
8\xa6\xc3\xea\x9b\xe6\x18\xf2\xb9\x87\x13\xdf?\xffg\xa6\
C\x892;S\xc4\x90\xab\x7f\xee\xb8\x98\x9e\xa0\xbf\xad\
5\xae\x05\x86\xd0\x0ek\xa6\x0f@\xaf\xfd0\xe1\xba\x1f\
\x1f\xfa\xccm\xfd>\xc1\x809\xf3\xa5\xd3>\x0e\xf0\xef\
\xd0\xd9\xf6\x0f\x9f\xdb\xd5Q\xc4{\x17\xd0>\x00=\x8f\
\xc1\x00vd\x12\xd8\xda\x96\x84\xa7\xc9x\x1f\x80N\x15\
)\xbe\xa3\xe1\xdc\x07\xbe\xda\xcf\xde\x03\xa7\xf6\xf1\xcb\xae\
b\x8d\xbb\xb8\xcb9\xbd\xf3i{\xcdyx\x99\xbc\x1d\
}\x00v\xfdy\xf7\x1f(\xee,\xcd\xc5\xb2G\xe1\xb2\
\xc7[\xfa\xb9\xb7(\x11I\x00\xca\xac~\xf1q\xe3=\
\xe5\xfd\x1e\xc0\xdc!\x9f\x84-I\x00:~\x5c}\xdf\
a\xc1\xef\x18x\xd6\xcb\xa7\xceg\xc6\xd3\x00*\x81\x12\
\x15\xaa(\xe2\xbd\x0bI\x02\xd0\xb9\x8d\x01\xb4\xe6ch\
\xc9\xc5\x91\xf3\x14\x5c\x8f\xa0{\x950=OG{N\
\x00\xb8\xc8\x04\x80\x00]\x91\xc2\xb9\x9b\xcf~\xe07\xfd\
\x1c!0j\x1f\xbb\xf4J\x06\xee\x1e\xa8\xf30g\x0b\
p\x9bs\x00\xf7Q#c8\x01\x00\x008Ns<\
I\xc7\xb4^\xfa\xd0\x9b\xfd<B\x94\x80$\x00et\
\xe3\xe2\xf93\xa0\xd4\x93\xe8\x18k\x1e\xe0\x04\xa0\xf3f\
\xa0\x93\x80\xb3^9\xe5\x0c0\x1ef\xa6t\xe76I\
\x00J\x93\x00\x0c\xe6\x18\x06bm\x03\xd1\xb9+O\xf9\
\xd9\x7f!\xa0j\x1f\xbb\xf4J\x00w3@{:o\
\xb0\xeb\xc1\xdd\x99\x01t\x8f$\xc0\x86\x04\x00\x00\x88\x5c\
J\xc5?\x91\xbb\xec\x97\xff\xaf\x9fG\x09\x9fI\x02P\
&\xf5\xcb>\xf0o\x1a\xfc\x9f\xcc\xa8\xed\xdc\x16\xf0\x04\
\xa0c?\xea\xba\x1f\x1f\xfet\xa0\x9a\x03N\x7f\xee\xf4\
\xdad\xd2\xbb\x8d\x09_\x00@%/TQ\xc4{'\
\x09@\xf9b%<\x1e/\xb8\x97,\xfb\xc4C\xdb\x11\
 \xb5\x8f_v\x15\x98\xefB{\xff\x9c\xc1\x9d7<\
\x86\xd7\xd8\x06v\xbd\xdew\xec\xb1\xa1\xec\x09@\xe7#\
\x12\xce7\xf2W<\x1c\xfa\xd1\x1a6\x90\x04\xa0\x0c\xea\
\x97\xbe\xff\x02\x0d\xdc\x0f >\xac\x13\x9b\x95\x09\x00\xb1\
&\xbezA\x00j\x02\xce~\xf9\xf4}\x19\xde\xe5\x00\
>\x0f\xa0\xa6T\x85\xb3$\x00\xc5\x1d\xc3p\xac\x8d\xc4\
x\xc0c\xefG\xef~\xfc\x97\xef\xc2r\x9dW\xfe\xe8\
8\x87\x0f\xe5\xbc\xc1\xcc\xd0\x8d\x19p\xde\xed~\xc7\x1e\
\x8f4\x92\x000\x00\x10\x10\xa3\x07\xf3W?rA?\
\x8f\x16>\x91\x04\xa0\x94\x18T\xbf\xec\x98o\x02\xf4\x0d\
\xdd\xf5\x8b\xda\xf9\xe7p$\x00`\x00\x04\xb2\xb2&\xe0\
\xcc\x97\xceL\xc7\x9d\xb6\x8fiM\xe7\x03t2\x03\xbb\
\xbaEK\x02 \x09@\x1f\xc7\xd0\x00^\x06\xd1CN\
,\xf3\x9bw>\xf2h\x13,S\xfb\xf8eW\x11s\
\xef\x0e\x7fC<o\xe8\xe6\x1c8\x93\xb30\x01\xe8\x10\
s\xde\xc8_\xf5\xf0\xe1 \xd85\x94$D$\x01(\
\x91\x1f\xac89\xb9\xddk\xfa)@\xe7\xf9vb\xb3\
8\x01h\xbf\x8b\x1d5\x01\xf5\x5c\xaf\x96\xbf\xfc\x8f\x13\
\xa0\xe8|\x80N\x07\x90\xf6\xf5u\x95\x04\xa0$\xc7\xb0\
/V\xca\x80\xf1\x04@\x0f\xbd\xfb\xfa\xc4gP_o\
\xbc \xaa\xeb\xec\xf0\xd7Y\xed\xdf\xa1\xd8\xcf7g\xf2\
\xd0\xcd\x99\x1eG\xb1$\x01\x00\x03\x8e\xb3&\x1f\xe3\x99\
\xb8\xc2\xbeD,\x0c$\x01(\x81[\xdf<fd.\
\x81\xdf3p\x1c\x00\xffNlv'\x00\x1d\xdb\xe8\xba\
\x05\x86j\x02\xce[x\xe2\x04\xed\xc5\xce\x07\xd3\xc5\x00\
\xa6\x94\xecu\x95\x04\xa0$\xc7\xb0<\xd6\xf5\x04~D\
9\xce}\xabN\xb9\x7f-\x0c\xa8{\xfc\x92\xab\x00\xdc\
\xc5L\xbdk\x13\x81\xa2?\xdf:\xe7\x82\x1b[{=\
\xd2\x8a\x04\x00\x00;\xaa\xb1\x00:\x12_y\xe4\x9d~\
\xf6&\x8a$\x09\x80\xcf\xea\xdf>f*4\x9e\x04p\
\xa0\xef'\xb6@$\x00`\x94\xb1&\xa0\x9e\xeb\xd5\xca\
\xbf/<I\x13\x7f\x11\xc0G\x19\x88\xf5|=\x06\x88\
\xb5\xfd\xa7$\x00\xdd\xf6#\x09\xc0\x80\xc7p\x09\xf4\x07\
\x8fq\xff{oL|\xba\x5c\xb5\x02u\x8f]z%\
\xa8}\x92\x9f\x92\x9c7\x0a.xgkG\xb9lW\
\x02\x00\x00 \xca\xabx\xec\xa4\xec\x95\x0f=\xd7\xcf\x1e\
E\x11$\x01\xf0\xd1M\xcb\xe7\xcdfV\x7f``,\
P\x82\x13[0\x12\x00\x00`\xad\xe9\xea\x07\x8e|\xba\
dI\xc0\x99\x0b?T\x93p\x93\x17\x12\xe1r\x00\xd3\
\x06z=\xf6\x10\xab$\x00=\xf6#\x09\xc0 \x8e\xd1\
~\xffw\x08\xf8a\x22\x99\xfa\xc5;\x1f\xb9\xb7dU\
\xd4]\x0b\xffa\xc4\xda}[\xc7\xfd\xbbms=\xf0\
\xce\xd6]\xc3\x04\xadJ\x00\x18`E\x1aq\xe7\x82\xc2\
\x95\x0f?\xdc\xcf^\xc5\x10I\x02\xe0\x93\x9b\x96\xcf\x7f\
?3\xfd\x01\xc0\x88\x12\x9ft\xbao\xeb\xb8\x7f\xafm\
E\x1e\xc3\xc7X\x19\xc0W\xee?\xe2\xe9{\xe0\xa3\xf3\
\xfey\xd2\x01\xc4\xea\xcb`\xfa,\x03U\xbd\x8e\xdb\x11\
\xd3\x10c\xed\xbd\xad\x8f\xfdH\x02 \x09@?\xefg\
3\x80\x07\xb5\xf2~\xb8\xe1\xb4\x9f/\x87\x8f\xea\x1e\xbf\
\xe4*B\x8f\x19\xfeJ\xf4\xf9\x06\x00x\x1e\xf4\xce6\
\xc0\xf3\xacK\x00\x00\x00\x0aL\x89\xd8U\xb9+\x1e\xfe\
A?{\x16C \x09\x80\x0f\xbe\xb5l\xfe\xf1 \xfc\
\x0f\x98\xaa\x80\xb2\x9dt\xba\xdd\xbf\xcf\xe3\x16q\x0c\xdf\
c%\xfe\xc1^\x87\xcd\xbb\xba\x9e\x86WUz\xfe\xc2\
\x93\x8e!VW0\xe3\x0c\xeeX\xc3b('6I\
\x00\xec/T\x83\x14k?\xef\x03\x83\xd5\x93\xcc\xfa\xfb\
\x1b\xcex\xe0\xff0\x1c\x0c\x1a\xfd\xbbK\xbf\xc9\xe0o\
\x96(\xd6\xbe\x13\x00f@kpc\x1bt\xc1C/\
\xa6\x13\x00\x00 \x02b\xce\x0d\xf9\xab\x1f\xbe\xb5\x9f\xbd\
\x8bA\x92\x04`\x98n^6\xffT&<\xc6@\xd2\
\xd0I\xc7\xee\x04\x00\x00\x83\x9e\xf54.\xfd\xf9\xec\xa7\
\x86tuT\xcf\xf5j\xf5\xc2W>\xc6\xac\xae\x050\
o\xe0ct\x8f\xa9\xf8X\xfb\xdf\x8f$\x00\x92\x00\x0c\
\xfe\xfd\xe4\x17\xc1\xf8\xde\x86O<\xf0\xff\xd0}\x17{\
4\xeaw_<\x90\xa0~\x0c\xa6\xe3\xcay\xde\xe8\xb8\
s\xfb\x0f\xcd\xe0\xc6Vp\xcf$\xc0\x86\x04\x00\x00@\
@\xc2\xf9v\xfe\xaa\x87o\xec\xe7\x08b\x10$\x01\x18\
\x86\x9b\x96\xcf;\x1b\xa0\x87\xd09\xc1\x8f\xf1\x93\xce\xf0\
\x8fQ\xc2Xs\x00\xff\x92\xa1\xee\xfb\xe9\x11O\x0d8\
\xdf\xf79o~td2\xa7\xcfe\xc2%\xcc8\xc8\
\x8f\x13\x9b$\x00\xf6\x17\xaaA\x8au\x08\x9f\xbd%\x1a\
\xb8/\x91p~\xb5\xf6c?\xde\x81\x01\x8c\xfd\xfd\xc5\
\xb3\xa0q\xa9\x06]\x00 a \xd6\xdd\x05s\xc7\x0f\
\xaf\xb1\x15\xe8\x9c0h\xf7\x03{\x07_\xf6\x04\xa0}\
#'\x9c\xfb\x0aW=zY?G\x11{ \x09@\
\x91nZv\xcc\xe7\x88\xf8~\xee\x98X\xc6\xa6\x93\x8e\
\x15'\xe1\x81c]\xae\x19\x7f!\xe2%Lj\x1b\xa0\
\x0b\xd0\xaaV3M!\xe2\xa3\x198\x1a@j\x98\xc7\
\x90\x04\xa0\x98X%\x01\x18\xdc1\x86\xfe\xd9\xcb2\xe1\
\x15\x02\xbd\x02\xe6\xd5\xcc\xb4S+\xc4\x89i\x0c3\x1f\
\x04\xd0\xb1\x0c\x9en:\xd6\x9e\x09\x00\x98\xa1\x9b\xdaz\
\xcc\x1ahO\x02\x00\x068\x1e\xfbE\xe1+\x8f|\xae\
\x9f#\x89\x01H\x02P\x84\x9b\x97\xcd\xbb\x04D?D\
\xa9\x96\x8f\x0d\x7f\x020\xf8\xd7\xc8\x87c\x94-VI\
\x00\xec\xf8\xec\x95!\xd6\x92\x7f\xf6\x0c\xc5\xda+\x01\x00\
\x03\x9a\xa1[2\xe0\x9c\xdb\xf9@\xf4b0\x01\x00\x00\
\x8a\xc5\xfe+w\xcd#\x1f\xef\xe7h\xa2\x1f\xcat\x00\
A\xf3\x9d\x15\xf3\xae\x05\xd1}\x90\xd7N\x08\x11\x05D\
\xa0\xea\x0aP2n:\x92~\xb1\xeb\x9e\x9e\xbc\xeb\xdc\
\xe7L\xc7\x114R\x88\x0d\xc1wV\xcc\xbb\x96\x19\xdf\
5\x1d\x87\x10B\x94\x1bU\xa7A\xa9\x98\xe90\xfa\xc5\
\x05\xef\xb8\xf8\x9d\xe7\xbel:\x8e \x91\x04`\x90n\
~{\xde\xb7\xa5\xf0\x17BD\x19U\xa5A){k\
\x02\xc8\xf5\x8e\x8e\xdfy\xee_M\xc7\x11\x14\x92\x00\x0c\
\xc2wV\xcc\xbf\x9a\x80\xaf\x9b\x8eC\x08!L\xa3\xaa\
4(aoM\x00\xb9\xde\xfb\x93w\x9c\xf3\x94\xe98\
\x82@\x12\x80=\xf8\xf6\xf2\xf9\x97\x83\xf9.\xd3q\x08\
!\x84-\xa8\xba\x02\x88\xdb\x9b\x04\xb0\xabOL\xdeq\
\xde\xff\x98\x8e\xc3v\x92\x00\x0c\xe0\x96\xe5\xf3?K\xc4\
\xc6\x97\xb7\x15B\x08\xab\x10\xa0FT\x80\xe2\x8e\xe9H\
\xfa\xc5\xae{J\xfc\xaes\x1e2\x1d\x87\xcd\xec}\xf7\
\x0c\xbb\xf5\xedyg\x80\xf0\x10\xfa|\x8d\xfa\x1b=i\
\xdbv\x93\xc7\x96\xe7`\xc7\xb1\xa3\xf8\x1cL\x1e;\x0c\
\xcfa\xf0(\x11\x03\x0a\x1e\xa0\xfb\x1b\xefg\x16yz\
\x96:\xf9\x90\xd1\xfaO\x8b\xfeh:\x16\x1bI\x02\xd0\
\x87[V\x1c}*@\x8f\x01\xe8\xa7\xb7\x8bm'\x0b\
\x1bO\x22\xf2\x1c\xec8v\x14\x9f\x83\xc9c\x87\xe19\
\x0c\x01\x01H\xc6@\x05\xd7\xde$@\xe3(\xe7\xa4Y\
1\xefOo\xc90\xc1\x1e$\x01\xe8\xe1\xd6\xb7\x8f\xfe\
\x10\x88~\x0fP\xb2\xff{\xd9v\xb2\xb0\xf1$\x22\xcf\
\xc1\x8ec\xdb\xf5\x1c&8\xc01\x09\xc2\xfc\x04\xe3\xd8\
\x040+\xce\x98\x1ec$\x0040\xc1\xed\xbd\x13c\
\xb1\x9a\xddn\xfa\xd8\x83GD\xa0x\x1c\x5cp\xfb\x9f\
\xe0\xc74\xcd\x1fpN\x9e\xa5\xbd?\xbd%#\x04\xba\
\xf0\xe7\x13\x10\x12\xdf}g\xee<f<\xcd@\xd5`\
f\xd7\xeb\xf5wKf\x1f\xb3b66\x99\x09\xb0\xa4\
\xc7(Y\xac%\x98]/N\xc0\x19i\xc2\xc7\xd3\x84\
i\x0e:\x0a\x09n\xff\xd9\xe5vA3\xfeZP\xf8\
]\xd6\xc1K\x05\xd5\xeb\xb5\x93\x99\x00K\x1fk\x9f3\
\x01r\xd7_{\xce\xce\xd7\xe5\xfeZC7\xb5\x01\x1e\
w\xdf\xde\x17\x9fg\x02\xec\x7f?]\xee@\x04v\xe8\
\x8a\xc2\xbf\xff\xfa\xde~\x1e\x159R\x03\xd0\xe1\xd6\x95\
\xf3f\x83\xf1'\x00\xd5\xed[l\xcc\xcc\x83t\x15!\
\xcf\xc1\x8ec\x9b}\x0e\xff\x96R\xf8\xc1H\x85\x13R\
\x84\xba=t9v\x00Lq\x18\x1fMx\x98\x1f\xf3\
\xb0\x5c+l\xd5T\xb6X\xed\xdan\xfa\xd8E \x02\
\xc5c\xed\xeb\x06\xd8[\x13pR\xec\xc4\x99+\xbdg\
\x16\x0d\xb8 YTH\x02\x00\xe0\xf6eGMa\xa2\
?\x03\x18\xb5{\xab\x8d_\xcc \x9dD\xe49\xd8q\
l3\xcf\xc1\x01\xe1\x8a\x11\x0e\xbe2\xc2AU\x11\xe5\
\xcc8\xc5\xf8x\xc2\x85\x07\xc6kn\x7f\xc3\xcd\xe4\xf5\
.\xdd\xb1\x8b\xa4\xb0;\x09\xb0\x11\x83\xc08=q\xf2\
\xc1/\xba\x7fZ\xb4\xdat8\xa6E~\x18\xe0wW\
\x1eQ\xa3\x1d\xe7\x7f\x00\x8c3\x1d\x8b\x10a@\x00\xbe\
Y\x1b\xc3y\x95\xce\xb0\x8a\x18E\xc0\x97S\x05\xdc\x5c\
\x91\x85*AY%J\xc4QPU)\x80,}\xd3\
\x98\x95\xe7\xe2I\xdc\xfe\x99)\xa6C1-\xd2\x09\xc0\
\x82\x85G\xc4\xe1%\xfe\x93\x81\x83M\xc7\x22DX\x5c\
6\x22\x86\x93\xd3\xfeU.\x9e\x96(\xe0\xaad\xd6\xb7\
\xfd\x892\x88\xc7@\x15\x03\xf4\xa36Ms2\xae\x0b\
\xff\xc2\x0f\xce\x1da:\x14\x93\x22\x9b\x000\x83v\xd4\
\xc6~\x0a\xc2\x07M\xc7\x22DX\x9c\x98v\xf0\xd9*\
\xff\xe7\x8a\xbf \x95\xc7IqK\xab\x95E\x9f(\x19\
\xb7z\xdd\x00h\xae\x89g\xdc\xb7\xc0\xd1-\x07#\xfb\
\xc4\xbf\xb7r\xee\xb7\x08t\xbe\xe98\x84\x08\x8b\xbdc\
\x84\xebk\x12%\xdb\xff\xb5\xe9\x0c\xaa\xfa\xed\xf6-l\
D\x15I\xab\xd7\x0d\x80\xe6\xc9\xf1\xdb\xcf~\xd6t\x18\
\xa6D\xb2\x13\xe0m+\xe7\x5c\x08\xa0c~\xff u\
\xce\x09s\xac\xf2\x1c\xec\xde>\xf0c\x12D\xf8\xc1\xe8\
$&8\xa5\xbb\xa6\xa8\x00\x90\x07a\xa1\xd7Y\xa0D\
\xf7\xf5.\xfd\xb1\xfdC\xf1\x18\xe0\xda;Q\x10\x98\xf7\
uN8do\xfd\x7f\x8b\x22\xb7v@\xe4j\x00\xbe\
\xb7b\xee\xb1\xc4\xf4\x13\xd3q\x08\x11&W\xd6\xc6q\
@\xbc\xf4\xa7\x93\xd3\x12y\xe9\x10\x184\x04pU\x1a\
p,~\xe3<}Q\xec\xb6\xb3\xaf5\x1dF\xb9E\
*\x01\xb8c\xc5\x9c\x83@\xfc\x04\x80\xd2\xd5S\x0a\x11\
1\xc7\xa7c8\xb3\xb2<m\xbd\x13I\xe3\x10%}\
\x01\x82\x86\x88@\x95i\x90\xad#\x03\x00\x90\xd6\xb7&\
n;\xf7\x93\xa6\xe3(\xa7\xc8$\x00\xdf[={\xbc\
&\xfa_\x00#M\xc7\x22DX\x8cw\x087\x8c,\
oo\xef\xf79\xba\xac\xc7\x13>q\x14\xb8*U\xae\
\x96\x87\xa1c\x90f\xf77\x15w|j\xb6\xe9P\xca\
%\x12\x09\xc0\x82\x85G\xc4\xc9s\x1e\x07\xb0\x8f\xe9X\
\x84\x08\x8b8\x01\xb7\x8c\xaa\xc0\x882\xd7\xc9\xef\xaf\xbc\
\xb2\x1eO\xf8\x87b\x0e\x90\xb6wx iv\x0a.\
\x9e\x8d\xca\xf0\xc0H$\x00\x8d#\xe3?\x00p\x8c\xe9\
8\x84\x08\x93KG\xa40#Q\xfe~\xc4i\xb2\xb4\
3\x99\x18\x14J\xc4@I\xab\x87\x07V\xc53\xdeK\
\xa6\xc3(\x87\xd0'\x00w\xae\x9as\x1e\x81\xbfd:\
\x0e!\xc2d^*\x8eOW\x9b\xb9\x92\xb3\xb53\xb9\
\x18\x82\x8ad{m\x80\xad<=#~\xdb\xa7\x7fn\
:\x8cR\x0bu\x02p\xe7\xaa\xa3f\x81\xb1\xc0t\x1c\
B\x84\xc9\xb8\x98\xc27GU\x18k\xcam\xb5\xb6\x11\
Y\x0c\x89\xcd\xd3\x05\x03\x80\xe7]\x18\xbf\xed\x9c\xcf\x98\
\x0e\xa3\x94B\x9b\x00\xdc\xb5nn\x1d\x83~\xcf\xed\xc3\
\x87\x85\x10>p@\xb8iT%j\x0c\x8e\xc5[\xae\
-\xber\x14\x83G\xd4\x9e\x04X\x8c=\xef\xe7\xb8\xe5\
S\xd3M\xc7Q*\xa1L\x00\xea\x19\xca+x\x8f\x82\
1\xd5t,B\x84\xc9\x17k\xd3\x98\x954;\xb3\xdb\
2O\x12\x80\xb0 \xc7\x01\xa5\xed\x1d\x95M\xcc\xb1\xb8\
\xc2\xcbx\xecL{\x83\x1c\x86P&\x00\xd5\xab\xe6|\
\x9b\x98N2\x1d\x87\x10arD*\x8e\xf3\xaa\xcd^\
\xb1\xb5\x80\xf0\xb6$\x00\xe1\x92\x8c\xdb=]\xb0\xa7\xeb\
\xe2+\xf1\x9c\xe90J!t\x09\xc0\x9d\xab\x8e>\x15\
\xc0u\xa6\xe3\x10\x22L\xea\x1c\x85o\x8d\xa94>\x0b\
\xdf\x8b\x85\x18d\x1a\xa0\x10J'\xed\x9e)Pc^\
\xfc\xb6O\xdda:\x0c\xbf\x85*\x01\xb8s\xe5Q\xd3\
\xc1\xfc\x10\xec\x9djB\x88\xc0Q\x04\xd4\x8f\xae\xc6(\
e\xfet\xf1\xa2k\xf1\x95\xa2(\x1e\x01T\x91\xb6\xfb\
\xcc\xed\xe9\xaf$\xbf\xfb\xe9SL\x87\xe1'\xf3\xdfh\
\x9f\xdc\xbeif%\x01O\x00\xa81\x1d\x8b\x10ar\
\xe1\x88\x0a\xcc\xb6`YW\x06\xf0\xa2'\x09@h)\
\x02UZ\xdc)\x90A\x9e\xf6\x1e\xc7\xed\x9f\x19k:\
\x14\xbf\x84&\x01p\xda\xd2w\x83p\x90\xe98\x84\x08\
\x93\xc3Rq\x5cXSi:\x0c\x00\xc0R\xcf\xc1\x16\
\x1d\x9aS\x96\xe8K\xcc\x01\x0cw2\x1d\x081'\xe3\
n>4\xfd\x01B\xf1m\xba{\xf5Q\xa7\x03\xfc\x05\
\xd3q\x08\x11&\xb5\x8e\xc2\xb7\xc6\xd4\x18o\xf7\xef\xf4\
B\xc1\xde\x82A\xf8\x87R\x09\xa0\x84\xcbJ\x0f\x9b\xd6\
\x07\xc5o=\xeb.\xd3a\xf8\xc1\xe2Wyp\xee]\
;\x7f/f\xfc\xd4t\x1cB\x84\x89\x22\xe0\x1bcj\
0\xda\xa2\x13\xf1\x0b\xd2\xfe\x1f\x0d\x84\x8e\xa1\x81\x96d\
\x9e}\xd1|U\xfc\x96\xb3\xe7\x98\x0ec\xb8\xec\xf9v\
\x17\xa1\x9e\xa1\x5c\xd7}\x10\xc0(\xd3\xb1\x08\x11&\xe7\
\x8e\xa8\xc2\x1c\x8b\xc6g71\xe1M\x19\xfe\x17\x1d\x8e\
\x02\xa5\xcd\xf7;\xe9\x17\x83\x00\xfd$\xea\xeb\x03\x9d\x95\
\x06:\x01\xa8Y=\xe7+\x00\x7f\xc8t\x1cB\x84\xc9\
A\xa9\x04>_We:\x8cn^,\xc4 k\x00\
FL\x22\xde\xde'\xc0V\x9aG\xc5RK\x7fo:\
\x8c\xe1\x08l\x02\xf0\xfdw\x8e<\x98\xc07\x9b\x8eC\
\x880\xa9v\x14n\x1e[\x0b\xdb.kd\xf8_4\
QE\xd2\xea\xf5\x02\xc8\xd5\xa7$n=\xeb\xd3\xa6\xe3\
(V \x13\x80_\xac>.\x05E\xbfb\xc0\xe21\
#B\x04\x0b\x01\xb8aL-\xc6[v\xd5\xa5\x19x\
\xd1\xb5+&Q&D\x80EMQ}\xd1\xac\x7f\x81\
\xfaSF\x9b\x8e\xa3\x18\x81L\x00\x1a\xd1r7\x83\x0e\
1\x1d\x87\x10a\xf2\xa9\x9a*\xbc\xdf\xc2q\xd8K\xb4\
\x83\xed2\xfc/\xbab\x0e`\xf1T\xc1\xa4\x91\x8c'\
\xd2\x81\x1c\x1a\x18\xb8o\xd5\xdd\xef\x1ey2@\x17\x9b\
\x8eC\x880y_2\x81\x8b\xebF\x98\x0e\xa3O/\
\x14\xe4\xea?\xf2R\x09\xcb\xa7\x0a\xd6\x07'n\xfd\xd4\
\xb7M\x871T\x81J\x00\xeeX~\xc4hbz\x10\
V\x8f\x0f\x11\x22X\xaa\x14\xe1[\xe3\xea\x10\xb7\xb4\xad\
U\xc6\xff\x0b\x10\x80\x8a\xa4\xe9(\x06\xc4Z_\x1f\xb4\
\xa5\x83\x03\x95\x00\xc4\xe3\xea[\x00\xc6\x98\x8eC\x880\
\xb9fl\x1d&\xc4\xed,d\x1b\x99\xb0H\x86\xff\x09\
\x00P\xca\xea\xa6\x000\xab8\xf81\xd3a\x0cE`\
\x12\x80\x1f\xac=b\x1a\x082\xdb\x9f\x10>:\xa3\xa6\
\x1a\x1f\xaa\xaa0\x1dF\xbf^(8\xd0\xa6\x83\x10\xf6\
H\xc6\xed\xae\xff\xf5\xf4\xac\xd4-g\x1ek:\x8c\xc1\
\x0aL\x02\xa0=u>\x00\x8bg\x86\x10\x22X\xa6&\
\xe3\xb8dt\xad\xe90\x06$\xbd\xffE7D\x80c\
\xf7g\xc2\x05\xeaM\xc70X\x81I\x00\x088\xcbt\
\x0cB\x84EZ)\xdc4~\x0c\x92\x96\xb6\xfb\x03\xed\
\xc3\xff^\x96\x0e\x80\xa2\xa7\x84\xe5\x9f\x09\xcdsM\x87\
0X\x81H\x00\xee^}h-\x80\x03M\xc7!D\
X\x5c3v\x14&'\xec\xaeP[\xec)4\xb0\xbd\
\x09\x8a0D\xd9]l\x11#\x89\xbb\xce\x9fh:\x8e\
\xc1\xb0\xfb\x95\xec\xe0 )\x85\xbf\x10>\xf9\xd8\x88\x11\
8\xa1\xda\x8e%~\x07\xf2\xa2\x5c\xfd\x8b\xbe(\xb2z\
v@\x00\x88g[\x031E} \x12\x00\xa59\x90\
\xb3,\x09a\x9b)\x89\x04\xbe<\xba\xcet\x18\x83\xf2\
\xb7B NOB\xf4\xc2\xe4L1\x1d\xc3`\x04\xe2\
\x1b\xe69Z:\x02\x0b1L)E\xa8\x9f0\x0e)\
\xcb\xabP\x01`\x07\x13\x96h\xa9\x01\x10\x01\xe5!o\
:\x84\xc1\xb0xPe\x17\x1e7A\xd9]\xe5#\x84\
M\x5c\x8f\xe0\x16\x80B\x01\xf0\x18`M\xa8\xdfg,\
\xf6M$\x00f\xd3\xe1\xed\xd1\x0by\x05m\x7f\x98\xc2\
\x14\xcb?\xc3\xe4x\x0d\xa6c\x18\x8c@$\x00Zy\
\x8b\x14\x14\xc3\xee\x11\xa0B\x94\x9cf \x97'\xe4r\
@&O\xc8f\x09\xd9<\x90\xcf\x13\x0a\x05F\xa1\xa3\
\xe0g\xa0\xdbI\xf2\xac}\xaaq\xfa\x98jt\xfc\xc5\
z\xd2\xfe/\xfa\x15\x80\xcc\xb0\x90\x88?i:\x86\xc1\
\x08D\x02p\xf5\x94\xd7w~\x7f\xf5\xecU\x00\xa6\x99\
\x8eE\x88r`\x06Z\xb3\x0a\xad\x19Bs\x86\xd0\x9a\
!\xb4f\x80|\x8ev\x17\xe1=o\xf4\xd3c~\xbf\
\xea8\xee\x9b\x1d\x9c\x0945\x80\x97]\xfb\x9b)\x84\
!\x9e\xdd-\xc2\x0c\xe4q\xcdo\xd6\x99\x8ec0\x02\
\x91\x00tx\x0c\xc0\xf5\xa6\x83\x10\xa2\x14\xda\xb2\x84\xc6\
V\x85\x9d\xcd\x0e\x9a\xdb\x08mYB\xaf\x9e/ET\
{\xa6\x1c\xc2\xa3\xf3'\xa0:\xae\x10\x94\xab\xff7]\
\xc2N\x19\xfe'\xfa\xe3z\xa6#\x18\x10)\xfa\xbb\xe9\
\x18\x06+0\x09\x003?HD\xd7\x22 \x1d\x17\x85\
\xe8\x0f3\xda\x0b\xfb\x16\x07;[\x14\x9aZ\x1d\xe4\x0b\
\xdd\xee\xe1[Y}\xc7\xe1cq\xe8\xc8$\x82R\xf8\
\x03\xc0Ky\xa9\xfe\x17\xfd`\xb6>\x01Pq\x15\x98\
U\x01\x03\x93\x00\x5c5u\xe1\xf2{V\xcf~\x08\xc0\
\x05\xa6c\x11b\xa8\x0a\x05BC\x8b\x83\xad\x8d\x0e\xb6\
5:(\xb8\xa5?\xe6\x19\x93\xab\xf1\x85\xfdk\xac\xef\
0\xd5\xd3_\xdaH\xd2|\xd1\xb7\x9ckw.\xab\xe8\
\xed\xdc\xd7~\xfb'\xd3a\x0cV`\x12\x00\x00`\xd2\
7(V\x1fg\xa0\xc6t,B\xecIc\xab\x83\xcd\
;c\xd8\xde\xe4\xa0\xa9\xadg\x89V\xda\xb3\xd8\xd4\xaa\
\x04~<g|I\x8fQ\x0a\x9br\xc0\x7f/lC\
<\xe5\xa0j\xa4B\xf5\xc88R\x151\xe9\xfe+\xda\
\xdb\xfe\xbbW\x95\xd9\x85\xc0\x05\xe83M\x871\x14\x81\
J\x00\xae\xde\xf7\xd5\x8d?X5\xe7,V\xfaIp\
\xb0b\x17\xd1\xd0\x92U\xd8\xb4#\x86\x8d;\xe2h\xcb\
\x9aiw\x8f\x13\xe1\xc1y\xe3Q\x13\xa0v\xffN\x7f\
\xda\xea\x81\x19\xc8\xb5y\xc8\xb5\xb9\xd8\xbe>\x8fxR\
\xa1\xaa6\x86\xea\xba\x04\xd2\xd5\x8e$\x03Q\xc4\x0c\xb4\
\xd9=\xb4\x9e\x95\xba\x09\xd7?\xf6\xa6\xe98\x86\x22p\
\x85\xe8\x15S\xff\xfe\xa7\xbbW\xcf\xbe\x82\x80\x1fAN\
\x05\xc2\x02\xcd\x19\x07\x1b\x1b\xda\x0b\xfdL\xbe\xe3J\xdf\
`\xb9{\xdb\xe1cp\xd4\xa8\xb4\xd9 \x8a\xf4\xf4\xd6\
\xde1\x17r\x1a;6\xe5\xb1cS\x1e\xf1\x94B\xf5\
\xa88F\x8cJ \x91\x96\xbe\x02\x91\xc0h/\xfcm\
\x9e\x0fN9\xbfq\xaf\xffm\xbd\xe90\x86*p\x09\
\x00\x00\x5c=\xe5\x9f?\xbeg\xf5Q\x1a\x8c\x1fC\x92\
\x00a\x80\xc7\xc0\x96\xc68\xd6mK`{S\x0c\xb6\
\x14\xb6\x1f\x99X\x85K\xa7\x8f4\x1dFQ<\x06\x9e\
\xdd6\xf0I\xbe\x90\xd5hX\x9fE\xc3{Y$+\
\x1d\xd4\x8eK\xa1jt\x1cJ&\x0a\x0b'\x06\x90\xcd\
Y\xdd\xf1\x8fI=\xe1\xde\xf0\xdbO\x9b\x8e\xa3\x18\x81\
L\x00\x00\xe0\xaa)\xffXp\xcf\xea\xa3\xc0\x92\x04\x88\
2j\xce:\xd8\xb0-\x81u\x0d\x09\xe4]\xbb>v\
\x93*\xe2\xf8\xe9\x9c\xbd@ \xd8\x92\x90\x0c\xc5\xcb;\
4\x1a\x86\xd0\xc4\x9bk\xf5\xb0yU+\xb6\xae!T\
\x8d\x8a\xa3f\x5c\x0a\xc9J\xa9\x15\x08\x0d\x068\x93\x05\
\x0a6\x17\xfe\xf4\x84\xfb\xf5\xc7>a:\x8eb\x056\
\x01\x00$\x09\x10\xe5\xc1L\xd8\xb83\x8e\xd5[\x92\xd8\
\xd9\xe6XY\xb6\xc6\x14\xe1\x91\xf9\x131*\xe9\xc0\xca\
\x00\x07\xa1\xaf\xea\xff\xc1\xd0\x1e\xa3is\x1eM\x9bs\
HV9\xa8\xdd+\x8d\xca\x91\x09\x90\xe5+\xc6\x89\x01\
H\xe1_\x16\x81N\x00\x80\xf6$\xe0\xce\xd5G\x81$\
\x09\x10>s5a\xdd\xf6$VmI\xeen\xdb\xb7\
\xb4p\xbdy\xe6X\xcc\x1dS\x11\xb8!\x7f]=\xb5\
u\xf8m\xbc\xb9\x16\x0f\x9b\xdfnA,\xa1P3.\
\x85\xea\xf1)(GN\x0b\x81\xc2\x00grR\xf8\x97\
A(F\xdb^3\xe5\x1f\x0b\x98p\x09l=;\x8b\
@\xc9\xe6\x15\x96\xaeO\xe3\xcf\x8bk\xb0x}\xbaK\
\xe1o\xa7\x13'T\xe3\xea\xf7\x8d2\x1d\xc6\xb0l\xcc\
2\xdel\xf6\xef\xeb\xeb\xe64\xb6\xafm\xc3\xdaWw\
\xa0am+\xdc\xbc\xc5\x1d\xc8\xc4n\x0cp\x9b\xe5\x85\
\xbf\x0aG\xe1\x0f\x84$\x01\x00$\x09\x10\xc3\x97w\x15\
\x96n\xa8\xc0\xb3KGb\xe5\x964\x0a\x9e\xfdW\x8e\
{\xa5c\xf8\xf9\xdcI\x1d\xed\xfe\xc1\xf5\xd4V]\x92\
\xca\x0b\xed1v\xae\xcf\xe0\xbd\xd7\x1a\xb0mU\x0b\xdc\
\x82$\x02\xd6b\x80\xdb,\xaf\xf6W\xce\x13\xee\xf5\xe1\
(\xfc\x81\x10%\x00@{\x12\x00fI\x02\xc4\x90\x14\
\x5c\xc2\xd2\x0d\x15xfI-\xde\xd9\x92\xb6}\xad\x91\
]\x14\x01\xbf\x98;\x09\xa3\x93\xc1\xef\xf8\xf6T\x91\xed\
\xff\x83\xc2=\xc7\xd9\x00\x00 \x00IDAT\xc5\x0c\
4o\xca\xe2\xbd\xd7\x1a\xd0\xf0n\x0b<I\x04\xec\x12\
\x98\xc2\xff7\xa1)\xfc\x81\x90%\x00\x00p\xcd~\x92\
\x04\x88\xc1)x\x84\xa5\x1b+\xf0\xcc\x92\x91X\xb1%\
\x0dO\x07\xeb*\xfa\x9b3\xc7\xe2\xb8qU\xa6\xc3\x18\
6\x97\x81\xe7\xf60\xfc\xcf/\xac\x19M\x1b3X\xff\
\xaf\x06\xec\x5c\xdb\x0a\x1d\x94l/\xcc\x18\xe0\xd6\xac\xdd\
C\xfd\x9c\xf0\x15\xfe@\x08\x13\x00\xa0=\x09 I\x02\
D?\x98\x81u;R\xf8\xbf\xa5\xa3\xf0\xf6\xa6\x0a\xb8\
\x01+\xf8\x01\xe0\xd8\xb1\x95\xf8\xeaA\xc1Y\xe2w \
/5h\xec,\x94\xf7\xab\xaa=F\xe3{\xad\xd8\xf0\
\xeav4ol\x933\x85)A)\xfc\xaf\x0b_\xe1\
\x0f\x844\x01\x00$\x09\x10}\xdb\xd6\x1c\xc7\xf3o\x8f\
\xc4\xabk\xaa\xad\x1b\xc7?XcR1<4\x7f2\
\x9c\x90\x0cs{\xda\x87\xde\xff\xc5\xf2\x5cF\xc3\xea\x16\
lxc;\xb2;s\xc6\xe2\x88$\x06\xb85cy\
\xe1\xafB[\xf8\x03!N\x00\x00I\x02\xc4n\x99\xbc\
\x83\x85\xeb\xaa\xf1\xc2\xcaZ4f\x82;\xfaU\x11\xf0\
\xe0\xdc\xbd1>\x15\xdc\xe7\xd0\xd3\x1f\xb7\x98\xaf\x86w\
3.\xb6,\xd9\x89m\xcbv\xc2\xcb\xda[ \x85F\
\x10\x0a\x7f\x15\xee\xc2\x1f\x08y\x02\x00H\x9f\x80\xa8c\
&,\xdfR\x89g\x96\xd6a]C\xcat8\xc3v\
\xfd\x8c\xf1\xf8\xe0\xf8j\xd3a\xf8f}\x96\xb1\xb8\xd9\
|\x02\xd0)\xd3\x90\xc3\xc6\xd7\xb7\xa1q]K\x90\xa7\
T\xb0[g\xe1ou\x87\xbf\xf0\x17\xfe@\x04\x12\x00\
\x00\xf8\xea~\xffX\x00\x90$\x01\x11\xb33\x13\xc7\xf3\
+Fb\xf1\x86*x\x1c\xfc\xea\xf2\xf7\x8f\xad\xc2\xd7\
\x0f\x1ek:\x0c_=\xd5\xb1\xfa\x9fMX3\x9a\xd6\
\xb5`\xcb\x1b\xdb\x90o\xb1x\xf9\xd9 \x0aDo\xff\
h\x14\xfe@D\x12\x00\x00\xf8\xea~// I\x02\
\x22\xc1\xd3\xc0\xa2\x8dUx\xee\xed:\xech\x8b\x9b\x0e\
\xc7\x17c\x921<4o\x9f\xd0\xb4\xfbwzj\xb3\
\xbd_\xc7B\xab\x8b\xadom\xc7\xce\xd5M`mo\
\x9c\x81\xd1\xd9\xe1\xcf\xe6\xc2?\x16\x9d\xc2\x1f\x88P\x02\
\x00H\x12\x10\x05[[\x12x\xe6\xed\xd1X\xbe\xa52\
4o2\x81\xf0\x939{c\xaft8\x92\x99N\x05\
\x06\x9e\xdfnoa\x00\x00\xcc\x8c\xd6\x8d\xad\xd8\xfc\xaf\
\xad\xc85I'\xc1\xa2\xed*\xfc]\xd3\x91\xf4\x8bc\
\xea\x09\xf7k\xd1)\xfc\x81\x88%\x00\x80$\x01a\xc5\
LX\xb2\xa9\x0a\x7f{\xa7\x0e\xad\xb9\xe0O\x8c\xd3\xd5\
5\xef\x1b\x8b\x8fM\xac1\x1d\x86\xef^\xd8\xee\xa1\xd1\
\xde\xf2\xa0\x1b/\xe7a\xeb\xa2\xedh\x5c\xddh]\x93\
\x85\xf5\xa4\xf0\xb7V\xe4\x12\x00\xa0=\x09`I\x02B\
\xa39\x1b\xc3\xb3+Fa\xe9\xe6\xea\xd0\xbd\xa1\xb3G\
U\xe2\x9b3'\x98\x0e\xa3$L\x0e\xff+\x0a\x03-\
\x1bZ\xb1\xf5\xcd\xadp3\xf6\x16fVa@\xb7H\
\xe1o\xabH&\x00\x00p\x9d$\x01\xa1\xb0fG\x1a\
\x7f^1\x1a;3\xe1\xaa\x1e\x07\x80\x91\x09\x07\x8f\xce\
\xdf\x17\x09\x15\xaev\xffNOm\xb6\xbb\xfa\xbf?\x85\
\x96\x02\xb6\xbe\xb1\x05-\x1b[L\x87b\xb7\xa0\x14\xfe\
_\x8df\xe1\x0fD8\x01\x00\xda\x93\x00\xb0, \x14\
D\x05Mxi\xcdH\xfcsmm g\xf2\xdb\x13\
\x02\xe1\xfe9\xfbb\x9f\xca\xa4\xe9PJ\xe2\xbd,c\
IKp\xbfv\xac\x19M\xab\x1b\xb1cy\x03\xd8\x0b\
\xee\xf3(\x19\x06tkF\x0a\x7f\xcbE:\x01\x00\x80\
\xeb\xa6K\x12\x104\xcd\xb9\x18\x9e}{\x0c64\x06\
\x7f\x5c\x7f\x7f.?`,N\x9dTk:\x8c\x92\xf9\
\xdfM\xf6\x16\x0cC\x91\xd9\x96\xc1\xb676\xc3m\x93\
\xe1\x82\xbbt\x16\xfey{\xdf\xe3\xf6\xc2\xff\xd7\x91.\
\xfc\x01I\x00\x00H\x12\x10$\xeb\x1bS\xf8\xf3\x8a1\
h\xca\x85g&\xbc\x9e\x0e\xaf\xab\xc4w\x0e\x9bh:\
\x8c\x92z*h\xed\xff\x03p3.\xb6\xbd\xb9\x15\xd9\
\xedm\xa6C1\x8f\x01\xdd\x9a\x95\xc2? $\x01\xe8\
p\xdd\xf4\x97\x170\xf0\x15\xd3q\x88\xbe1\x8077\
\xd6\xe0\xc5wG\xa1\xe0\x85\xf7c[\x1dWxh\xde\
4$Ux\x9fc^\x03\x7f\x09Q\x02\x00\x00\xeci\
\xec\x5c\xde\x80\xe6U;\xc1Q\x1d&\xc0\x80n\xb6\xfc\
\xca\xdfq\xfeK\x0a\xff\xdd\xc2{\x96)\xc2\x0d\xfb\xbf\
|\x0f\xc0w\x9a\x8eCtW\xf0\x08\x7f]5\x0a\xcb\
\xb6\x04\x7f\xe9\xdb=\xf9\xe1\x91\xfbb\xff\xeap\xb6\xfb\
w\xfa\xdbv\x0f\xcdal7g\xa0uc3v,\
\xd9\x16\xc9e\x86\xad\x9f\xe4'\xae\xfe\xe1~\xedW\x1f\
7\x1d\x87M$\x01\xe8!\xb7\xdf+_\x03\xf0\xac\xe9\
8D\xbb\x8c\xeb\xe0\xb9\x95c\xb0\xb9%\xbc\xed\xfd\x9d\
.\xde\x7f,\xce\xdew\x94\xe90J\xee\xe9\xad\xf6\x16\
\x12~\xc8\xef\xcc\xa2\xe1\xcd-\xf0r\xe1~\x9e\xddd\
\xf3\xe0\x9c\xbd\xfd \xd8Q\x0d\x85\xe6\x03\xe6\x9b\x8e\xc3\
6\x92\x00\xf4PO\xd0\x9e\xd2_\x02 \xd3~\x19\xb6\
#\x9b\xc03\xcb\xc7bG6|C\xfcz:\xb8\xb6\
\x02\xb7\x1d6\xd9t\x18e\xf1\xc7\x80\x0e\xff\x1b\x0a\xaf\
\xad\x80\x8676\xc1m\xc9\x9b\x0e\xa5\xf4\xb4\x86n\xb3\
\xf9y\x12\x94\xe3\x9c\x8b\xfaz{\xdb&\x0c\x91\x04\xa0\
\x0f7N\xfb\xfb\x0a\x80~i:\x8e(\xdb\xd8\x9c\xc2\
\xb3+\xc6\x22\xe3\x86kV\xbf\xbeT\xc6\x14~5\x7f\
?\xa4\x9d\xf0\x7f\x1d\xdfmc,o\x89F\xf5\xb8.\
xhxk3r\xdb3\xa6C))\xce\xe4a\xf5\
\xf4\x88\x0e-\xca}\xe5\x91\xa7L\x87a\xa3\xf0\x9fq\
\x8a\xa4\x08\xf7BF\x05\x18\xb1b{\x15\xfe\xbaz\x0c\
\x0a!\x1c\xdf\xdf\x97{\x8f\x9c\x8a\x03F\xa4M\x87Q\
\x16Om\x89\xd6E\x18{\x8c\xc6e[\x91\xd9\xd4l\
:\x94\xd2\xd0\x0c\xceY\xfe\x9e\xc6p\xa3\xe9\x10l%\
\x09@?\xae\xdb\xff\xc5\xc5 \xac0\x1dG\xd4,\xdd\
Z\x8dW\xd7\x8f\x8cL\xe6u\xc1\xd4\xb18w\xcah\
\xd3a\x94\xcd\xd3[\xc2_\xfd\xdf\x0b\x03\xcd\xab\x1a\xd0\
\xb6\xbe\xc9t$\xbec\xd7\xb5\xfb\xea_Q.\x7f\xf5\
\xaf\xff\xcbt\x18\xb6\x92\x04``\x7f1\x1d@\x94,\
\xdd2\x02\xafo\x0c\xef\xe47=\x1dT\x93\xc6\xddG\
N1\x1dF\xd9\xe44\xe3/\xdb-\xbfZ,\x15\x06\
Z\xdf\xdd\x81\xd6ww\x98\x8e\xc4Wlq\xaf\x7f\x00\
 \xa5V\x9a\x8e\xc1f\xe1\x9dM\xc5\x17\xbc\x04\x88F\
5\xb4i\xafm\xac\xc5\xb2\xad\xd5\xa6\xc3(\x9b\x94\xa3\
\xf0\xe0\xdc\xe9\xa8p\x14\xa2\xd2\xd2\xf4\x97m\x1a-\x11\
-\xff;\xb5\xbd\xd7\x04\xd6\x1a\x95SF\x85\xe3\xd4b\
\xfdpG^b:\x02\x9bI\x020\x00fl1\x1d\
C\xd81\x03\x0b\xd7\xd7aEC\xf8\xc7\xf8wu\xcf\
\x91S1sd%\xa2R\xf8\x03\xc0\xd3\x11k\xff\xef\
OfC3\x98\x81\xaai!\x18\xf2\xa9\xed\xfe\xfcj\
\xc2{\xa6c\xb0\x994\x01\x0c\x84\xc9\xf6\xf46\xf0\x16\
n\xa8\xc3\x8a\x86\xe8\x5c\xf9\x03\xc0\x99\x93G\xe3\xc2\xa9\
\xe3L\x87QvQ\x18\xfe7X\xd9\x8d\xcdhY\xb1\
=J\xf9\x9f\x11\xa4I\xb2\xce\x01H\x020\x00\x22\xae\
1\x1dC\x98\xfdkc-Vl\x8fV\xe1?\xad:\
\x8d\xfb\x8e\xda\xcft\x18e\xb7\xbaU\xe3\x9dV\xc9\xa7\
\xbb\xcannF\xdb\xbb\xdbM\x871,Dv\xb7c\
0\xd1\x18\xd31\xd8L\x12\x80\x010(:=\xb4\xca\
\xec\x8d\xcd\xb5X\xb25Z\xf9UR\x11~5\xff@\
\x8c\x88\x87\x7fn\x83\x9e\xfeW\xaa\xff\xfb\x94\xd9\xd0\x84\
\xcc\xda\x9d\xa6\xc3(\x9ecw\x02\x00\xe8\xfdMG`\
3I\x00\x06@\xc0\xd1\xa6c\x08\xa3e\xdb\xaa\xb1h\
K\xb4\x0a\x7f\x00\xb8\xfd\xf0i8td\xa5\xe90\x8c\
xZ\xaa\xff\xfb\xd5\xb6v\x072\xef\x054\x09\x88Y\
\x9e\xcc2\x0e4\x1d\x82\xcd$\x01\xe8\xc7\xadk\x8e\x19\
\x09`\x8e\xe98\xc2f\xf9\xf6j,\xdcXg:\x8c\
\xb2\xfb\xc4\xe4\xd1\xb8x\xff\x09\xa6\xc30\x22\xa3\x81\xbf\
n\x97\xea\xff\x81\xb4\xad\xd9\x81\xdc\xa6\xe0\xcd\x13@q\
\xbb\xfb\x91\x93\xa7\xebp\xc79\xfb\x98\x8e\xc3V\x92\x00\
\xf4'\xcb\xe7\x02\x08\xff\x0a4e\xb4\xbe\xb9\x02\x0b7\
D\xaf\xf0\xdf\xbb2\x89\x1f\xcd\x9en:\x0cc\x9e\xdf\
\xea\xa2-\x8c\xab\xff\xf9\x89\x81\xd6\x95\xdb\x90oh3\
\x1d\xc9\xd08\x0ady\x93V\x9cp\x9b\xe9\x18l%\
\x09@\x1f\x98AL\xfa\x12\xd3q\x84IC&\x89\xbf\
\xad\x19\x1b\xb9N\xcfqExd\xdeA\xa8K\xd8}\
\xa5TJR\xfd?H\x0c\xb4.\xdf\x0c\xaf%`\xeb\
\x90\xa5\x12\xa6#\x18\x10y\xfat\xb0\x94u}\x91\x17\
\xa5\x0f\xb7\xbd3\xefT\x80\x0e2\x1dGX\xb4\xe4c\
x\xf6\xddqp#2\xb7\x7fW\xb7\x1c:\x0dsF\
\x8f0\x1d\x86Q2\xfe\x7f\xf0\xd8c\xb4,\xde\x04m\
\xfb\xfc\xfa]P\x22\x06(\x8b\x8b\x12\xcd\xc9\xc4\x9d\xe7\
|\xcbt\x186\xb2\xf8]3\x87\xc1_3\x1dCX\
\xe4\xb5\xc2\xf3k\xc6GbU\xbf\x9eN\xde\xab\x0e\x97\
\x1f0\xd1t\x18F\xadh\xd1X)\xc3\xff\x86D\xe7\
=\xb4,\xda\x08v\x83SsBi\xbbk\x01\xa0\xf9\
\x0a\xd3!\xd8H\x12\x80\x1enY>\xff\xfd\x0c\xcc3\
\x1dG\x18h\x10\xfe\xb2f\x1cvd\xe3\xa6C)\xbb\
\x89\x15I\xfcl\xee\xfb@\xa1\x98\xef\xb5x\x7f\xdc\x5c\
0\x1dB ym\x05\xb4,\xdf\x12\x98\x89\x82(\x19\
\x07\x94\xc5\x9fu\xadG\xc4\xef8\xf7K\xa6\xc3\xb0\x8d\
$\x00=\x90\xa3\xaf5\x1dCX\xbc\xb6\xb1\x0e\x1b[\
\xa2\xd7\x8f2\xa6\x14\x1e\x99?\x03u\x89\xe8%>=\
I\xfb\x7f\xf1\xdc\x1dm\xc8\xae\x09\xc8DA\x04\x90\xed\
}\x01\xb4\xf7M\xd31\xd8F\x12\x80.nY>\xf7\
@0>b:\x8e0X\xd7T\x81%\xdb\xa2\xd9\xf6\
]\x7f\xc8\x14\xcc\x1d\x1d\xbdy\x0ezj\xf5\x80\xbf5\
\x04\xa7-\xdbF\xd9\xf5;Q\xd8\xd6b:\x8c\xc1I\
Y\x9e\xf0j\x1e\x9f\xbc\xe3\xbc\x0f\x9b\x0e\xc3&\x92\x00\
tA\x8a\xbf\x8cp\xac\xd1eTc.\x8e\x17\xd7E\
s\x06\xce\x13&\xd4\xe1+\x07\xca\xb0c\x00x~\x9b\
\x8b\xacT\x00\x0c\x0f\x03moo\x81\xd7\x967\x1d\xc9\
\x1e\x11\x11\xc8\xf2$@\xb3{\xbb\xe9\x18l\x22\x09@\
\x87\xfa\x15sF\x00t\x9e\xe98\x82\xae\xe0\x11\x9e_\
3\x1ey\x1d\xbd\x8f\xd6\xd8T\x12\x0f\x1c=\xc3\xea\xa6\
\xd0rzZ\xda\xff}\xc1\x9eFf\xc9F\xb0\xf5K\
\xef\xc2\xfa\x04\x00\x1ef\xe2\xce\x0b\xf76\x1d\x86-\xa2\
w\x96\xeeG\x0a\xf4y\x00\xd1\xac\xb3\xf6\xd1\x0b\xef\x8d\
\xc3\xce\x9c\xddm\x81\xa5\xa0\x08xp\xee\x0c\x8c\xb3\xbc\
\x1d\xb4\x9cd\xf8\x9f\x7f\xbcL\x01\x99\xb7\x03\xb0:\xb9\
\xa3\xec\x9e\x1e\x98\x99b:\xfb}\xd3a\xd8B\x12\x00\
\x00\xf5\x0c\x05\xd0\xa5\xa6\xe3\x08\xba\xe5\x0d#\xb0\xb6)\
\x9as\xdd\x7f\xfd\xe0\xa98~|\xf4f9\xec\xcf\xb2\
f\x0f\xabe\xf8\x9f\xaf\x0a\xdbZ\x90\xdfl\xfft\xc1\
\xca\xf2$\x984\x7f\x0c\xf5\xf5\xd1\x9d\x99\xab\x0bI\x00\
\x00$V\xcd?\x09\xc04\xd3q\x04YS>\x8e\x85\
\x1bG\x99\x0e\xc3\x88\xf7\x8f\xad\xc3u3\xa6\x9a\x0e\xc3\
*Om\x96\xab\xffR\xc8\xbe\xb3\x0d^\xc6\xf2\xa6\x95\
\x84c\xfb\xc4@\xf1X\xf5\xdb\xd7\x9b\x0e\xc3\x06\x16\xbf\
K\xe5\xa3\xb4\xfe\xa2\xe9\x18\x82L3\xe1\xaf\xeb\xc6\xa1\
\x10\xc1v\xff1\xc9\x04\x1e\x9aw0\x1c\xcb\xd7E/\
7i\xff/\x0d\xd6\x1a\x99e\x1b\xad\x9f\x1f\x80\x92\xb6\
\xf7\x05\xd02'\x00$\x01\xc0w\x96\xbc\x7f\x02 C\
\xff\x86\xe3\xb5\xcd#\xb1\xad-i:\x8c\xb2S\x04\xfc\
b\xee!\x98\x90\x8e\xdes\x1fH\xab\x07\xbc\xb0]\xba\
\xff\x97\x8an\xc9!g\xf9\xfc\x00\x94\x8c\x03\x16'\xc5\
\xe4\xf1^\x15w\x9e\x7f\x98\xe98L\x8b|\x02\xe0\xc4\
\xdd/\x00\xb0<]\xb5\xd7\xa6\xd6\x14\x16o\x1fi:\
\x0c#\xbev\xd0T|hB4\x9b=\x06\xf2\xec\x96\
\x02r\xda\xf2K\xd4\x80\xcb\xadk\x80\xd7\x941\x1dF\
\xff\x14\x01\x96\xaf\x12\x98\xf7\x0a\xdf3\x1d\x83i\x91N\
\x00\xea\x19\x8a\x81\xcf\x99\x8e#\xa8\x5cMxa\xfd8\
p\x04\xcf\xf5G\x8d\xae\xc5\xd7\x0f\xde\xcft\x18Vz\
j\x93\xfdc\xd6\xc3 \xbbl#X\xdb\xdb\xd1RY\
>\x13&i>.\xea\x9d\x01#\x9d\x00T\xac\x9c{\
\x02\x012kK\x91^\xdb2\x1a\xcd\xf9\xe8}\x7fF\
%\x13\xf8\xf5\xfcC\x11\x97\x01\xff}zF\x86\xff\x95\
\x85\xce\xb9\xc8\xafm0\x1dF\xff\x121\xbb\xd7\x07`\
\x8e\xc5*\x97]c:\x0c\x93\x22\x9d\x000\xf4\xf9\xa6\
c\x08\xaam\x99\x14\x96l\xad5\x1dF\xd9\x11\x08?\
\x99s0&VDo\x8d\x83\xc1\xd8\x98a\xbc\xdbf\
\xefUi\xd8\xe4\xdf\xdb\x01\xaf%g:\x8c~\x91\xed\
\xb5\x00\x8c\x8bM\xc7`Rd\x13\x80\x1f\xb4\xcf\xfcw\
\x9a\xe98\x82H\x83\xf0\xc2\xfa\xb1\xb6wD.\x89\xab\
\x0e\x9c\x82S&\x8e3\x1d\x86\xb5^l\x90\xde\xffe\
\xc5\x8c\xec\xf2M\xb0\xb5\x1d\x8e\x92\x96\xd7\x10z<\x05\
w\x9f7\xc1t\x18\xa6D6\x01\xc8*\xf5I\x00\x15\
\xa6\xe3\x08\xa27\xb7\x8cDC&z=\xdf\x8f\xac\xab\
\xc1\xb7\x0e\x99n:\x0c\xab-k\x91\xab\xffr\xf3Z\
s\xc8\xbf\xb7\xc3t\x18}s\x14\xc8\xe6\x99\x01\xc1\x88\
\xbb\xee\xcd\xa6\xa30%\xb2\x09\x00\x98?c:\x84 \
j\xca'\xf0\xe6\xd6\xe8\xcdxW\x9b\x88\xe3\x91\xf9\x87\
!\xe1D\xf7+3\x18\x9b\xb2\x92\x00\x98\x90_\xd3\x00\
\x9d\xb3\xb3\xef\x05%,\xaf\x05`|\xc2t\x08\xa6D\
\xf2lv\xeb\xea\xa3\xf7e\xe0\x03\xa6\xe3\x08\xa2\x7fn\
\x1a\x05\x8f-\xee\xd8S\x02\x04\xc2\x8293\xb1o\x95\
T\x18\xed\xc9\x96\x9c$\x00&\xb0\xd6\xc8\xad\xb2s\xad\
\x00N\xc6\xec^c\xd5\xd3#\xd3w|\xfa\x18\xd3a\
\x98\x10\xc9\x04\xc0\xf1p9\x22\xfa\xdc\x87cCK\x1a\
k\x9b\xaaL\x87Qv\x97L\xdf\x07\xa7M\x1ao:\
\x8c@ \xab\xcf\xf4\xe1\xe6nk\x86\xd7h\xdf\xdc\x00\
D\x04\x8a\xdb]\x0b\xe0j\xdci:\x06\x13\x22W\x08\
\xde\xb5nn\x1d\x80\xcf\x9b\x8e#h\x18\xc0\xdf7\x8d\
1\x1dF\xd9\x1dR;\x02\xb7\x1cv\x90\xe90\x02#\
FvvF\x8b\x8a\xfc\xaa\xcdvN\x13l\xf9\x02A\
\xd0\xdel\xdc\xfe\x99)\xa6\xc3(\xb7\xc8%\x00n\x8e\
\xef\x04Pc:\x8e\xa0Y\xdeP\x8b\x1d\xd9hu\xfc\
\xab\x8a9xt\xfe\x11H\xd9\xbc\xb0\x89e\xc6$\xe5\
\xb52\xc9k\xc9\xc1\xdd\xbc\xd3t\x18\xbd9\x0aHY\
<$P\x83\xe2:\xffG\xd3a\x94[\xa4\xbe\xad\xdf\
[9\xe7\x0c\x00\x9f5\x1dG\xd0\xe4=\x07\xafm\x89\
^\xc7\xbf{g\xcf\xc4\xf4\xeah.o\x5c\xac\xa9\x95\
6\xf7\xf8\x8e\x86\xdc\xbb\xdb\xc0\x9e}}1(\x9dh\
O\x04l\xe5\xf1\x01\x89\xef}\xfaV\xd3a\x94\x93\xc5\
\xef\x86\xbf\xbe\xf7\xce\xd1\xf3\xc1\xf40\xec\xee\x8eb\xa5\
\xb7\xb6\xd7!\xebF\xeb\xc4~\xd1\xb4}\xf1\xe9}'\
\x99\x0e#p\x0e\xac\x8a\xcc)\xc5Z\x5cpQx\xcf\
\xc6\x19\x02\x09T\x95\xb6z\xa9`v\xbd\xeb\xe2\xb7~\
:2M\xc4\xf6\xbe\x13>\xba}\xe5Q\x1f%\xe0\x8f\
\x00\xd2\xa6c\x09\x9a\x9c\xe7`\xc9\xf6h\xcd\xf87\xa3\
\xa6\x1a\xb7\x1f1\xc3t\x18\x814wT\x0cqI\xb1\
\x8d+\xbc\xd7\x00v-\x5c\x91Q\x11\xa8*\x05\xc4,\
.z\xd8{ q\xfb\xd9\xdf5\x1dF9X\xfc.\
\x0c\xdf\xadk\x8e\x19y\xc7\xca9?\x04\xe8\x7f\x00T\
\x9b\x8e'\x88\xde\xd8Z\x87\xbc\x17\xea\x8fI7\x95\xb1\
\x18\x1e=f6*\x9ch\xd5x\xf8\xa5:F\x98]\
gw\x8f\xef(`O\xa3\xb0\xce\xc6Z\x00t$\x01\
\xe9\xf6\x8e\x81\x96&\x8b\x5c\xd0\xd7\xc6o;\xfb\x0d|\
\xfb\x9cP\xaf\x15\x13\xcao\xea]\xcb\xe7N\xd41\xfd\
Ev\xf3\x97\x00\x14\xbd\xae\xeb>\xc9\x14bX\xda\x10\
\xad\xa5~\xbf\x7f\xc4!8pD\x15\xec\xecJ\x1d\x0c\
gN\x8a\xe3\xa5\xedvNJ\x13%\xee\xfa\x1d\x88O\
\x1a\x09\xc4,\xec|G\xd4\xde' \x11\x07\xe7\xf2@\
\xde\xb5o:cO\xcf\x8c+^\x85[\xcf\xfe\x1b\xa0\
\xae)\x5c\xff\xabWM\x87\xe4\xb7a\xe5_\xbfXw\
\xe8\xfe.\xab\xf1 \x8c!\xd2\xce\xae\x0a'\xaf\xef\xab\
\xa7\x81*\xa4\xfa\xfd[\xc7\xbe\x06|,q\xa5b5\
\x9a\x81)\xcc\x98\x0f\xe0\x10\xeeR\xbb\xc1\x00\xc0\xd4\xed\
\x94\xdey\x9b\xbbLj\xc3=\xee\xdfk[\xb1\x8f\xe9\
r\xec\xbe\xf6\xd3+\xae\x12\xc4:\xd8ct\xdd\xfe\xd2\
\xc6\xb1X\xb2}d\xe7\x8e\xd0\xd5\xee_\xb9\xf7A\xfb\
\xb8\x7f\x97\x03\xf7q\xd0\x8e_z\xedc\x0f\xf7\xef\xe3\
\xb8\xdc\xf3\xb8C\x88\xf33S'\xe3\x81\xa3\x0e\xeb\xb8\
S\xc7?\xee\xfa\xaav\xfe\xce}\xdcg\x80\xdf\x07s\
\x9f\xa2\xf7\x8b\xe1\xed\x87\xbb\xfc\xec|\xae\xdc\xd7\xf6\xce\
\xdb\xe8{{\x97\xbf7\xe45\xf6}j'\xb2\x9d_\
\xda\x22>+\x5c\x86\xcfJ\xaf\xe3\xee!\xce^\x9f\xad\
\xc1\x1cwOq\x0e\xe2\xb8{\x8a\xb3wX\xbb\x8f\x1b\
\x9fT\x87\xf8\x94q\xe8\xfe\x88\xce0z\x9f\x1bv\x7f\
\x06\xba\xef\x8b{\xfe\xbd\xe7s\xe9q\xff\x9e\xfb\xe3>\
\xb6u\xdb\x07\x03\xecj\x90\xeb\x81Y\x83\x18`\xd6=\
\xee\x87\xde\xbf\xf7\xf5z\xf6\x15_\xb7Cs\xcf\x0d}\
\xef\x82\x01xz\xf7\x1f\x892 \xbc\xc3D\xef\x12c\
3\xc0\xcd}\x1fX\xf7\xfeuO}2u?\xcf\xa1\
g<\x1d\x08\xc8\xbb\xe0\xb5\x8a\xdc\xa5\xee7\xff\xe7\xb9\
=?\xb8oC\xae\x01\xf8\xd9\x86Y\xc7@\xd3\x17\x18\
\xf8\xb0\xc74\x01\xd4\xf9\x06\xef\x9e\x02\x84\xbb\x8c\x05\xee\
\xfa\xb4\xa8\xfd\x8f}\x16<\xd4_\xe1\xd6\xb1/\xea\xf1\
\xb7\xae\xfb!&\xf0\xee\xdf\x86\xfa\x94D\x1fZ\x0bq\
,\xdf\x11\x9d\xb6\xff\xfd\xaa\xabp\xd7\xe13M\x87\x11\
\x0au\x09\xc2g\xf6N\xe0\x81w\xf3\xa6C\x89\xbc\xc2\
\x86\x9d\x88M\x1ce\xfft\xbc\x04PL\x011\x05\xea\
H\x08v\x9d\xf3\xfbI\x18vo\x1b8)\xe1!\xde\
\xbf\xe7\xdf\x995\xe01\xc8\xf3\xd2\xd0|\x08\x81\x0f\xe9\
3\xc1\xecq\xb3\x9b\xfej7z&\x7f\x83\xdc\x07\x03\
p\x00\x80\x1d\xc4\xbe\xf1\x09O\x13V\x83\xbd;\xf4M\
\xff\xbd\xa0\x9fG\xf7i\xd0\x8d\xbb?\xdf0\xf3\xf0\x9f\
\xbdw\xe8\x8b\xd0\xf47\x00\xe7\x03\x88\xec\x0aJQ\xb0\
h\xfbHx:\x1a\xc9TJ9xt\xfelT\xc7\
\xfa;I\x0e\x22;\x17\xdd\xfc\xc7\x81)\xa4\xa3\xd3u\
\xc4^Z\xc3\xdd`i_\x80\xa0 \x02b\x0a\x9c\x88\
\x03\xf1\x18\xd8\xba\x8bLv\x14\xf3~\x0a\xf4\x13\xe7\x1b\
\xa77:\xdf8\xedS\x83}\xe4\x1e\xbf\xa2\xcc\xa0\x9f\
\xad;\xec:h\xf5\x0a\x80y\xc3\x8aS\x04B\xdeS\
X\xd6\x10\x9d\xb9\x92\xee:b&f\x8d\x8cNmG\
9LH)\xfc\xfb\xf4hM\x1ce+w\xe3N+\
\xe7\x05\x08\x22v\x14\x90\x8a\xb5\xff\xb4\x10\x01#\x08\xf4\
\x9b\xd87N\xff_\x0c\xa2|\x1f\xf0\x0e\xcc\xa0_l\
\x98u\x0f\x11\xdf\x0a\xc0\xc2\x9e$\xa2\x14\x96\xef\xa8A\
A\xdb\xf9\x01\xf7\xdb''O\xc2\xe7\xf6\x8b\xdc\x0c\xa0\
eq\xfd\xf4$\x0e\xaf\x8d\xc6\xe7\xc8f\xecz\xf06\
Y8;`\x90\xc5\x1d\xbb'5\x02NV\xdf8\xfd\
-\xd4\xd7\x0f\xd8\xf63\xe03\xf8\xe5\x86Y\xb7\x12p\
\x85\xbfq\x09\x9bi\x10\x16G\xa4\xe7\xff\xb4\xea*\xdc\
w\xd4\xe1\x83\xb8\xa7mU~\xc1\x10#\xc2\x83\x87W\
\xa0V&\x060\xce]\xbf\xa3\xffvhQ\x14\x8e;\
`\x8b'5R\x8c\x83\x1c\xef\xf5\xbf\x0ex\x9f\xfe\xfe\
\xf0\xcb\x0d\xb3N\x00\xf0U\xdf\xa3\x12V[\xddX\x85\
\x96B\xf8+{\x92\x8e\xc2#\xf3\xe6`D<\xfc\xcf\
\xd5\xa4\x03\xaa\x15~7'\x8d\x84\xbd\xe7\xc9H\xd0\xd9\
<\xbcm\xfdtZ\x17\xc5\x8b;V_\x1f\x100W\
}\xe3\xe3\xd7\xf6\xf7\xf7>\xbf\x96\x8f-\x9e\x91`\xe6\
\x07\xfa\xfb\xbb\x08\xaf\xb7\xb6Gc\xce\xff\xef\x1e:\x0b\
\x87I\xbb\x7fY|`\x94\x83\xdf\x1e\x99BJ\xce&\
F\xb9\xeb\xb7\x9b\x0e!|\x08\xe0~;\x0f\xdbA1\
\x7f\x1b\xf5g\xf6\xb9\x8e{\x9f_\xc9LM\xecB\x80\
&\x976,a\x9bm\x994\xb6fR\xa6\xc3(\xb9\
\xd3'M\xc4%\xd3\xa7\x99\x0e#R>:>\x86\xdf\
\x1d\x95\xc6\x08\xbb\xcf\x95\xa1\xe65e\xa0[\xb2\xa6\xc3\
\x08\x1fE\xed\xff\xec\x15s\xbc\xfc\x8f\xfa\xfaC\x9f\x09\
\x00\x03\x97\x976\x1ea\xa3\xa5\x11\xe8\xf9\xbfwE\x05\
\xee\x9bs\xa4\xe90\x22\xe9\x84\xb1\x0e^;\xae\x12\xb3\
ke\x9aeS\xbc\x8d;L\x87\x10N\x16\xf7\x05\x00\
\x00\xb0:\xab\xaf\xcd\xbd\xa2~\xe4\xbd\x99\x93@8\xb8\
\xf4\x11\x09\x9b\x14\xb4\xc2\xaa\xc6p'\x00q\xa5\xf0\xab\
c\xe6\xa2.\x910\x1dJdMN\x13\x9e\x9d\x9f\xc4\
\xb7\x0eL@V\x0e.?ok#\xe0Ig@\xbf\
\xd9\xdc\x19\x10\x00\x888\x85\xfaS\x8e\xee\xb9\xbdW\xd4\
\x05\xa2\x13\xca\x13\x92\xb0\xc9\xca\xc6\x11\xc8\x87|\xe8\xdf\
\xcd\xb3fb\xf6\xa8Q\xa6\xc3\x88\xbc\xa4\x22\x5c\xbf\x7f\
\x0co\x1d\x9f\xc2e\xfb:\xa8\x92f\x81\xb2aW\xc3\
\xdb\xdad:\x8c\xf0!\xd8\xde\x0c\x00G\xab/\xf6\xdc\
\xd6\xeb\x8cO\xc0\xac\xf2\x84#l\xb2\xbc!\xdc\x1d\xe2\
>2q/\x5cy\xc0t\xd3a\x88.&\xa5\x08w\
\xcf\x88c\xd5\x07\x93\xb8\xf7\xe0\x18N\x18CHJ\xad\
@\xc9y\x9b\xa4\x19\xa0$\xc8\xee\x04\x80A\x87\xf5\xdc\
\xd6W\xee-\x0b\xa1GLC6\x89-\x99\xb4\xe90\
Jfb\xba\x02?=j\x0e\xdaW\xab\x90\xeaO\xdb\
\xd4\xc6\x09\x17\xef\xe3\xe0\xe2\xc9\x0a\xad\x1e\xb0\xa4I\xe3\
\x8d&\x8d\xb5\x19\xc6\xce\x02\xa3\xc9\x05r^\x1f\x0b\xeb\
\x00=\x16si_\x90hZ\x050&\xbekc\x97\
\xf1\xef\xdc}\xee\xf5n\xb7{,\x10\xb3\xebW\xddm\
3\xba<d\xe0\xcf\x12\xf7\xd8O\xd7\x9d\xec\xde\x98\xd5\
\x0a\x1br\xc0\xba\xac\xc2k-\x0a\xeb\xb3\xa5\xaf\x85\xf3\
\x9a\xda\xe0\xb4\xe6\xa0*\xc2\xdf\xe1\xb7\x9c\x18d\xf3\x88\
@\x10\xd0\xabc\xbf$\x00\x02\xef\x84\xb8\xed?\xa6\x08\
\x0f\xcf\x9f\x8b\xbad\x12\xc5\x17\xfe\x924\x94K\x85\x03\
\x1cYK8\xb2Faw!\xda\xa5\x90\xef\xbaba\
\xafU\x09;\xb6;j\xd7Jw\xbb\x1e\xd7\xed6\xf7\
s\x1b\xbb\xf7\xd3\xd7\xca|\xbd\x12\x89\x9e\x09\xc6`\xee\
\xd3W\x12\xb2\xfb>Y\x8f\xb0&Oxz{\x1c7\
\xafNag\xa1\xafWi\xf8\xf4\x96F\xa8}%\x01\
\xf0\x95\xe5M\x00\xc4\xe8U\xcd\xdb-\xdd|t\xcd!\
#\x01\x8c/[D\xc2\x0a\xab\x1a\xabM\x87P27\
\x1er\x08\xe6\x8d\x19c:\x0cQ.\xa4`\xf5\xcc,\
{\x90r\x18\x07\xa45\xae\x98\x94\xc3\x96c\x1a\xf1\xfa\
\x9cf\x9cP\xe7\xfa~\x1c\xe9\x07\xe0?\xb2\xbc\x09\x00\
\x80\xc2\x7f|jZ\xf7\x0d]\xe88I\xef\xff\x88\xd9\
\x92I\xa3)\x1f\xce^\xf1\xc7\x8e\x1d\x87\x7f\x7f\xdfA\
\xa6\xc3\x10eC\xf6\x0f\xc7\x1a\x02\x22`F\xa5\xc6\x93\
\x87\xb5\xe1\xcd\xa3[pH\xb5\x7f\x0b\xfap&/s\
\x02\xf8\x8c\x09\xd6\xf7\x03P\x5c8\xb1\xdb\xef]\x7fa\
MR\xfd\x1f1a\xbd\xfa\x1f\x9fN\xe3\x91y\xc7\xc0\
\xf1\xe5\x0bi\xf7\x97Zt\xb0\xfc\xe4;\x1c\xef\xab\xd4\
xuv\x0bn\x9d\xe6_\xa1\xad\xb76\xfa\xb6/\xd1\
\xc1\xf2\x8f )=\xb7\xeb\xef\xdd\x13\x00\x92\xf6\xff\xa8\
Y\xd54\xc2t\x08\xbes\x88\xf0\xcb\xb9\xf31&%\
\xcb\xd1F\x8b\xe5g\xdfa\x22\x02\xfe}\xdf<\x16\x1e\
\xdd\x82\x0a\x1f*:\xbc\xad\x8d\xd2\xbd\xc5o\x96'\xa1\
\x0c}H\xd7\xdf\xbb\x7f\x8c$\x01\x88\x94\xcdm\xe9P\
.\xfcs\xfd\xc1\x87\xe0\xb8\xb1\xe3L\x87!\xca\x89T\
\xd8\xcb\xff]fUi\xac8\xa6y\xd8\xd3*s\xb6\
\x00\xdd\x92\xf1'(\x01\x00`\xcb\x13\x00\x02\xed\xdd\xf5\
\xf7\xee\x09\x00\xcb\x0c\x80Q\xb2\xa6%|\xd5\xff\x1f\x18\
7\x0e\xd7\xcf8d\xcfw\x14!B\xd6_y\xf9m\
l\x82\xb1x^\x0b\xaa\xd4\xf0\xfa\x05\xe8\xed\xd2\x19\xd0\
W\x96\x7f\x0e\x09\xd4m$\xc0\xae\x04\xe0W\x1b\x8e\x18\
\x0d@\xbaKG\xc8\xda\xe6>\x17\x88\x0a\xac\xd1\xc9\x14\
\x1e\x9c\xebW\xbb\xbf\x08\x8c\x10u\xfc\x1b\x8a\xf1\x09\xc6\
_\x8e\x1a^\x9f\x00\xdd\xd0\xe2S4\x02\x08\xc2H\x00\
V\xa8\xff\xf8\xae\x19\xd1v}sr\xe4\xc9\xd5\x7f\x84\
\xb4\xb914d\xc3\xd3FN \xfcd\xce\x5cLH\
W\x98\x0eE\x94\x93\xf5'\xdc\xd2\x9aY\xe5\xe1\xbe\xf7\
\x15\x9f\x04\xe8\xd6,8_\xa2\xc9\x06\x22\xa8}$\x80\
\xe9(\x06\xa6\xb4\xfe\xf0\xae\xdb\x9d7\x1c\xe6\x03\xcd\x84\
#L\x08\xdb\xd5\xff5\x07\xcd\xc0G\xf7\x9ad:\x0c\
Qn\x11O\x00\x00\xe0\x0b\x93\x0a8\xac\xd8!\x82\x0c\
\xf0\x0e\xa9\x05\xf0\x95\xe5\x9fIb\xda\xb5(\xd0\xae\x04\
\x80\xa1\xf71\x13\x8e0amKx\x12\x80\xd9\xa3F\
\xe3\x1b\x07\x1fj:\x0cQn\x96\x9fh\xcb\x85\x00<\
6\xab\xf8\xce|\xde\x8eV\xff\x82\x11\xdd&\xa1\xb4\x12\
\xf3\x94\xce\x9b]\x1a\xcfH\x12\x80\x88\xd0 \xaco\x0d\
GU\xf9\xc8D\x12\x8f\xce?\x0e\xf1\x88\xb6\x03G\x9b\
\xedg\xda\xf2\x99\x92\xd6\xb8hbqU\xf9\xdc\xd0,\
\xc3\x01}d\xf7\x8a\x00\x00\xc0{u\xde\xeaz\xd6\xec\
\xb5P\x80\x08\xa7-\xadi\xe4\xbd\x01\x96]\x0b\xc8\xc9\
\x80@X0g>\xf6\xae\xac,\xf1\x91\x02\xf2\x82D\
\x89\x5c\xfd\xf7r\xe3\xd4|Q\x8fc\xd7\x83nn\xf3\
9\x9a\xe8\xb2\xbf\x06\x80\xea:ovM\x00\xa4\x06 \
\x226\xb6\x85\xe3\xea\xff\xcb\x07\x1e\x84S&I\xde\x1a\
9R\xf8\xf7iRJcv\x91}\x01\xb8I\x12\x00\
\xdfX\xfe\xf9$\xe2]WL\x0a\x00\x16\xf0\x11q\x00\
\x13\x8cE$\xcajs\x08\x12\x80#F\x8d\xc6\xcd3\
\x8f0\x1d\x86\x10V\xb9i\xff\x5cQ\x8f\xd3\x8d\x92\x00\
\xf8\xc6\xee\xf2\x1f\x00\xc5P\x7f\x5c\x0a\xe8H\x00\xd2\x9b\
\x0b\x93\x00\x0cP',\xc2ds[\xdat\x08\xc3R\
\x13O\xe0\xe1y\xc7#\xa1\xca\xf5\x91\xb5\xfe\x1b\x1d\x1d\
\xf2V\x0chvMq+\x07r\xa3t\x04\xf4O\x10\
>\xa4\xd5\x87\x02\x9dM\x00\xccR\x8f\x1a\x11;rI\
d\xbda\xce!j\xd8\x0f\x8e\x9c\x87)\x95\xe1\x9b\xc5\
P\x88\xe1\xaa\x8d\x01{'\x87\xde\x0c\xc0\x05\x0f\x9c)\
\xae\x0f\x81\xe8!\x08\xab\x02ju\x04\xd0\x91\x00h\x19\
\x01\x10\x19\x9b\x02~\xf5\xff\xa5\xfd\x0f\xc2Y\xfbL5\
\x1d\x86\x10\xd6:m\x9c\xd4\x02\x88=py\x06 5\
\x00\x91\xb39\x13\xdc\xf6\xff\x83kG\xe2\x96C\x8f2\
\x1d\x86\x10V;\xb4\xaa\xb8Q+Z:\x02\xfa\xc6\xfa\
E\x81\x08\xfb\x01\x1d\x09\x00\x81$\x01\x88\x88\xad\x99`\
\xd6\x00T\xc7\xe2\xf8\xd51\x1fB:&]U\x84\x18\
\xc8\xfe\x95^Q\x8fcY\x19\xd07\x96\x97\xff`E\
\x13\x81]\xc3\x00Y\x9a\x00\x22@3ag.\x98\xf3\
\xff\x7f\xff\xc8\xf9\xd8\xbf\xba\xc6t\x18\xa2\xdcX\xe6`\
\x18\xaa\xea\x22\xbb\xf8\xe8\xd6\x9c\xbc\xde>\xb1\xbe\x06\x80\
1\x16\xe8H\x00\x18\x90I\xd4#`g.\x01\xcf\xfa\
Y*z\xbbp\xda\x81\xf8\xf4\xbe\xfb\x9b\x0eC\x94\x9d\
\x14F\xc5(\xfa\x1b\xaeY:\x02\xfa\xc4\xfa\xb3,\xa3\
\x1a\xd8\xdd\x040\xdal4\xa2\x1c\xb6\xe7R\xa6C\x18\
\xb2\x195u\xb8\xe3\xb0y\xa6\xc3\x10\xe5\xc6,W\xa3\
E\x1aN\xe1\xc3-\xc3[^X\xb4\xb3\xfd:\x8b\x88\
\xe2\xc0\xee\x99\x00G\x1a\x8cE\x94IC6X\x09@\
e,\x8e\x87\x8f\xf9\x10*b\xc1\x1e\xb6(\x86\x8a!\
W\xff\xc5\xdb\x9a/\xbe\xf4\xd1m\xc5M$$\x82F\
+\x00P\x8fl\x9f3\x02@\xdcp4\xa2\x0c\xb6\x07\
\xac\xfd\xff\xae#\xe6\xe3}#$7\x8d\x1c-\x85\xff\
p,k)>\x01\xe0V\xa9\x01\xf0\x85\xe5}\x00\x00\
\x02\xbe\xf3\xe9qJ\x172\xa3L\x87\x22\xca#H5\
\x00\xe7\xec;\x1d\xe7O=\xc0t\x18\x1d\xa4@*\x1b\
\xad!\xaf\xf7\xf0\xbc\xdaT|\x8d\x19\xb7J\x0d@d\
\xb4\xb5MSZs\xdd\x9e\xef)\x82\xcecB\xab\x1b\
\x8c\x8a\x9e\xfd\xaakp\xcf\x91\xc7\x98\x0eC\x94\x19\xb3\
\x14\xfe\xc3\xc5\x00~\xb7\xb9\xf8\xa5\xb19W\x90\xbe\x17\
~\xb0\xbd\x02\x00\x80\x03\xbd\x8frX\x12\x80(h)\
\xc4\x03\xf1\xbdN91<2\xef\x04T\xc7\x12\xa6C\
\xe9\x22\x00\xdf\xe6\xa0\x93N\x7f\xbe\xd8\x98Sh\xd1\xc5\
'\x00`nO\x02\xc4\xf0Y\xde\x0c\xc0JMT\x0c\
%M\x00\x11\xd0\x94\x0f\xc6\xd5\xff\xf7\x0e\x9b\x8fY#\
ePJ\xb40X\x17\xb7\x8c\xad\xe8\xee\xcf\xdb}\x98\
(K\x12\x00\x9fX\x9e\xd0j\x9e\xa8XAj\x00\x22\
\xa0\xa5`\xd3\x15u\xdf>1y?|a\xbf\x19\xa6\
\xc3\x10\xe5\xc4\x90\xc2\xdf'\xcc\xc0u+\x86\xdf\xcfG\
\xe6\x02\xf0\x89\xe55\x00D\x18\xa7H\x9a\x00\x22\xa19\
ow\x020\xb5\xaa\x06\xf7\x1du\xbc\xe90D91\
\xc0\xda\x95\xaa\x7f\x9f\xbc\xdc\xe8`\xb3\x0fe\xb7\xceJ\
\x0d\x80\x1f\xd8\xf6\xc9\x00\x18\xa3\x15\xa0$\x01\x88\x80\xe6\
\x82\xbdM\x00\x09\xe5\xe0\xe1y'\xa0&nw\x92\x22\
\xfc\xc4\xed\x85\xbf\xf0\x05\x03\xb8b\xa9?\xc3|9'\
5\x00~ eybK\x18\xa9\x08R\x03\x10\x05-\
\x16'\x00\xb7\x1c:\x17\x87\xd7\x8d5\x1d\x86(#\xf6\
<\xb9\xf2\xf7\xd1\x1f\xb6\xc4\xf0z\x8bO\x0bee%\
1\xf3\x85\xe5\x1fo\x06j\x94&\x99\x050\x0a\xb2\x9e\
\x9d\xab\xe8}d\xaf}q\xe9\xf4\x99\xa6\xc3\x10e\xc4\
\x9e\x0b\xb0\xb4\xfb\xfb\xa5U\x13\xce~\xcb\xc7U>\x0b\
\x92\x00\xf8\xc1\xfa\x05\x81@\xd5\x8a\x98\x82\xb9>\xac\x18\
\x92\x8ck_\x020\xb9\xb2\x1a?\x9b\xfba\x90\x0c\xb3\
\x8b\x0e)\xfc\xfd\xc5\xc0\xe7\x16\xa5\x90\xf3\xf1%e\xb7\
\xb8\xe5\x84E\x0f\xf6\x9f\xd6b\x0a`ix\x8d\x80\xbc\
e5\x001E\xf8\xe5\xbc\x13Q\x1b\x0f\xd6\xf4\xc4b\
\x18<\x17\xd0R\xb8\xf8\xe9\xb7\x9b\xe3\xf8\xcf\xcd\xfe\xae\
\x95\xc1\x05\xcf\xfa\xeak\xe1\x03\x86\xa3@\x90\x04 \xe4\
r\x9e\x03mY:z\xd3\xccy\x98;z\x82\xe90\
D\xb9xn\xc74\xbf\xc2/\xef\xe5\x14\xce[T\x82\
\xe9\xbd\x99\xc1\x9e\xbcW\xc3f{\x12Ep\x14\xb1$\
\x00a\x97\xb1\xec\xea\xff\xc4\x09\xfb\xe2\xaa\x03\x0f7\x1d\
\xc6\x10\xd8\xfeM\xb6\x9c\x5c\xf9\xfb\xcee\xc2\xf1\xff,\
a\xeb\xad4\x03\x84\x1f\xc3Q\x0cI\x00\xc2.\xe7\xd9\
\xb3\x9c\xee^\xe9*\xfc\xec\xe8\x13\xa4\xdd?*<\x17\
\xf0\xa40\xf1\xdb\xe5\xcb\x92x7;\x8c)\x7f\xf7@\
\xfa\x01\x0c\x9f\xe5}\x00\x01@)H\x02\x10zy\xcf\
\x8eO\xa2\x22\xc2\xcf\x8e>\x11\xa3\x92A\xebwj\xc7\
\xeb\x178^\xa1=\x01\x10\xbe\xfa\xef-1\xfcl}\
iO\xdb$\x09\x80\x0f,?o\x10\x1cI\x00\x22@\
[2#\xd5\x8d\x07\xcf\xc5q\xe3\xf66\x1d\x86(\x07\
7/W\xfe%\xb09O8kQE\xc9\x8f\xc3Z\
\x9a\xbd\x86\xcd\x8e\xd3n\xff\x18$\x09@\x04x\x5c\xba\
\xaa\xc2\xc1\xfa\xc0\xd8I\xf8\xeaAG\x9a\x0eC\x94C\
!'\x85\x7f\x09x\x0c\x1c\xb7\xb0\xb2<})e\xa8\
\xe6\xb0\xd9\x9eB\x11\xa0b\x90\x04 \xf4<\xc35\x00\
c\x92\x15xp\xdeG\xe0\x90\x82\xfd_\x0bQ4f\
 \x9f\x93\xc2\xa3D\xae|;\x8dw2eJ\xe6\xa5\
\x06`\xf8l\x7f\x09Ij\x00\x22\xc1d\x13\x80\x22\xc2\
/\xe6\x9e\x8c\xf1\xa9Jc1\x882`\x06\x0aY)\
\xfcK\xe4\xa9\xed1,x\xaf\x8c\xd3yK\x02\x10~\
\x0c\x92\x1a\x80\x080\xd9\x04p\xed\x8c9\xf8\xe0\xf8}\
`\x7f:,\x8a\xa6\xbd\xf6j\x7f)4Jbk\x9e\
p\xfa\x1b\xe5\xed8\xcb\xb2NC\xf8I\x0d@4\x98\
:/\xcf\x1f3\x097\xcc\x98g\xe6\xe0\xa2<:\x0b\
\x7f)0J\xc2c\xe0C\xafU\x96\xbf\x19O\xde\xcf\
\xe1\xb3\xbd\x13 \x00{\x06\x88\x8bP\x19\x99L\xe3\x17\
s?\x82\x18\x11\xe4\xea?\xa4\xbc<\x90\xcfC\xde\xdf\
\xd2\xb9ae\x0aKZ\xcdw\xe2\x15\xe1\xa4\x00\xc8\xe2\
\xcf!\xa7\xca\x9c\x89\x12\x08\xf7\xcf9\x09{W\x8c(\
\xef\x81E\xf9\xe4\xb3@AN\x1d\xa5\xf4|C\x0cw\
\xad5\xb4VF\x00f\xb1\xb1^\x00\xf2bI\x00\x22\
\xc0\xa1\xf2v\xcc\xba\xfa\xc0\xd9\xf8\xd8\xc4\xfd\xcazL\
Q&\xac\x81l\x9bL\xf0Sb;]\xc2G\xdf4\
\xd7q\x96$\x01\x08?\x06\xc7 \x09@\xe8)*_\
*z\xe4\xa8\x09\xf8\xe6\xccc\xcav\xbc\xf2\x08@*\
_\x0e\x9e\x07\xe42\xd2\xd3\xbf\xc44\x80\x0f\xbfV\x89\
\xbc\xc9\x97\xb9\xdc\xd5\x86\xa2\xfcH\x12\x80Hp\xca\x94\
\x00\xd4$\x92xd\xde\xa9H(\x07Rh\x86L>\
\xdf>\xccO\x94\xdc\x8d+Sx\xbd\xc5\xf0\x02^\x92\
\x00\x0c\x9f\xed/\xa1\xd4\x00DC9\x9a\x00\x08\x84\xfb\
\x8f:\x19\xfbT\xd6@\x0a\xff\x10a\xdd~\xd5\xefJ\
\x95\x7f9\xbc\xd0\xe8\xe0{k\x0c\xb5\xfbwE\xd2\xf1\
p\xb8\xec/\xff\xa1%\x01\x88\x80r4\x01\x5c6\xfd\
p\x9c:iz\xc9\x8f#\xca\xc8s\xdb\xdb\xfb\xa5\xca\
\xbf,\x1a=\xc2\xc9\xafW\x99\x0e\x03\x00@R\x030\
|\xb6_\x07I\x13@4$\x9c\xd2~\x12\x0f\xee\xff\
\xdaK\x00\x00 \x00IDAT\xab\x1b\x8fo\xcf:\
\xae\xa4\xc7\x10e\x96\xcf\xb6\xff\xb3\xfe,\x16\x0e\x0c\xe0\
#\xafW\x22kI\xae\xc5\x8e\xb2\xfe\x0a\xd6~\x96\x7f\
w\x18^\x8c\x80\xbc\xe5a\x8aaJ9\xa5\xab\xbe\xad\
\x8a\xc5\xf1\xe0\xd1\xa7 \xe9\x18n\xb3\x14\xfe\xf0< \
\xdb\x0ah\xa9\xf2/\xa7\xdb\xdeM\xe2\x1fM\xf6|\x87\
(nO,A\xc5l}3\x80\x8e1!o{\xa2\
\x22\x86'\xed\x94ne\xb6\x1f\x1ey\x22\xf6\xaf\x1eY\
\xb2\xfd\x8b2*\xe4\x81\x5c\x9b\xcc\x02Wf\xffht\
p\xe3\xaa\x14l\xbab\x94\x04 \x02\x08^\x0c,M\
\x00a\x97p<(b\xdf\x17\x05\xfa\xc2~\x87\xe2S\
\xfb\x1c\xe4\xeb>\x85\x01Z\x03\x99\x96\xf66\x7f)\xfc\
\xcb\xaa\xc5\x03N\xf8\x97e\x0be)\x02\x94$\x00\xc3\
f\xf9\xe5?\x18\x9e\x02H\x12\x80\x08H:\xfe6.\
\x1eR;\x06\xdf;\xf4x_\xf7)\xca\x8c\xd1\xbe|\
ok\x93L\xecc\x00\x038\xe5\x8d\x0a\xb4j\xbbJ\
\x0a\x8a\xc5\xec/\xbc\xc4\xf0\x11<\xc5\xc4\x19\xd3q\x88\
\xd2K\xfb\xd8\x0f\xc0!\x85\x05\xb3OB\xca\x91\xa5$\
\x02\xcbs\x81\xb6F \xd7*W\xfd\x86\xdc\xb9&\x8e\
\x17\x1a\xed\xfb\x0eI\xf5\xbfO\xec\xffZ\xb91\xd2\xd4\
\xc0e\x9c)N\x98\x91\xf4\xb1\x1f\xc0\x15\xd3\x8f\xc0a\
u\xe3}\xdb\x9f(#\xe6\xf6B?\x9f\x91\x82\xdf\xa0\
7\x9a\x15\xae_Y\xde%~\x07-&\x09\x80\x1fl\
\xafDaFS\x8cH7\xb0\xf5\xa1\x8a\xe1\xaa\x8a\x17\
|\xd9\xcf\xc4t\x15\xbe>c\xbe/\xfb\x12e\xe6\xe6\
\x81ls\xfb\x12\xbeR\xf6\x1b\x93\xd1\xc0\xbf\xbdVa\
:\x8c\xfe\xa5\xec\xab\x95\x08\x22\xdbG\x01\x10Qc\x8c\
A\x0d\xa6\x03\x11\xa5W\xedS\x02p\xd9\xf4#Q\x11\
\x8b\xfb\xb2/Q&^\x01\xc8\xb5\xb4'\x00\xc2(\x06\
\xf0\x897Rh\xf2\xec-\x1a(\x950\x1dB(\x90\
\xedY6{;bDh\x90\x9a\xc0\xf0\xabN\x0c\xff\
\xe4_\x1dO\xe0\xc2)3}\x88F\x94\x05k \xd7\
\xdc^\xdd/\xac\xb0`]\x1c\xff\xb7\xc3\xee\x04ZI\
\x02\xe0\x0f\xdb\xcbUR[cZS\x03\xa4\x0f@\xe8\
\xf9\x91\x00\x9c9\xf9}\xa8IX0O\xb9\x18\x183\
Ph\x05\xf2-\x80\x96\xef\xb6-\x96\xb4\x10\xbe\xfcv\
\x1a\xb6\x97\x0c\x94\xb2;A\x09\x0c\xbb\xdff\xb0\xd6[\
b\x80\xdenwK\x85\xf0\x83\x1fM\x00\x1f\x990\xcd\
\x87HD\xe9t-\xf85\xac?\x03EHV3\x8e\
\x7f\xcd\xb2\xf1\xfe\xfdIJ\x02\xe0\x0f\xcb\xbf\x7f\x8a\xd6\
\xc7\x14Q\x83%\xd3O\x8b\x12\xaa\x8a\x17@T|\xc7\
\xef\xa4\xe3\xe0\x03c'\xfb\x1b\x94\xf0O\xa1\xb5\xbd\xba\
\x9fK7\xeb\xa3(\x0e\x83q\xf6[i4\xb8\x01X\
a\x8f\x08$\x09@$\x10\xd3{1\x97T\x83\x92\xd5\
\xbeB\xcf!FU\xbc\x80\xe6|q_\xee\xc3F\x8e\
G\x95t\xfe\xb3\x0c\x03\x856 \xdf\x0c\xb0k\xfd\x05\
GT\xfd\xec\xbd8\x9e\xdc\x1e\x8c\xef\x0e%ch\xbf\
R0\x1d\x89(5\x0fz\x8d\xd2\xb1\xccv\xd3\x81\x88\
\xf2\x18\x99\xcc\x16\xfd\xd8iU\xb5>F\x22\x86\x85\xb9\
\xbd\x9a\xbfu\x0b\x90\xdb)W\xfd\x16[\xd1\x06\x5c\xb2\
<e:\x8cA\xa3\xca\xe0\xc4j\xb5 $P\xb9\xdc\
*u\xd1\x98\xe5\xcd\x90%\x81#at\xaa\xf8\x04`\
\x8a$\x00\xe6\xb1\x07\xe4\x9b\x80\xb6M@\xbeQ\x0a~\
\xcb\xe55\xf0\xc1W-\x1e\xef\xdf\x07I\x00\xfc\x12\x80\
\x0c\xe0\x8e?m\x89\x01\x00\x03;\x08\x18g:\x1eQ\
Zu\xc9\x5c\xd1\x8f\x1d\x9b\x08\xd6\x89,Tt\x1e(\
\xb4\xb4\xb7\xf3C\x07\xe2\xdc\x12y\x0c|fq\x02\x1b\
\xf3\x01h\xf7\xefBUI\x02\xe0\x0b\xfb\xbf\xa3\x1a\x00\
b\x00@\xc06H\x02\x10z\xa3\x86Q\x03 \xca\x8d\
\x01\xb7\x0d(4\x01:\x1b\x84\x13\x8a\xe8\xe2\xe1\x0d\x0e\
~\xbf5\x18\xed\xfe]Q\x85\x0c\xf3\xf5\x83\xed#\xeb\
\x998\x0ft$\x00\x00\xaf\x07h\x86\xc9\x80D\xe9\xd5\
$\xf3p\x88\xe1\xf9\xbc,\xb0\xf0\x91.\x00n3\xe0\
\xb6\x00ZV\xe8\x0b\xa2uY\xe0s\xcb\xec\x1f\xef\xdf\
\x8b\x22PZ\x12\x00?0,\x1f\x5c\xcf\xd4\x02\xecJ\
\x00h\x8d\xc9XDy(0jSYlo\x1b\xfa\
\x22$;\xdd\xe2\x9b\x0f\xc4\x1e\xb0\xee(\xf4\x9b\x00/\
\x8f\xc0\x15\x1cb\x97\xbcf\xcc\xffg0\x9b\xcbTE\
\xca\xf2R+8\xc8\xf2\xe9u\x99\xb0\x05\xe8H\x00\x18\
\xbc\x96\xe4\x9d\x8f\x84\xb1\xa9\x5cQ\x09\xc0\xea\x96\x9d%\
\x88&\xca\x18\xf0\xda\x00\xafyw\xdb\xbe\x14\xfc\x81\xf7\
\xf9%\xc9\xc0\xb5\xfbw\xa2ji\xff\xf7\x8b\xf5\x0b\x01\
i^\x0ft$\x00\x0aj\x0d\xcb\xc9'\x12\xc6U\xb4\
bi\xc3\xd0{\xf4\xafl\xdeQ\x82h\xa2F\x03^\
\xeb\xee*\xfe]\xdf9\xf9\xee\x85\xc1\xef6+\xfcz\
s\xf0\xda\xfd;\xa9\x11\x01\x99\xa90\x00\xac\xaf\x01`\
\xbc\x03t6\x01\x90^\x0bi\x17\x8e\x84\xf1\x15mE\
=\xee\xf5\x9d\x9bQ\xd0\x1aq\x15\xcc\xab\x1bs\xbc\xf6\
\xab|\xb7\xb5\xfd\x1f:\x87\xee\xd9}\x82\x10C\xb31\
\xcb8gq\xb0\xaf\xa0\xa9&\x98M\x17V\xb2<\x01\
\x00\xd1\x22\x00P\x00\xe0\xc1\x91>\x00\x11Q\x9b\xc8#\
\x1d\x1b\xfa\xf8\xf1\xa6B\x1e\xff\xdc\xbe\xb1\x04\x11\x85\x0c\
wT\xed\x17\xb6\x01\xb95@\xdb;@ns{\x12\
\x00\x99q3\x8c\x5c\x0d\x1c\xbb0m\xfd9\x7f \x94\
\x88\x81\xd2\xb2\x0a\xa0/\x02\xf09\xd0q\xfd\x1a\xd0\x91\
\x00\xe4\xc7;\xeb\xb1\xfb\xd2D\x84\xdc\xb8\x8a\xd6\xa2\x1e\
\xf7\xa7M\xab|\x8e$\x04\x98\x01\x9d\xd9]\xe0g\x96\
\x03\xf95\x80\xbb\xad}\xf8\x9e\x089\xc6\xc5\xcbbX\
\x9d\x0bv\xcd\x18\x8d\x90\xab\x7f\xff\x04 \x03@\xf3\xeb\
@G\x02p1\xbdZ\x00 \x97w\x111\xae\xc8f\
\x80GV/\x82\x9b}/\xe2\x05\x9b\xdb\xde[\xbf\xb0\
\x11\xc8\xac\x04\xda\x16\x01\xd9w\x80\xc2&\xc0k\x81\x5c\
\xe5G\xcb\x1f6+<\xb41\xf8W\xce\xaaF\xda\xff\
}c}\xf9\xcf.\xea\x9f\xcf\x02\xbb\x86\x01\x02\x00\xd6\
\x00\x98d& QN\x13*2E=nC\xb6\x05\
\x9b\x1a\xfe\x89Ij3\xa0*\x81\xf8\xe8\xf6\x7f\xb1\xd1\
@|\x14\xe0\x8c\xf09R\x93\x18\xd0\xb9\xf6\xea|\xdd\
\xd6\xdeyO\xb7\x02<\xfce\x95E8l\xc92\xce\
X\x5c\x81\x00\x9c\xf1\xf7H\xda\xff}dy[\x103\
\xed\xaa\x02\xee\x9a\x00\xac\x050\xbf\xfc\xe1\x88r\x1b[\
\xd1\x86\xa4\xe3!\xe79}\xdf\x81\xd0\xef9\xed\x1b\xab\
[\xf0\xf3i\xd4^\x18\xe6Z\xdb\xab\xbd;\xa9$\x10\
\xabmO\x04\x9c\xea.?\xab\x005\xf4\xa1\x87e\xc1\
\x85\xf6\x1a\x0d\x9d\xe9\xf2\xaf\x0d\xf0\xb2\x90V1\xd1\x1f\
W\x03\x1fx\xad\x02:\x04\x15>\x14w\xa0\xaa,\xfd\
~\x06\x90\xed\xb3\x00\x82\xb8\xa1\xf3f\x97\x04\x80\xd7\xd8\
=rQ\xf8\x85\x00L\xacj\xc5\xaa\xc6\xa1_\xb1\xff\
f\xfd&\xd4O\x99\x8a\xc9jk\xef?\xea\x1c\x90\xdf\
\x0c`s\x1f\x07\x8du$\x03\x95\x00\xa5\x00\x95hO\
\x0a(\x09\xa8x\xc7\xcf\x14@\xf1\xf6\xfb\x16\x8b=\x00\
n\xfb,z\x9c\xdf]\xc0s\xbe}N}\x9d\x03\x90\
o\xdf\xe6e!U\xf6\xa2\x18W/\x8fae&\x1c\
\xe7K\xaa\xad\x92S\xbf\x8f\x18l\xf9\xcbI\x1b:o\
\xed:\xd3\x12\xd4\x1a\xdb\x13\x17\xe1\x9f\xbd\x8bL\x00\x00\
\xe0\xcc7\xb6\xe0\x95\xc3\xd3 \x1eB_\x00v\x01w\
G\xfb\xbf\xc1\x22\x85]\x1fQ\x15C\xfbY\xaa\xa3\xb3\
U\xd7\x95\xf0\xd8\x05\xc0\xbb\x7f\x0aQB\xcfl\x05~\
\xb2!\xb8\xe3\xfd{r\xea\xaaM\x87\x10*\xf6\xd7\x00\
\xd0\xea\xce\x9b\xbb\xbb\xae\x92^j$\x18a\xc4\xe4\xaa\
\x96\xa2\x1f\xfbVs\x0b~\xbc\xa5\x0cm\x86\xac;\xae\
\xe2\xf3\x1d\xb3\xe6\xb5\xb6\x0f\xa7\xf3\x9a\xdb\xab\xe9;\xff\
u^\xe9K\xe1/J\xac!\xafq\xda\x9b\xc1\x1e\xef\
\xdf\x0d\x014R:\x00\xfaJ\xdb}\x1eb\xe2W:\
o\xefJ\x00b\x9cXl&\x1caBE\xccE\xdd\
0V\x07\xbcf\xc9\x1a\xbcU\x90\x05$Eth\x06\
>\xf8j\x0a\x85\x10M\x9a\xa6*\xd3\xa0Dxj3\
L\xb3\xfe\xea\x1f\x80V\xea\x99\xce\xdb\xbb\x12\x80s\xf6\
zu\x1b\xd0\xbe@\x80\x88\x86\xc9U\xc5\xcd\x07\xd0\xe9\
\xfd\x7f_\x85\x0d,I\x80\x88\x02\xc6uo;X\xd4\
\x1a\xec\xf1\xfe=\xa9\xba*\xd3!\x84\x0a[>\x02\x00\
 \x8d\xfa'\xde\xee\xfc\xad\xfb\xa7\x99 \xb5\x00\x11\xb2\
\xef\x88\xe6a=>\xe7i\xcczq%6\xea1>\
E$\x84\x9d\xfe\xb2\x0d\xb8{]\xf8\xae\x94\xd5(i\
\xff\xf7\x95\xe5\x09\x00\x83\xbb\xad\xea\xa6z\xfcU\x12\x80\
\x08\x19\x9b\xce`D\x22?\xac}\xb4x\x1a\x07\xbe\xb8\
\x1a\xff\xc8M\x84t%\x16a\xb43\xaf\xf1\xd17\xc3\
7L\x8eR\x09\x19\xfe\xe73\xeb\x17\x01\x02\xaf\xeb\xfa\
{\xb7\x04\x80$\x01\x88\x9c)\xc3\xac\x05\x00\x80\xbc\xd6\
8\xf6\xe5\xa5\xb8gS\x0dX\x85\xa8\x83\x94\x88<\xcd\
\x8c\x13^M!\x1f\xc2\xd1\xa2\xce\x98\x1a\xc9\xd9\xfdf\
y\x02@Pou\xfd\xbd{\x02\xa0X\x12\x80\x88\x99\
\xe6C\x02\xd0\xe9\xfaekq\xd0+\xcdx-7\x06\
=+\x97\x84\x08\x1eF\xfd;\x0e^\x0fY\xbb\x7f'\
5&L3wZ\xc2\xee\xf2\x1f\x0c\xfdb\xd7\xdf\xbb\
}\xb2U\x81\x17\x957\x1ca\xda\xe8t\x065\xc9\xe1\
5\x03t\xf5n[\x06\xf3_^\x89\x8f-\x02\xde\xcc\
\x8d\x07S\xf0\xe7I\x17\xd1\xf4r\x03\xf0\xdd5\xe1\xfc\
\xfc\xaa\x8a$T\x95\xd4\xd6\xf9\x89\x98\xad\xaf\x01\xd0\x9c\
~\xa6\xeb\xef\xdd\x12\x80s\xf7yk\x07\x80Me\x8d\
H\x187\xd5\xc7Z\x80N\x7f\xde\xba\x03s^Z\x8e\
\x09\x7fk\xc0\xbd\x9bk\xb1\xb40\x16Y\xaa\x86\xd49\
\x8a h*h\x9c\xf8\xaf\xf0\x16\x90j\x8ct\xfe\xf3\
\x9b\xe5e?\x00h|\xfb\xb7+\xbbn\xe8k\xce\xd5\
\xc5\x00\xc6\x97'\x1ea\x83\xfdj\x1a\xf1\xaf\xad\xa3J\
\xb2\xef\xc6\x82\x87\xaf-\xe9X/\x80\x81\xbdR\x09\xcc\
\xaa\xa9\xc4\xde\xa9\x04\xf6J9H\xab\xce\xf5\x08\xb8\xc7\
\xcf\xce\x9b\xbc\xfbg\x9f\xb8\xfb\xed]\xbb\xe1\xfe\xef\xd3\
\xd7\xfd\xbb\xfd\x89\x078\x9e\xee\xfd\xa7\xff\xdf\xde\x9d\x07\
\xc8QUk\x00\xff\xce\xad\xea\x9e\xee\xd9\xb7d\xb2/\
d#\x09\xbb(\xb2\x83\x88\x8a\xb2\x89\x0fP\xc0\x05\x05\
\xf5E\x96\x001\xec\xbeq\x17Pq}JXe\x0b\
\x8b \xa8(\x0fT\x10\x08I\x10d\x91\x845l!\
!\xfbLf&3\xdd]]\xf7\xbc?f&Lf\
\xa6'\xb3t\xf7\xbdUu~\xff@j\xba\xab\xce\xf4\
T\xd7\xfd\xaa\xea\xde[}\xeac$\x15P\x13wP\
\x1d#LL8\x98\x90d\x94\x91\x0fy\xbe\x80\xfd\x98\
\x19G=[\x82T\x08\xef\xfbwS\xa3\xabL\x97\x10\
>\xd6O\x00\x84\xe6\xde\xcbr\x05\x80#\x0a_\x8e\xb0\
EM\x22\x8d\xd1\xa5\x1d\xd8\xd0^\xf8\x1e\xc1kSi\
\xacM\xa5;\xff\xb1\xc3\xf7\x85w\xde\xb0\xf6~}\x9f\
e\xfd\x8c\xc3\xe5^\xff\xd3g\x1b\xfd|iw\xb6\xdd\
\x9d\x06\x80\xbe\xdbe\x06\xca]\x07\xf3\xa6U\xe1s\x13\
K1\xbb4\x0b\x92\xe7\x10X\xe9\x87o(\xfc\xab%\
\x9c\xf7\xfd\x01\xc0\xa9*\x85*-\xb1\xfe~u\xd0\x90\
\xe5\x1f(w>\xf0o\x07}\xf6r\x06\x9e/N9\
\xc2&\xbb\xd6\xf4\x09\x87\x22\xcf\xda\xb2>\xae|e\x0b\
\xf6\xfe\xdb\xbb\x98\xfc\xe0F\xdc\xbb\x8e\xe0#\xc7\x13\x19\
\x85\x11\xcf43\x1a\xdf\x0c\xdfx\xff\x9e\x9c1\xd5\xa6\
K\x08'\xcb\xef\x01\x10\xf8\xd9\xde\xcb\xfa\x04\x80\x18\xf3\
C\xc5)G\xd8d\x97\xaa\x16\xc4\x95\x9c\x91\x16\xcb\xfa\
t\x16\x9f[\xbe\x0e\x93\x1e\x5c\x8f'\x9b\x1dH\xdf\x08\
\xf3\xda<\x8d\x8f\xfe;\xbc\xf7\xfd\x01\x80\x5c\x05\xa7^\
.\xff\xe7\x1d\xc3\xfa[\x00\xbe\xd2\x8bz/\xeb\x13\x00\
N\x9b\xf0\xc2\xbb \xfc\xa7\xf7r\x11n1\xa51\xad\
z\xab\xe92\x22gS\xda\xc7\xe1\x8f\xbd\x87\x93\x9fn\
C\x86\xe5j\x80)\xcc\xc0\xb1\xcf\xc5\xb0-\xe4]4\
\x9c\xd1U\x80#a3\xdf\x88\xed>yb\xa0\x03\x8d\
\x7fZ\xd6{y\x8e\x1b]\xf4\xabB\x17$\xec3G\
n\x03\x18s\xdf\x9am\xd8\xf5\xe1M\xd8\x9c\x0d\xf7\xe5\
g[]\xfd\x16\xe1\x89\xe6\xf0\x070gL\x8d\xe9\x12\
\xc2)kw\x00\x00\xf1\x1d\xfd-\xee7\x00\x946y\
7\x01\xdc\xa7\xc3\x80\x08\xb7\xdad\x0a\xa3\x92\x1d\xa6\xcb\
\x88\xac5\x1dY\xcc|h\x1d\xd6x\x12\x02\x8a\xe9\x85\
\x16\x8d\x8bV\x85\xff3w*\x922\xf6\xbf\x10\xb4\xb6\
\xfd\xfe\x7f\xd6_\xd7pV\x7f?\xe87\x00\x9c4w\
E\x06Z}\x11\x90n\xcaQ\xb3{\x9d\x5c\x050\xa9\
-\xab1\xfb\xff\xd6a\x93\x84\x80\xa2H\xf9\x1a\x1f\xfb\
w8'\xfb\xe9\xcd\x9dP\x98\xa1\xbe\x91\xc6\x00e\xed\
\xbeo\xa4\x89.\xc3\xa2E\xed\xfd\xfd,\xe7X\x97\xd3\
'>\xf7(1]Q\xb8\xb2\x84\x8dv\xa9jAe\
\xdc3]F\xa4\xa5\xb5\xc6\x01\x8fn@\xa6\xdfQ\xba\
\x22_\x98\x19\xc7?\xebb\x8b\x17\xfe{\xe2*\x11\x83\
S/\x93\xff\xe4\x9d\xe7[=\x9c\x92\xc1K\xf4w\xfe\
\x90\xb3\x1d\x1fp\xb0\xeb\x17\xc7?w)\x98\x7f\x96\xff\
\xb2\x84\xad\x08\xc0\x9c\xda&\xd3eD\xde\xdb\xedY|\
\xe9\x99V\xc8\xe8\x80\xc2\xb9v5\xf0\x8f\xa6\xf0\xdf\xf7\
\x07\x00w|\x1d@\xb2/\xe5\x13y>H\xdb{\x91\
\x5c\x13\xaf\xf4\xbf{\xff!\x03\xbdf\xc0\x00@\x04>\
}\xc2\x0b\xe7\x81p!\x80\xfcM\x18/\xac6\xb3z\
+\xe2\x8e\xdd\x97\xb5\xa2\xe0\x9e5\xdb\xf0x\x93\x1c\xb4\
\x0b\xe1\x95V\xc6Y\xafD\xe36\x0b\xb9\x0e\x9c12\
\xf4/o\x18\x80\x97\x05|{\x1b\x7f\x80\x1e\xd0\xdf\xb9\
\x7f.vr\x1b\x7fP\xd3]}y\xfcsW2\xe8\
C <\x96\x97\xda\x84\xd5\xe2\x8e\x96\x89\x81,\xf1_\
\xcb6\xcadAy\x96\xf6\x19\x87=\x1d\x8d\xfb\xfe\x00\
\xe0\x8e\xad\x019\xe1\x9d\xd9\xb0\x98\xc8\xd7@\xda\x03\xf9\
v^\xf7gB3+>1\xfb\x9d?\x1c=\x98\xd7\
\x0fz\xaf\xf8\xca\x84g\x9f\xff\xca\xf8\xe7\x0e\x05\xe8\x00\
\x007\x02xw\xb8E\x0a\xfb\xedV\xdf\x0cG\xd9\xb9\
\x93GI\xb3\xc7\xb8w\x9d\xcdg\x1a\xc1\xc2\x00>\xfb\
\x82\x8b\xcdY\xd3\x95\x14\x079\x04w\x9c\x0c\xfd\x1b\x11\
f \xeb\x83\xd2\x1e\xe0em\xbc)\xe7k\xc2\xab\xac\
\xd4\x99\xfe\xb7\xef\xab\xf1\x1b\xef\xff\xfd`\xdf8\xa2\xdf\
\xe5\xda\xb7\xf6\x98\xaa)6\x9e\x14\x8fR\xa4\xdd\xed\x17\
\x8d\xfd\xfe\xcfX\x06\xba\xa8\x9c\xf3g]\xeb\x1a\xe8\xbd\
\x9aP\xca\x1au L\x01p\x10\x98\xf6`\xbc\x7f\xda\
\xd49U\xfb\x8e35\xbf\xff\xcc\x18\xea\xbb\xac\xeb\xf5\
}\x96\x0d\xf7==\xb6\xdd\xdfz\xfa\xd4U\x80Z\x07\
\xbb\x8d\x9e\xcb\x97\xbe7\x1a+6\xd7t\xaf\x08=\xbd\
\xff\xcf\x22\xce\xb1\x1f\xf0g\x01\x0c\xb8\xdd\x01\xb6Q\x1d\
#\xac\xfbD}\xd7\xb3\x03z=\x1ci\xfbzz/\
\xefo\xd9N^;\xe2\xd7\xf4\xfc\xccr\xbf\x86\xfb\xfc\
\x8e;\xabs\x90\xbf\xcb ^{\xe3j\xe0k/\xb9\
}\xeb\xed\xf1\xf2A\xef[\xdb_\x93\xdf}e\xa7\xfb\
\xe8\xce\xf6\xad\x1e\xdb\x8dM\xacElJC\x9f\xb7\xf6\
w\xdc\xd8ae\xbd>K\xee\xfd\xf3\xde\xbfK\x9f\xcf\
~\xc7\xd7s?\xcbv\x5c\x07\x83\xb3\x1a\xe4i\xb0f\
\x10\x18\xdcsr\x9d~?\xc7^5\xf4\xd6\xcf\xcf\xb8\
\xcf\xdf+\xc7g\xde\xbd\xccgl\xbf\x8aNh\x87R\
\xaf1\xf3\xdb\x04\xda\x00p\x8e\xc7\xa8\xea\xbe\xff\xdcY\
\x86\x1f\xcc,\x82=^B@&\x0b~G\x01/f\
\x1b\xef\x1d\xf6\x95\xf9\x11u3>s\xca\x0bo\x02x\
s$\xeb(\x84+\xde9p\x9c\xe3e\xcf\x000\x0f\
@\xc3\xce^/\xfa\xb7\xd7\xe8\xcdx\xb5\xa9\x0a\x9e\x96\
\xcb\x87&5{\x8c\x95\xdb\x08s\xcbLW\x12lo\
\xb7\xf7h\xfc#\x80\x1c\x85\xd8x\xcb\x87\xfe\xf9\x1a\xc8\
x\xe0L\xb63\x1c\xee\xd0\x1e\xe7\x0aV=\x16\xe6j\
7{\x87\xaa\x9c\xeb\x19 \x00\x00\x00H\xb3\xe3<\x9a\
U\xfe\x05Xx\xf7s\xb9^e\xcaH\xaf\x0d\x86\xf2\
\xc8~\xe1\xa4%k\x17L[\xfe\x9d,\xb2\xb3\x88\xf0\
\x0b\xc8|\x06\xc3\x92p|\xcc\x96\x11\x01VX\xf4\x96\
L\xd04\x12\x19\xcd8\xf0\xa9h\xf5\xa5p\xc7\xd7\x82\
\xe2\x96\xfe\xce\x0cpG\x06\xdc\xda\x0eN{\xfd]\xc6\
0O\xd1\xf3^\xb2dR\xf6\xa2;\x8e\xb0\xb1\xf1\xcf\
\x87P\x06\x80n\x17M{f\xeb\x05\xbb,?\x97\x81\
c\x00\xb4\x98\xae'\x88\xf6\x18\xd5$\x0f\x09\xb2\xc0\xcd\
o\xb7\x81e\x18\xd7\xb0\x9d\xfe\xa2\x83\x0d\x99\xe8|~\
\xe4*\xc4&Xz\xef_3\xb8\xb5\x03HY:\xb0\
\x8c\xc0\xe4:?\xf2.\xbas/\x9c\x7f\xf3\x1a\xd3\xe5\
\x14R\xa8\x03@\xb7\x85\xd3\x96\xffE1\x7f\x1c@\xbf\
\xb3!\x89\xdcJ\x1c\x1fs\xeb\xe4*\x80i\xed>\xa3\
\xc9\xb3\xf4l\xcer\x8b\xd7\x02w\xaf\x8fN\xe3\x0f\x00\
\xb1\xf1\xb5 \xd7\xc2\xfdEkp[\x07\xe0[<\xcc\
X\xd1W2\x0b\x17_l\xba\x8cb\x88D\x00\x00\x80\
\x0bf,_\xc6\xa0S1\xc0\xdd\x1e\xd1\xbf\xddGm\
A\xc2\xb5\xf8\x0b\x1b\x11k\xd2\xb2\xeb\x0e\xd5\xea\x0e\xc6\
\x17WX\xd8\x10\x16\x10\xc5]\xc4\xc6\xd7\x9a.\xa3\x1f\
\x0cnKY\xfd\xd8\x5c\x8a\xd1\xf7\xbd\x0b\xef\xbc\xd1t\
\x1d\xc5\x12\x99\x00\x00\x00\x17N_z\x1f\x98#\xf3\xc7\
\xcd\x97\x98\xd2\xf8\xc0\xe8M\xa6\xcb\x88\xbc7\xda\xe5V\
\xccPx\x0c\x1c\x1a\xb1\xfb\xfe\x00P2\xa5\x1e\xe4\xda\
wh\xe7\x8e\x8c\xdd\x93\xe7(\xf5R\xe6\x9bw^f\
\xba\x8cb\xb2o/)0?\x1e[\x00\xb0\xccr3\
D3kZP\x97H\x9b.#\xd2\xd6\xa7\xe4*\xcc\
P\x9c\xf1\x1f\x85w\xd3\xd1\xba\xf4\xef\x94%\xe06T\
\x9b.\xa3/_\x03)\x8b\x9f1B`/\xab\x8e2\
]F\xb1E.\x00\x5c<\xf9\x89&@]g\xba\x8e\
\xa0!\x02><n\xa3\xe92\x22-m\xf1\xa5S\xdb\
\xdc\xbb\x8e\xb1x]\xb4\x1a\x7f\x10\x10\x9f>\xcat\x15\
\xfd\xb3\xb5\xc3_7G=\x85\xcbn\x7f\xdbt\x19\xc5\
\x16\xb9\x00\x00\x00\xbe\xc3\xbf\x86\x0c\x0d\x1c\xb2\x86\xd2\x0e\
L\xa9\xcc1\xf7\x85(\xb8\x9e\x13A\x89\xdc\xd6\xa6\x81\
S^\x8c\xde\xa5\x7f\xb7\xbe\x02Ne\xa9\xe92\xfa`\
f\xb0g\xf7\xd4\x8b\xae\xa2\x05\xa6k0!\x92\x01\xe0\
\xe2\xa9\xcb\xde\x22\xc8s\x0d\x86c\xdf1\x9b\xe1\x92d\
'\x13&$\xa3\xd7\xa8\x0d\x95\xcf\x8c#\x9e\x22X\xfc\
\x90\xb6\x82 \x87P2\xd5\xce\xb3\x7fJg\xed\xeez\
\xadTS\xc7\x82\xc5O\x98.\xc3\x84H\x06\x00\x00\x00\
\xd1-\xa6K\x08\xa2\x8a\xb8\x87=Go1]F$\
\x8dK\xc8\x15\x80\x9d9\xe7%\xc2\xaa\x8e\xe8}N\xf1\
\xc9\xf5P%v>\xdd\x903v\x9f\xfdC\xe1^\xd3\
%\x98\x12\xd9\x00\x90\xd0\xfa\xf7\x90y\x01\x86e\xb7Q\
\xcd\xa8KJ\x87\xc0b\x9b\x5c\x1a\xd9\xaf\xeb\xa0\xfce\
#\xe3\xdaw\xa3\xd7\xf8;e%\x88\x8f\xb7\xb0\xe3\x1f\
\x00\xf8\x1a\x9c\xb5\xbb\xf3\xaa\xe7\xba\x97\x9b\xae\xc1\x94\xc8\
\x1eQ\xce\x99\xb1\xbc\x05\xe0\xfbM\xd7\x11D\x0a\x8c\x83\
\xc7\xaf\x87\x22\x9b\xaf\xeb\x85OCL>\xef\x5c6\xa6\
\x81\x13\x9e\x8f\xe0\xe1\x8c\x08\x89Y\x0d\x9d\xbdt-d\
\xfd\xd9\xbf\xe3\xbc\x81\xf3n}\xcft\x19\xa6D\xf0\x1b\
\xf3>f\xf5;\xd35\x04Um2\x8d9u2\x9a\
\xb2X\x0e\xacO@\x0d\xf8L\xcc\xe8\xf2\x99q\xf8S\
*r\xf7\xfd\x01\xa0dB\x0d\x9c\xf2\x84\xe92r\xe2\
\xb4\xc5C\xff\x00\xb0\xc25\xa6k0)\xd2\x01 5\
}\xe9\xc3 \xbce\xba\x8e\xa0\xda\xbba3*\xe2\x96\
'\xfc\x90\xf8\xeaTy\x14`.\x0b_!\xbc\x1a\xc1\
\x9by*\x11Cl\x92\x8d3\xfeu\xf1\xb2V\xcf\xfa\
\x07\xa2l\xb6m\xd6OM\x97aR\xa4\x03@#A\
\x93\xc6\x0d\xa6\xeb\x08*W1\x0e\x1a\xbf\xc1\xd6\xab\x8f\
\xa1rX]t\x1ec;\x14\x7f\xdf\x04\xfc\xf2\x9d\x08\
\xee\x80\x04$f\x8e\x01){\x0f\xe1\xda\xe6\x89\x7f\x00\
\xb0K\x8f\xa0\xb11\xd2g0\xf6\xee=E\x92\xcd\xba\
\xd7\x01\xb0{O\xb5\xd8\x98\xb2\x0e\xecV/\xb7\x02\x0a\
\xa9\xdcUh\x88\xcb\xe5\xff\xde\x9a<\xe0\xb8g#\xd8\
\xf8\x03(\x99X\x0b\xa7*i\xba\x8c\xdc4w^\x01\
\xb0X\x9cb\x17\x9a\xae\xc1\xb4\xc8\x07\x80K\xe7<\xfe\
\x1e\x80\xbf\x98\xae#\xc8\xf6n\xd8\x82\xfad\xcat\x19\
\xa1\xf5\xf5]\xcaA6>/\xdd \xcd\xc0\xc7\xfe\x05\
d\x22x\xdf_U$Pb\xf3\xa5\x7f\x00\x9c\xb6{\
\xe6?v\xd4\xda\xf6\x0bn~\xd6t\x1d\xa6E>\x00\
\x00\x00\x88#\xdd\x11d\xa4\x14\x18\x87L\xda\x80\x98#\
\x8dT!\xfc\xd7x\x8b\xcf\xf4\x0c\xb9\xfc5\xe0\xf9\x08\
NJIJ!iq\xaf\xffn\xb6w\xfe\x03\xe87\
\xa6+\xb0\x81\x04\x00\x00\x17N[\xf6 @\xaf\x9a\xae\
#\xc8*\xe3\x1e\xf6\x1d#O\x0c,\x84\xb9\x15\x12\xac\
zzl\x0b\xe3\xaa7MWaFbz=\x9cd\
\xdct\x19\x03\xe2\x8c\xf5\x9d\xff\xbcl\xfb\xcc\x1f\x99.\
\xc3\x06\x12\x00\x00\x10\x81\x09,\x89p\x84f\xd5\xb6`\
rU\x9b\xe92B\xe5\xc0\xfa\x04\xe22\xfco\xbb\xad\
\x1e\xf0\xc9gLWaFlT9\xe2\x0d\x95\xa6\xcb\
\xd8)\xb6\xbd\xf3\x9fC\xf7G\xbd\xf3_7\x09\x00\xdd\
|u=\x80\x16\xd3e\x04\xdd\x81\x136\xa2\xba\xc4\xee\
\x03@\x90\xfc\xf7\xb4r\xd3%XC\x03\xf8\xc43\xd1\
\xbc\xef\xef\x94\xc6\x90\x9c1\xdat\x19;\xe7k\xc0\xe6\
\x99\xff\x888\xeb\xc4\xe6\x9b.\xc3\x16\x12\x00\xba\x5c\xb8\
\xeb\x92V\x007\x9b\xae#\xe8bJ\xe3\xf0\xc9\xeb\x10\
w\x22x\x94.\x80C\xeb\xec\x9c\xdf\xdd\x84+V1\
\x9e\xd9j\xba\x8a\xe2#\x87\x90\x9c3\x16\xe4\xd8\x7f\xb8\
f\xdb\x1f\xfb\xab\xd4\xf38\xff\xe65\xa6\xcb\xb0\x85\xfd\
{T\x11)_\xfd\x0av?\xb7*\x10*K28\
`\xc2F\xd3e\x04^\xa5\xab0*&W*\x01`\
Y3\xf0?\xaf\x9b\xae\xc2\x00\x02Jg6X\x7f\xdf\
\x1f\xe8z\xeco\xda\xe2\xb3\x7f\x00J\xa9\x85\xa6k\xb0\
\x89\x04\x80\x1e.\xdcu\xc9+\x00\xfel\xba\x8e0\x98\
T\xd9\x8e\xb9\xa3\x22x\xba\x96G_\x9fV)\xc3\xff\
\x00\xb4\xf9\xc0'\x9e\x8e\xe6\xe7\x90\x18_\x83X}@\
n\x03ud\x00\x9b\xf7WG\xadM/\xb8\xf5a\xd3\
e\xd8D\x02@/\xcc\xfc}\xd35\x84\xc5>c\xb6\
`\x5cy\x87\xe92\x02\xeb\xbf\xc6\xdb;\xc7{\xb10\
\x80c\x9e\xd1h\x8f\xe0\x85\x90XM)\x12\x93\xed\x1e\
\xef\xbf\x1d\xdb?\xf4\x8f\xe1|\xc7t\x0d\xb6\x91\x00\xd0\
\xcb%3\x97-\x07\xb0\xc4t\x1da@\x00\x0e\x99\xbc\
\x015\x09\xcb\xef\x0bZjN\x99\xc5gSE\xf2\xe3\
7\x81%M\xa6\xab(>U\x1aG\xd9\xae\x0d\x9d_\
\xa2\x00\xe0t\xc6\xee\xa1\x7f\x8a\xb6z\xdf\xbcU\xe6{\
\xe9E\x02@\xbf\xf8J\xd3\x15\x84E\x5ci|d\xca\
:\x94\xc6\xec\xbe7h\x9b\x83\xeb\x13\x88Q\xb4?\xb3\
g[\x80K_\x8d^gRU\xe2\xa2b\xb71\x81\
\xe8\xf4\xd7\xcd\xf6\xa1\x7fp\x9d\x9f\x9b.\xc1F\xc1\xd9\
\xc3\x8a\xe8\xe2\xe9\xcb\xfe\x04\xf0J\xd3u\x84Ei\xcc\
\xc7\xe1\x93\xd7!&#\x03\x06m\xde\xf4\x0a\xd3%\x18\
\xb5M\x03G<\x15\xbd\xfd\x85\x1cB\xf9\xdc\x06\xa8\x92\
\xe0<\xfc\x893\xd9\xce\xe1\x7f\xb6R\x94\xce\x9cw\xdb\
\xb7M\x97a#\x09\x00\xfd \x02\x13+\x99\x18(\x8f\
j\x93\x19\x1c4i#\x14Y|\x99\xd0\x22\x07\xd7\x06\
\xa7\x01\xc87\x06p\xc2\xbf5\xda\xa2v\xdf\x9f\x80\xf2\
Y\x0dp\xcaJLW24\x96\x0f\xfdcG\xdd\x07\
\x82\xc5\x09\xc5\x1c\x09\x00\xb9$\xe86\x00\xf2\x84\x9b<\
\x1a_\xd1\x8e\x0f\x8e\x8b\xe0\x0d\xdd!\xaa\x89;\x18\x15\
\x8b\xee\xf1\xea\x9a\xd5\xc0#Q\x9bU\x9a\x80\xb2i\xa3\
\x10\xab-5]\xc9\xd0\xf8\x1a\xec\xd9}\xab\xcacD\
\xfe\xa9\x7f\xb9H\x00\xc8\xe1\xe2\xc9O4\x81\xb1\xd4t\
\x1da3\xa3\xb6\x15\x1f\x18+!` \xf3\xa6U\x02\
\x11=ay\xb1\x0d8we\xf4~\xf7\xd2\xc9\xb5(\
\x19\x13\xbc\xdb>l\xf9#\x7fY\xa9\xcdXp\xfb\xdb\
\xa6\xeb\xb0\x95\x04\x80\x01\xd1r\xd3\x15\x84\xd1\xec\xfa\x16\
\xec\xde s\x04\xe4\xf2\xe9\xb1\xd1\x1c\xfe\x97\xd2\xc0\x91\
\xcb\xed>\x9b,\x84\xe4\xe4\x1a$'T\x99.cx\
<\xcb\xc3\x1a\xd1\xcb\xa6K\xb0\x99\x04\x80\x01\x10qD\
\x9f9Vx{\x8cn\xc6\x1c\x99(\xa8_\xbb\x96G\
\xaf\x9f\x04\x038\xf9Y\x8d-\x96w&\xcf\xb7\xe4\xb8\
*\x94N\xac6]\xc6\xf0i\xdb\x03\x00\xe4)\xaf\x03\
\x90\x000\x00M\xd4l\xba\x860\xdb{l3f\xd4\
\xc9\xd3\x03{:\xb2\xa1\x14\xb1\x08>\xfd\xef\xfaw\x19\
\x0fn\x8cV\xf0I4T\xa0tJ@&\xfa\xc9\x81\
m\x9e\xf9\x0f\x00)\x8aZo\x92!\x91\x000\x00\x05\
\xc8\x93X\x0al\xdfq\x9b1\xa3\xae\xd5t\x19\xd68\
sj\xf0\xee\x03\x8f\xd4\xab\xdb\x80o\xbc\x18\xad\xd0\x93\
\x18S\x81\xf2\x19u\x81\x99\xe8'\xa8X\x93\xfd\x0fQ\
0H\x02\xc0\x004\x10\x80\xe7o\x06\x1b\x11\xf0\xc1\xf1\
[0\xbb^B\x00\x00\x1cT\xe7\x98.\xa1\xa8\xd2\x9a\
p\xd82\xbb;\x92\xe5[\xe9\x84*\x94O\xab3]\
F~(\xbb\x9b\x10\x05=\xd1t\x0d6\xb3\xfb\xafg\
\x18\x81g\x9b\xae!*\xf6\x1e\xdb\x8c\xbd\xc6D\xbbO\
@]\x89\x83:'Z\x8d\xe1\xe9\xff\xf1\xb1\xd9\xeea\
\xe4yU:\xa1\x12eSj\xc2s\xe6\xefX\xff\x8b\
\xecj\xba\x00\x9bI\x00\x18\x001\x0e3]C\x94\xcc\
\x1e\xdd\x82\x0fDx\x9e\x80\xb3\xa6W!JO\xa3\xbe\
y-p\xcf{\x96w\x22\xcb\x17\x02\xca\xa6\xd6t6\
\xfe!B1\xbb\xafX\xb1\xd6\xd3L\xd7`3\x09\x00\
9\xfc\xe8\x95\x83\xf6d`\x86\xe9:\xa2ff}\x1b\
\xf6\x1d\xdf\x14\x9a\x13\xa4\xa18.B\xc3\xffV\xa7\x08\
g\xbe\x10\x91\xab\x1dD\xa8\x98V\x87\xd2q\x95\xa6+\
\xc9;\x8a\xc5:\xef\xe3\xd9JsI\xfc\xc7\xa7\x9c`\
\xba\x0c[I\x00\xc8\xc1'=\xcft\x0dQ5\xbd\xae\
\x0d\x87N\xdd\x88\x98\x8a\xc8\xd9a\x97\x99e\xd1\xf8}\
=&\x1c\xba4\x1a\xe3\xfd\xc8Q\xa8\x9e]\x8fdC\
\xb9\xe9R\x0a\x83\x00\xb2\xfe\xb9\x05,\x8f\x01\xceA\x02\
@?~\xb0\xeaC3\x09\xf8\xa2\xe9:\xa2lLE\
\x0aGL\xdf\x10\x99\xa7\x08\x1e5\xb6,\x22\xc3\xff\x08\
_y\xc1\xc7\x9a\x08L\xb2\xed\xc4\x1d\xd4\xee>\x1a\xf1\
\xda\xa4\xe9R\x0a\x8a\x92%v_\x05\xc8\xea\xb9%W\
~\xfe\x93\xa6\xcb\xb0\x91\x04\x80^\x1a\x19\x0a\xda\xb9\x06\
@\xc0\x9e\xc8\x11>\xd5I\x0f\x1f\x9d\xb1\x01\xd5\xc9\xf0\
\x9f-\x9e\x11\x91\xe1\x7fw\xaec\xdc\xb96\xfcA\xc7\
)\x8d\xa1f\xcf\x06\xb8\xe5\x11\x18\x85\xa6\x08\xaa\xd4\xee\
\xdfS\xc3\xbb\x05\x8d\x8d\xb6_\xaa(:\x09\x00\xbd$\
^?\xe0*@:\xff\xd9\x22\x19\xf3\xf1\x91i\x9b0\
\xa6<\xdc\xa7\x8c\x07\xd6\xd8\xdd\x99*\x1f\xd6\xa4\x09\x9f\
\x7f.\xfca\xae\xa4&\x81\xba=\x1a\xe0\xc4#\xd4\xde\
$\xe2\xa0\x12{\xa7M!\xcd\xb5\xb1\xb2W\x9f4]\
\x87m$\x00\xf4\xf0\x83\xd7\xf6\x9f\xcf\xe0\xf3M\xd7!\
v\x14S\x1a\x07\xef\xb2\x19s\xc7\xb4Z}\xa5q\xb8\
F%\x1c\xd4\xb8\xe1\xee\x10\xe71p\xc8\x93!\x1f\xef\
G@\xf9\xf8J\xd4\xcc\x1e\x05\xb2\x7fx\x5c\xdeQY\
\x02\xb0xT\x00\xf9\xfe\x07\xdd+O\xf9\x83\xe9:l\
\x22\x01\xa0\xcb\x15\xaf\xed?\x9f\x80\x9f\x9a\xaeC\xf4\x8f\
\x00\xccmh\xc1\x81S6#\xe6\x84k\xa8\xdc\xd9\xd3\
\xc2?\xfc\xef\xec\x15\x1a\xabS\xe1\xfd\x1d\xc9!T\xcf\
\xaaC\xf9\x94\xaa\xf0\x8c\xf1\x1f*\x02TE\xd2\xf6\x10\
p\xbc{\xd5)\x7f1]\x87-$\x00\xa0\xb3\xf1\xe7\
\xce\xc6?\xaa_\xdd\xc0\x18W\x99\xc2Ggl@U\
\x22<g\xcc\xc7\x86|\xf8\xdf}\x1b\x81\x1bV\x87\xf7\
\xbe\xbf\x9b\x8c\xa1n\x8f\xd1H\xd4\x85\xbb\xb3\xdf\xa0\x10\
\xa0\xca\x93@\xcc\xde\xdb\x1f\x94\xf5\x8f\x92\x10\xd0)\xf2\
\x01@\x1a\xff\xe0)/\xc9\xe2\xf0\x19\x1b1\xa1*\x1c\
\xfd\x02f\x94\x86\xf7\xccx\x83G\xf8\xec\xd3\xe1\xbd\xf4\
\x9f\xacO\xa2~\xcfQ\x88\x95\xda{\xff\xbb\xe8$\x04\
\x04F\xa4\x03\xc0\x15\xab\xa4\xf1\x0f\xaa\x98b|xr\
\x13>8\xa9\x19\xae\x0an\x03z\xec\xd8r\xb8!\x1d\
\xfe\xe7\x83p\xd8R\x0fa\x9c\xdd\x80\x14\xa1rj\x15\
jf\xd5\x82\x9cH\x1fF\xfb\x17\x98\x10\xf0\xd9H\x87\
\x80\xc8\xee\xb9W\xac\xda\x7f>\x98\xa5\xf1\x0f\xb8\xc95\
\x1d8r\xd6F\xd4\x95\x05\xf3,\xf3\xcb\xa1\x1d\xfeG\
8w\xa5\x8f\xd7\xb7\x85\xaf\xf9\x8fU\xc41j\xaf\xd1\
(\x1f\x1b\xd2\xc9}\xf2\x85\x00U\x9e\xb0<\x04\xe8H\
\x87\x80H\x06\x80\xab\xa4\xf1\x0f\x95\xb2\xb8\x8fC\xa7m\
\xc1\xec\x86\xd6\xc0\xfdA\xf7\x0f\xe9\xf0\xbf\x077\x03\x8b\
\xde\x0e\xdf\x90\xbf\xf2qe\x18\xb5{=\xdc\x84\xbd\x8d\
\x9aU$\x04X-r\x01\xe0\xaaU\xfb\xcfgi\xfc\
C\x87\x881gL\x1b\x0e\x99\xbe\x05e\xf1`t\x10\
\x1c\x9bpQ\xed\x86\xaf\x91\xdc\xe4\x11Nx:\x1c\xfd\
3\xba9\x09\x07\xa3w\xafG\xd5\xd4\xaaP\x0eE-\
(\xea\x1e\x22hq\x08\xf0\xa2\x19\x02\x22\x15\x00\xa4\xf1\
\x0f\xbf\xfa\xf2\x0c\x8e\x9c\xb5\x19s\xc6l\x83\x22\xbb\xfb\
\x06\x9c=\xa3\xdat\x09y\xa7A\xf8\xd8\xb2\x0c\xb2!\
\xb9\xf2OD(\x1b[\x86\x86=G!^i\xf7l\
wV\x93\x10`\xa5\xc8\x04\x00i\xfc\xa3\xc3Q\xc0\xec\
\x866\x1c>c\x0bjJ\xed=\xc3>zL\xf8f\
\x9b\xbe\xe4U\x1f/\xb6\x86\xa3Sc\xac\xcc\xc5\xa8\xdd\
\xebP=\xb52\x92\x13\xfb\xe4]w\x08p%\x04\xd8\
\x22\x12\x01\xe0\xaaU\xfb\xc9=\xff\x08\xaaJfq\xd8\
\x8c&\xec6\xb6\x0d6v\xd4\x9e\x1e\xb2\xe1\x7f\x8f4\
\x11~\xba\xca\xde\xc05X\xa4\x08\xd5S*0z\xcf\
:\xc4\xcbex_^\x11@e%r%\xc0\x12\x16\
\x1e\x16\xf3\xeb\xaaU\xfb\xcd\x87\x0c\xf5\x8b,\x22\xc6\xcc\
\x86m8r\xf6fL\xac\xb5\xe7\xbe\xf4\x09\xe3+\xe0\
\x84h\xf8_\xb3O8f\x99=\x9f\xefp%kK\
0v\xefzT\x8c+\x03\xc9\xcd\xfe\xc2\x90\xdb\x01\xd6\
\x08u\x00\xb8j\xd5~\xdd\xd3\xfb\xca79\xe2\x921\
\x1f\xfbNl\xc5\xa13\x9bPSf\xfe,\xf5\xf4\x10\
\x0d\xff\xeb\xbc\xef\x9fF0\x07bv\x8a\x97\xb9h\xd8\
\xad\x06\xf5\xbbV\xc3)\x09\xe7\xc8\x0c\xab\x04%\x04\xfc\
(\xdc! \xb4\x01@\x1a\x7f\xd1\x9f\x9a\xd2,\x0e\x99\
\xde\x8c\x0fLnEI\xcc\x5cO\xb5\xfd\xaa\xc3\xd3\xc8\
\x5c\xfe\xaa\x8f\xe7\xb6\x06\xb3\xd7\x9f\x13S\xa8\x9dZ\x8e\
1\xbb\xd7\xa1D:\xf9\x15\x17\x01Tj\xfb\x03\x84\xf4\
Q\xee\x8fN\x0em\x08\x08e\x00\xf8\x894\xfeb\x00\
D\xc0\xc4\x9a\x14\x8e\xd8u\x0bv\x1d\xd3^\xf4\x87\x0b\
\x8dO\xba\xa8\x0a\xc9\xf0\xbf%[\x09W\xbd\x1e\xbcs\
\x7f\xe5\x10\xaa'\x96a\xdc>u\xa8\x18[*G\x0a\
S$\x04\x18e\xef\xa7>L?\xc9y\xcf?\xd77\
|\xa8\xcb\xf3\xb9\xaeB/7\xb9m\xfb\x7f\x07\xa5\x80\
\xfa\x0a\x0f\x93\xea\xd2p\x14\xd0\xd2\xe1Bs\xe1[\x82\
\xcb\xe6\xd4\xe2\xc3\xd5\xc1oqZ\xb4\xc2\x07\x1e\xed@\
6@}\x19\x95C\xa8\x1cW\x8a\xd13+\x91\xa8)\
\x01\xa9\xee\xbfCt\xf6\xfb\xc1m\xbb\x88\x08\xa0\x98\x0b\
h\x0d\xf8v\xeeL\xc4<C}l\xf7\xfd\xf4\xdfV\
\xdcf\xba\x96|\x0a\xd5\x15\x80\x9f\xbc)\x1d\xfe\xc4\xd0\
\xc5\x1d\xc6\xac1\xed8bv3\xa6\x8f\xee(\xf8\x88\
\x81O5\x04\xff\xe9\x7f\x0c\xe0\xe8\xe5)\xa4\xb4\x9d\x07\
\xec\xdeH\x11*\xc7&1a\xafZ\xd4L*\x83r\
Cu\xe8\x0b>\x02()W\x02\x8a-4\xdf\x82\x9f\
\xbc\xb9\xdf|\x92\xa1~b\x04\xe2\xae\xc6\xecq\xed8\
bn\x13\xa67\xa4\x10/\xc0\xad\x01\x05\xc2.\xa5\xc1\
\xbc_\xde\xd3\x8f\xde\xd4X\xd6d\xff(\x06\xc7%T\
OHb\xe2>5\xa8\x9bZ\x06'\x1e\x9aC^\xf8\
\xc8\xed\x80\xa2\xb3\xf7\x93\x1e\x82\x1d\x1b\xff0_\x9a\x0b\
s\xad\xf6\xfc\x0e\xaeb\xd4Wx\x98\x5c\x9fAi\xdc\
G[\xca\x85\xe7\xe7'W\x9e4\xb1\x02\x9f\x19ko\
\xcf\xe7\xc1\xf8W\x0b\xe1\xf3\xff\xb6{\xc8\x9f[\xe2\xa0\
f|\x12\xa3\xa6W\xa0\xb4&\xdec\x22\x1f\xdb\xf6o\
{\xf6{+\x10@1\xa7\xf3v\x80\xb63(\x87\xe9\
v@\xe0\x03\xc0\xd5o\xf6\x9e\xe4'\xcc_\xcc0\xd7\
j\xdf\xef\xa0\x08\xa8*\xf51yT\x1a\xe5I\x1f)\
\xcfA\xca\x1b\xd9A\xf3\xca=\xea\xb1K\x80'\x00\xda\
\xa6\x15\xf6y\xac\x1d\x19;\x8f\xcdH\x94\xbb\xa8\x9bR\
\x8a\xd1S\xcb\x91\xa8\x8c\xf5\xb8\xc7\xdf\xcd\xb6\xfd\xdb\xbe\
\xfd\xde8\x02\xc8\xed\xea\x13`\xe9-&\xd2\xe1\x08\x01\
\x81\x0e\x00}\x1b\x7f \xdc_\xcc0\xd7j\xf7\xefP\
\x91\xd0\x98X\x97\xc6\xd8\x1a\x0f.\x01mi\x07Z\x0f\
\xfd\x00\xfa\xf3=\xabQB\xf6_:\xef\x0f\x83\xf0\x89\
\xe5i\xeb\x1e\xf1\xab\x1cB\xc5\xa88FO+C\xed\
\x84$\xe2\xa5\x0el\xd8gF\xb6\xac\xa3WR\x00\x00\
\x1d;IDAT\xdc\xf4\xb6\xcd\x93\x10Px\x81\x0d\
\x00\xfd7\xfe\xe8\xfb\xcf\xbc//\xc66\xa2Xk0\
~\x87\xb8\xcb\xa8\xaf\xf01yt\x1a\x15I\x0d\xcf'\
t\xa4\x07w_yJY\x1c\x0b\xa6\x07w\xac\xf9\x8f\
\xdf\xf2q\xd3\xdb\xf6\x0c\xf9+)sP?\xb1\x14\x0d\
\xd3JQQ\x17\xefu\x7f\xdf\x9e}fx\xcbMo\
\xdb\x02\xddW\x02|\xdbC\xc0\xdc\xfd\xf4\xdfV\x062\
\x04\x042\x00\xfc\xec\xad\x0f\xce#\xc6\xcf\xd1\xef\x1e\x1c\
\xe6/f\x98k\x0d\xd6\xef@\xd4yU`\x5c\xad\x87\
15Y\xc4\x5c \xed\xd1\x80}\x05.\x9fS\x87\x0f\
\x05t\xf8\xdf\xf3\xdb\x14>\xfbt\xbb\xe92\x10K(\
\xd4\x8c)A\xc3.I\xd4\x8dO\xa2\xa4\xcc\xe9\xe72\
?`\xe3>3\xb4\xe5\xa6\xb7m\x09\x02\xe0:\xd6\x87\
\x00\xe7\xa3\xbb\xef\xaa\xff\xbe\xe2\x1e\xd3\xb5\x0cU\xe0\x02\
\xc0\xcf\xde\xfc\xd0\xc7A\xb8\x05L9j\x0f\xf3\x173\
\xcc\xb5\x06\xf7w\x88\xbb\x8c\xba\x8a,&\x8d\xea\x0c\x03\
q\x97\x91\xf6T\x9f0\xf0\xb3\xbdjQ\xeb\x06\xef\xf2\
\x7f\x87V\xd8\xfb\xd16\xa4\x0d]\xf9\x8f\xc5\x15\xaaF\
\xc50zR\x12\xa3''PZ\xe9\xc2\x89)\x04y\
\x9f\xd9\xf9r\xd3\xdb\xb6L\xdc\x05\xbcl\xe7\xf8S\x1b\
1\xef\xa6\x8e\xdc\x8d\xf4\xdfW<j\xba\x94\xa1\x08\xd0\
\x1e\x00\xfc\xf2\x9d\xbd\xc7i\xdf]\xc9@\x15\x98\xb6\xef\
\x0b=\xf7\x09\xee\x9a\xc8e\x87e\x00z\xbe\xbe\xe7\xcf\
\xb9\xc7\xc4/\xdc\xeb\xf5}\x96\x0d\xf7=\x16\xd4:\xd8\
m\x18\xab5\xd7v\xf3\xb0\x8d\xa2\xd5\xda\xeb\xf5[\xdb\
\x1dlhv\xb0y\xab\x8b\xd6v\x07\xdb\x8e\x1b\x0f\x05\
\xaf\xfb\xc5=\xdf\xf8\xfe\xda\xb8\xc7\x1a\xfa,\x1f\xcck\
x\xfb?\x87\xfc\xda~^\xc3`\x1c\xf3t\x06\x0f\xad\
\xf7z\xbc\xb6w-\xbdp\xaf\x85\xdc\xeb\x7fz\xbf\xa7\
\xf7\xeb\x09(I*\x94W\xbb\xa8\xa8qQR\xe6\xf6\
y\xdb\x80\x7f\xcf\xae\x9f\xf5Y\xd6\xeb=\xc5\xd8\xbf\x87\
\xbd\x1eC\xb5n\xff[\xf4\xda\xdf\xb8\xf7\xcf\xdf_I\
\xbf\xaf\xef\xbd>\xeeg\xd9`\xd7\xc1\xdd\xaf\xd7\x0c\xb4\
v\xf4\x5cQ\xff\xfb_\xefu\xe5\xd8\xf4\x0e?\x1fp\
=\xfd\xfc\xb0\xf7\xf7\x00\x00\x08\xec\x81\xf7\xc2\xa5\xf7\xbc\
\x90cm\xd6\x09\xd4x$\xadc?bp\x95\xe9:\
\x84\x18\x8c\xaaR\x1f\x95\xa5>\xa6\x8f\xcb\xe0\xe0d=\
\x14\xb2\xa6K\x1a\xb2kV\xf3\xfb\x8d\x7f\x01\xb91B\
i\xa5\x83\xb2J\x07\xe5\xd518\xf1\x1e\x8dV\xae\x83\
\xb3\x88\x16E\x9dW\x022\x96~\x8f\x18\x14#\xf5{\
\x0f\x98i\xba\x94\xc1\x0aL\x00\xb8\xfa\xad\x0f\xcf\x06\xfb\
\xa7\x99\xaeC\x88\xe1\xf8xU\xb5\xe9\x12\x86le;\
\xe1\x9c\x17:v\xfe\xc2apc\x84d\x85\x83\xb2\x0a\
\x85d\xb9B\xa2\xcc\x01\xa1\xff3^!\xb6+\x89\xd9\
}+@\xf3\x8c\x92+O\xfeXz\xe1\x9d\x0f\x99.\
e0\x02\x13\x00\x14\xfb_@\xc0nY\x08\xd1mf\
,\x06pp\x1e\x00\x94f\x85\x8f,i\xcb\xcb\xba\x94\
\xea\xbc\xa4\x9f,#\x94\x96;(-w\x10K\xf4\xbd\
,m\xedA]\xd8\x83\x08p\x1c ko_\x1a\xed\
\xe9\xcb\x01H\x00\xc8\xb3\x93L\x17 \xc4p\x8c\x8d\x95\
 \x19\xa8\xcb\xff\x84\x93\x9fIc\x8b7\xb4\x16\x99\x08\
\x88\x95\x10\x12\x09\x85d\x92\x90(UH$\x09\xb1\x84\
\x02u\xb5\xf7\xfd\xdd\xab\x16bH\xe2v\x07\x00f\xec\
g\xba\x86\xc1\x0aD\x00\xf8\xe9\xea\xfdk\x91\xcd\xeeb\
\xba\x0e!\x86\xe3\xd8\xca\x06\x04\xe9\xf4\xf6\xba5\x1a\x7f\
Y\xbf\xe3x\x7f\x22\xc0u\x01\xd7!\xb8ngC\x1f\
\x8f\x03\xf1\x12B<N\x88\x97\x10bq\xda\xe1\x1a]\
\x7f\x9d\xd5\x84\x18\xb1B?\xadk\x84\x889\x86\xef\x9d\
2\x19\x97\xdd\xfe\xb6\xe9Zv&\x10\x01\xc0\xc9d\xe6\
@\xd9\xfdG\x17\x22\x97}\x13e\x00\x82q\xf9\xffm\
\xdf\xc1\xcf:\xda0k\x96\x82\xa3\x00'\x06\xb8.A\
9\x18r\xcfz!\x0a\x82\xec\xbf\x13\x1cS\x99Ox\
\xc05\xa6\xeb\xd8\x99@\x04\x008T)G\x16\x11D\
\x0a@\x833\xc0p%\x8bdI\xe1\x9c\xa6m\xa8\xaa\
\x04\xbaO\xe5\xa5a\x17V\x22\xb2zx\x08\x13jM\
\xd70\x18\x818\xadv|9\xfd\x17\xc1\xf4\x91\x8az\
\x10\xdb{\xbf\xf2}\x84o\xb7\xa4\xb1\xd9\xd2\xd9\xd6\x84\
\x08\x14\x8d@\xcc\xf9\x1d\x88\x865\xab\xfc\x8d\xa6k\x10\
b8\x8e(\xab1]\xc2\xa0<\x98a<\xd2a\xcf\
<\xffB\x04\x99\x82Ze\xba\x86\xc1\x08D\x00PY\
\xf7%\xd35\x081\x1c\xd3\xe31\xd3%\xec\xd4\x06(\
|\xbfy\x9b\xe92\x84\x18\x1c\xcdV_\xfe\x07\x80\x0c\
\x9c\x87M\xd70\x18\x81\x08\x00\xe7\xccX\xde\x02\xb0\x84\
\x00\x11(\xe3c\x09$,\x1f\xfb\x9f%\x85\xafoi\
5]\x86\x10\x83\xe7\xdb\xf58\xea>H\xa5p\xe9\xe2\
\xf5\xa6\xcb\x18\x8c@\x04\x80N\xea.\xd3\x15\x081\x14\
\xc7V\x8d1]\xc2N\xfd\xa0%\x83\x8dY\xbb\xcf\xa6\
\x84\xd8\x81g\xf7\x9c\x1aL\xbc\xc4t\x0d\x83\x15\x98\x00\
\xa0\x15\xdf\x8c\xa0\x8c\xa5\x12\x02\xc0\x07\x92\xa5\xa6K\x18\
\xd0?\xb2\x84\x87\xdbS\xa6\xcb\x10b\xf0\x98\x01\xcb\x03\
k\x8c\xddF\xd35\x0cV`\x02\xc0y\x93\xff\xf5\x06\
\x11Y?\xaeR\x08\x00p\x15a\x14\xd9{\xa9r#\
\x1c4n\x96K\xff\x22`\xd2\x1e\xac\x1e\x94J\xea\xf9\
\x8e\xcb\x16?a\xba\x8c\xc1\x0aL\x00\x00\x80L\xda\xff\
6\x00\x19\x11 \xacwD\xd9h\x10\xec\x0c\x00>)\
\x9c#\xf7\xfdE\xd0hm\xef\x93\x00\x01\x80H{\x8a\
\x025e}\xa0\x02\xc0\x82Y\xcflb\xe2/\xc2\xea\
\x08(\x04pX\xb9\xbdO\xff\xbb\xba5\x835^\x10\
\xe6&\x10\xa2\x0b\x03hO\x9b\xaeb@\xa4\xd4\x0fq\
\xc9\x9d\xaf\x9a\xaec(\x02\x15\x00\x00\xe0\xbc)O\xff\
\x95\x80\xdf\x9a\xaeC\x88\x81L\x8f\xd99\xc9\xe6\x92,\
\xf0\xa7m\xed\xa6\xcb\x10bhR\x19\xc0\xb7\xf8\xbcO\
\xa9\x173\x17\xdfy\x99\xe92\x86*p\x01\x00\x00*\
Qv>\x81\xffc\xba\x0e!\xfa3!\x9eD\x89\x85\
\xfdU\x9b\xe1\xe0\xb2\xcd[M\x97!\xc4\xd0d}\xab\
/\xfd\xb3B\xda\xcbt\x1cn\xba\x8e\xe1\x08d\x008\
}\xea\xa3)h>\x85\x00\xe9\xc2,\xacs|\xa5}\
\xc3\xff4)\x9c\xb5\xa5\xc5\xd2^\x09B\xe4\xc0\x0cX\
>C\xa5\x22\xf7\x8bh\xfc\xd3&\xd3u\x0cG \x03\
\x00\x00\x9c;\xfd\xe9\x17\x19t\xb9\xe9:\x84\xe8m\xef\
D\xd2t\x09;\x22\xe0\x17\xad)\xac\xb6|\xfc\xb4\x10\
\xbdqG\xda\xeaY\xff\xd8\xa1?f.\xbe\xe3N\xd3\
u\x0cW`\x03\x00\x00\xcc\x9f\xba\xfc'`\xfa\xab\xe9\
:\x84\xe8\xe6*B\xbd\xb2\xeb<\xfb)\x8fp_\x9b\
\xdc\xf7\x17\x01\x93\xf6\x00\x9b;\xab*\xda\x9cM\xcf\xf9\
\x8c\xe92F\x22\xd0\x01\x80\x08\xec\xc6\xdc3\x00\x04\xf2\
\xf2\x8b\x08\x9f#\xcb\x1b\xac\x1a\xfe\xd7J\x0e.\xde\xd2\
d\xba\x0c!\x86\xc6gp\xda\xe2K\xffD\x1a\xa4\x8e\
Dcc\xa0/\xab\x05:\x00\x00\xc0\xd9\x93\x96\xac%\
\xc2\x99\xa6\xeb\x10\x02\x00\x0e-\xb3g\xf8\x9f&\x85\xf9\
\x9b\xb6Z?u\xba\x10;`\x80\xdb\xd3V\x0f\xf6&\
\x85+\xbc\x8b\xefx\xd6t\x1d#\x15\xf8\x00\x00\x00\xe7\
M}\xea>\x80\x17\x99\xaeC\x88]\xe2\x8e\xe9\x12\xb6\
\xbbv[\x1aox\xf6\x8dF\x10b@\x1d^\xe7\xa4\
?\xb6R\xb42s\xf1]\x97\x98.#\x1fB\x11\x00\
\x00\xc0/M\x9f\x0f\xc2\x0a\xd3u\x88\xe8\x9a\x12/E\
\x09\xdbqE\xf09\x9fpG\x8b\xcc\xf6'\x02\xc6\xcb\
\x823\x16\x87VEi/\xe6\x1cj\xba\x8c|\x09M\
\x00\xf8\xe6\x98\x17\xb69\x9a>\x0d@\x06:\x0b#\x8e\
\xad\x1c\x03\x1b\xae[\xb6\x91\x83on\xdel\xba\x0c!\
\x86Fkp\xbb\xcd\xf7\xfd\xc1\x8a\xe2\x9f\xc1\x82\xc5\xa1\
\xe9s\x16\x9a\x00\x00\x00\xe7N[\xfe\x1a\x11}\x1e6\
\x1c\x85E\xe4\xece\xc1\xd3\xff\x18\x84\xf375#\xab\
\xe5+ \x82\x84\xc1\xdb\xec\x1e\xf2G\x8e\xfaq\xfa\xa2\
[\x1f0]G>\x85*\x00\x00\xc0\xf9\xbb,\xfb\x13\
\x98\x7f`\xba\x0e\x11-q\xe5\xa0V\x99\x1f\xb2t\xfd\
\xb6\x0c^\xcfX|\x16%D?\xb8=c\xf9}\x7f\
\xf5x\xe6\xc2;\x17\x9a.#\xdfB\x17\x00\x00\xa0u\
\xdaS\xdf\x02 \xf3\x03\x88\xa2\xd9\xbf\xb4\x0e\xc4f\x03\
\xc0\x0a\xadp{K\x8b\xd1\x1a\x84\x18\xb2\xb4g\xf5T\
\xbfph\x8b7M\x7f\xd4t\x19\x85\x10\xca\x00\xd0H\
\xd0\x9e\x1b;\x15\x847L\xd7\x22\xa2a\x9fd\xa5\xd1\
\xedw\xc0\xc5\xc2\xf5\xf2\xa4l\x110Y\x1f\xdcao\
\xa7?&\xcaz\x9a\xf6\xc7Iw\x87\xf2\xb2Z(\x03\
\x00\x00\x5c<\xf9\x89&\x02\x9f@\x80L\x81&\x0an\
j\xac\xc4\xd8\xb6\x99\x14\x16lnBJ\xba\xbe\x88 \
a\x06oK\xc1\xe6.[J\xf1\xe9A{\xc4\xefP\
\x846\x00\x00\xc0\x05\xbb<\xf5<\x83\xbej\xba\x0e\x11\
~\x09e\xea\xabDX\xdc\x9e\xc6\xcbi\xbb\x9f\x95.\
D\x1fm)\xab;\xfdA97d.\xba\xebV\xd3\
e\x14R\xa8\x03\x00\x00,\x98\xb6\xec6\x00\xffk\xba\
\x0e\x11nd\xe8@\xf6\xaaV\xb8\xbeY\xa6\xfa\x15\x01\
\xd3\x9e\x06g\xcdw\x9a\xcd\xc9\xa1\xffx\x17-\xfe\x8a\
\xe92\x0a-\xf4\x01\x00\x00*\x9b\xb2\xf3\x01z\xdct\
\x1d\x22\xbc\xd2\x06.c\xa6\xc8\xc1\xf9\x1b\xd6\x17}\xbb\
B\x8c\x04g\xb2\xe0\xb4\xbd\xf7\xfd\xa1\xa8\xcd\xeb\xd0\x07\
\x98.\xa3\x18\x22\x11\x00\xbe\xb6\xef3\x9e\xc7\xeeg\x00\
\xac2]\x8b\x08\xa7\xd5^q/\xc13\x08\x17o\xde\
\x82\x14[<tJ\x88^8\xeb\x03\x1d\x16\xdf\xae\x22\
d=G\x1d\x88\xc6\xbb\xdbL\x97R\x0c\x91\x08\x00\x00\
p\xc9\x8c\xc77\xb2\xc61\x00\xe4z\xa9\xc8\xbb\x17R\
\xc5=^\xdc\xdd\xe1\xe1?\xa9TQ\xb7)\xc4\x88\xf8\
\x1a\xd4\x96\xb2\xb7\xcf\x1f\x81)F'\xe3\x9b\x8b_0\
]J\xb1D&\x00\x00\xc0\x853\x97\xbd\x04\xa6O\x03\
\xb08\x82\x8a \xfa\xbf\x96u\xf0\xc9-\xca\xb6\xde\xd4\
\x0a\xd76\xc9T\xbf\x228\xb8\xab\xc7?[\xdc\xe9\x8f\
\x1d\xe7\xa2\xcc\x82;\xef5]G1E*\x00\x00\xc0\
\xc2\x19K\xff\x09\xa2\xd3ao\x0e\x15\x01\xa4\x01\xac\xcc\
\x14\xbeSS\x9a\x1c\xcc\x97\xfb\xfe\x22H\x18\xa0\xb6\x0e\
X\xfd\x5cj\xd7\xb9.\xbbp\xf1\x95\xa6\xcb(\xb6\xc8\
\x05\x00\x00X8m\xe9bf\xfe\xae\xe9:D\xb8\x5c\
\xbd\xe1-\xe8B^\x05 \xc2\xb777\xa3][\xdc\
{Z\x88^x[\x0a\x9c\xb5\xb8\xf1w\xd4?\xbd\x85\
\x8b\xcf4]\x86\x09\x91\x0c\x00\x00p\xe1\xf4\xe5\x8d\x0c\
\xbe\xd9t\x1d\x22<6\xfbi<\xd8V\xb8y\xa7\xee\
o\xcf\xe0_\x1d\xdb\x0a\xb6~!\xf2\x8d\xdb3`\x9b\
\xa7\xf9U\xf4\x8e\xf7\xcd;>b\xba\x0cS\x22\x1b\x00\
\x88\xc05\xcd\xd93\xc0\xf8\xbb\xe9ZDx\x5c\xb3\xf9\
-\xac\xca\xe6\xffk\xb5\xc2W\xf8u\x93L\xf5+\x82\
\x83\xd3\x1e8e\xf1\x0c\xba\x8a\xb6zIww\x10,\
\xbe<QX\x91\x0d\x00@\xe7\xf0\xc0\x14\xe9\x13\x00\xfc\
\xc7t-\x22<.X\xfb2\xde\xd3\xf9\xbb\x15\xb0\x96\
]\x5c\xb0~M\xde\xd6'D\xc1yYp\xbb\xc5}\
\xad\x15\xa5=\x15\xdb\x1b\xe7\xdc\x16\xe9\xa7gE:\x00\
\x00@\xe3\x8c\xe5-\x9c\xe5c\x01H\xcf*\x91\x17\x1a\
\xc0\xd7\xde]\x89g3#\xedgJx\xc9W8c\
\xddjh\xe9\xb3*\x02\x82\xb3\x1a\xda\xe6i~\x89\xb4\
\xe3\xe2S\xf8\xe6-o\x9a.\xc5\xb4\xc8\x07\x00\x00\xb8\
x\xf6\xb2\xb7H\xa9\xa3\x01l5]\x8b\x08\x8f\xffY\
\xf7\x1a~\xda\xd4\x84\x0e\x8a\x0d\xf9\xbd>\x1c,\xde\x96\
\xc2\xfcu\xab\x91\xd5\x96\x1eH\x85\xe8\xcd\xd7\xe0\xb6\x0e\
\x8b\x1b\x7f09\xf8|\xea\x82;\xe4\xd6/$\x00l\
w\xe1\xb4%O3\xe8(\x00\x91\x98\x01J\x14\xc7#\
m\x9b\xf0\xd9w^\xc2\xcd-\xed\xd8\xcc.\x00\x1a\xe0\
\xd5\x844\xb9x4\xa3\xf1\x99wW\xe3\xa6\xe6M\xc5\
*S\x88\x91\xd3\x1a\xba\xb5\x03\xb05\xb0\x12\x01\xae:\
7\xf3\xcd;n7]\x8a-\x06:\x1aE\xd2\xf7W\
\xed\x7f\x04i\xfc\x19L\x09\xe0\xfd\xc9\x02z\xee\xd2\xcc\
\xef\x7fl;\xfc\xbcky\x9f\xf70\x0d\xb8\x9e\x1d\x96\
\xf5z\xfd\x0e\xeb\x1b\xeav\x87\xb1\x0dc\xb5\xe6\xdan\
\x1e\xb6Q\xb4Zsm\xb7\xc7\xcf\xca\x94\x83C\xcak\
\xb0{I)*\x94B\x92\x14\x9a|\x1f\xeb}\x0f\x7f\
o\xdb\x8a\xd7\xd2\xed\x83\xdaF\xc1j\xcd\xf5\x19\x15a\
\x1bA\xaa\xb5\xe0\xfb\x9e\xa1Z\xb7\x9f\xb9s\x8fwp\
\xcf\x7f\xf6x5\xf7x\xa1\xcf\xd0-\xed=\xc6\xfa\xf7\
^O/\xb9\xae\x10p\x8e\x7f\xf4\xfbr\x1e`\xfd\xfd\
\xbc\xd1u.\xcf,\xb8\xfd{9\xde\x11I\x12\x00\xfa\
\xf1\xc3\xd7\xf7\xff\x04k\xba\x0f@\x89U\x07a\x09\x00\
\xc3\xdaF\xd1j\x1dD\x00\xc8\xd76\x0aV\xab\x04\x80\
\xc1mC\x02@\xf7J:g\xf7\xdb\xda\xdek\xac\xbf\
e\x01\xc0u\xbe\x97Yp\xfb\xe59^\x1dYr\x0b\
\xa0\x1f\x17O_\xfa @\xa7\x00\xb0x\x00\xab\x10B\
\x18\xc6\x0c\xb4tX=\xd1\x0f\xbb\xee/\xa5\xf1\xef\x9f\
\x04\x80\x1c.\x99\xb9\xe4^0\x9d\x01Dw\x8c\xa8\x10\
B\x0c\x84[;:\x9f\xf0g)\x8e;\xb7x\x0bn\
;\xc7t\x1d\xb6\x92\x000\x80Kf-\xf9\x1d\x98e\
\xe7\x11B\x88\x9e\x18\xd0-\xed`\xcf\xde\xc6\x9f\x5c\xe7\
\x8f\xde\xf9\xb7\x7f\xc1t\x1d6\x93\x00\xb0\x13\x97\xceZ\
\xfak\x10\x9do\xba\x0e!\x84\xb0\x05\xb7\xb6\x03\x9e\xbd\
wH\xc9U\xff\x97^p\xdbq\xa6\xeb\xb0\x9d\x04\x80\
A\xb8t\xc6\x92\xab\x01H\xefQ!D\xe4q[\x87\
\xd5\xf3\xfb\xb3\xeb<\x9e^p\xfb'L\xd7\x11\x04\x12\
\x00\x06\xe9\xb2\x99O^N\x84\x8bL\xd7!\x84\x10\xa6\
p[\x078\xe5\x99.#'v\x9de\xde\x05\xb7\x1d\
b\xba\x8e\xa0\x90\x000\x04\x97\xcex\xf2\x0a\x00\x17\x9a\
\xaeC\x08!\x8a\x8d[;\xc0){\xcf\xfc\xc9U\x8f\
x\x17\xdc\xb6\xbf\xe9:\x82D\x02\xc0\x10]6\xf3\xc9\
+\x99\xf0\xdf\x90\xd1\x01B\x88(`\x06\xb7\xb4\x83\xd3\
\xf6\x9e\xf9\x93\xeb\xde\x97\xbe\xe0\xf6\xc8>\xd6w\xb8d\
\x22\xa0a\xfa\xee\xab\x07\x9c\x0e\xa6k\x19p\x00\xbb&\
\x1f\xb1b2\x96\xdc\xb52\x01/1\xe81\x80_\xf2\
\x89\xd6\x93\xd6Y\x80\xaa\x194\x95\x80\x0fk\xe0\x00\x00\
\xc9\x11l#_\xb5\xf6]\xd6k=2\x11P\xfe\xb6\
\x11\xa4Z\x87\xb1\xefu\x00\xb4D\x83\x97\x01x\x8b\x99\
\x9aI!\xa65F\x13a\x0e3\x0e\x010\xdbt\xad\
}&\x02b\x86n\xe9\x00g\xbc\x9eoD\x1f}\x16\
\x15o\x22 \x8e\xb97z\xe7\xdf\xfa\xe5\x1c[\x12\x03\
\x90\x000\x02\xdf{\xe5\xc0\x935p\x0b\x80\x98M\x07\
\x1d+\x0e\xc2}kMi\xf0\x0d\x9a\x9c_\xdf\xb8\xcf\
_Wb\x00_z\xf6\xf8j\xcefN%\xe2y\xcc\
\x98#\x01\xa0\xef6\x0aV\xab\x04\x80\xc1mc\xf0\xfb\
\xdeJ\xcd\xfc\xeb\x84\xf2n\x7f\xeb\xd375c\x00c\
~\xff\x8d\xb9Y\xf8\xdf\x00\xf0e\x00%6\x04\x00\x7f\
\xeb6\xa0g\x87?\xab\x02\x00\xc0\x8e\xfa\xb5w\xc1m\
g\xe5\xd8\x8a\xd8\x09\x09\x00#\xf4\xed\xd7\x0e:\x864\
\xdf\xc5@\xc2\x96\x83\x8e\x15\x07\xe1\x1dk\xfd\x9bRz\
\xde5{?\xfc\x1a\x86\x82A_\xfa\xd7QG3\xab\
\x85L|\xd0N\xb6\xb1CM#\xa85\xe7z$\x00\
H\x00\x18\xc2\xdf\xf3\x09(\xbar\xedq\xd7\xfc\x19;\
\xaeb\xa7\xea\xef=s&\xb4\xf3\xbf`:\xc2T\x00\
`\xcd\xe0\xad\xdb\xfa\x8e\xf3\xb7%\x00\x10\x80\x98\xfb\xbd\
\xcc\xfc[d\x86\xbf\x11\x90\x00\x90\x07\xdf}\xf5\xa0\x8f\
j\xe6\xfb\xc0T\x06H\x00\xd8\xb1V\xbej\xdc>\x07\
\x5c\xd4H\x8d#\xea3q\xdaS\x9f:@1/\x04\
\xe1\x18\xee\xea\xbb\x22\x01\xa0\x00\xb5J\x00\x18\xdc6\xfa\
\xff;h\xd2\xf4G\xed\xf0Uk\x8f\xbf\xf6I\x8cD\
c\xa3\xaa\x9f\xbb\xfe\x0a\x06\x16\x14\xa8\xd6\xdc\x01@3\
xk\x1b\xb4\xd7\xcfW\xd6\x86\x00@\x04\xb8\xce\x85\x99\
\xf3n\xb92\xc7\xda\xc5 I\x00\xc8\x93\xef\xbc|\xf0\
\x81\x0c~\x00@\x95\x04\x00\x80\x99\x98\x19\xe7]\xbb\xef\
\xff\xfd\x1cy\xf4\xa5eG\xcf\xf0\x1d\xffl0}\x89\
\x99*\xfal\xb7\xab\xa6!\xd6\xdawY?\xeb\x91\x00\
 \x01 \xc7\xdf\xb3\x05\xc47!\xeb\xfc\xea\xdd\xff\xba\
fhW\xb9v\xa2\xf6\xee\xff\x9eO\xc0O\xb9\xc7\xb1\
\xba\xa0\x01\xc0\xf7\xa1\x9b\xb7\x01\xbe\xee\xbf\x8d6\x1d\x00\
\x08\xcc\xf1\x92y\xde\xb97\xfd6\xc7\x9a\xc5\x10H\x00\
\xc8\xa3\xef\xbct\xd0\x07X\xe1\x01f4\x00\x91\x0e\x00\
\xccZ\xcd_\xb4\xef\x83\xbf@\x81\x9c\xba\xec\xa8J\x82\
s:\x88\xcf\x020]\x02\x80\x04\x00\x03\x01\xe05b\
\xfaU<Qr\xd3\xeb\x9f\xfce\x0b\x0a\xa4\xf6\xaey\
\xe7\x82\xf8jt\x1d\xaf\x0bv\xdc\xf0|\xf0\xd6v@\
\xfb]\xef\xeb\xa7\x18\x83\x01\x80\x894\xc5\xe9\xf3\x99s\
o\xbb=\xc7Z\xc5\x10I\x00\xc8\xb3\xc6\x97\x0e\x9b\x02\
d\x1f\x00aND\x03\x0030\x7f\xd1>\x0f\x15\xac\
\xf1\xef\xa9\x91\x1b\xd5kO/\xff8k\xfa*\x81\x8e\
f\xc0\x95\x00\x10\xccF5 \xb5z\x0c\xfc\x99\xb5\xb3\
\xe8\xdd\x17\xc6>\x84\xc6\x91\xdd\xda\x1a\xac\x9e!\xa0 \
\xc7\x8d\x8c\x0f\xde\xda\xd6\xd5.s\xd7\xfb\xfa)\xc4T\
\x00 J;1\xfeh\xc7\xb9\x8b\x9f\xc8\xb1F1\x0c\
\x12\x00\x0a\xe0\x8a\x97\x0f\xac\xe8\x00\xdd\xc5@\xe7t\x94\
\xd1\x09\x00\xac\x8b\xd8\xf8\xf7\xf6\xa5\xa7>9&\xc3\xf4\
E0}\x15\xc0.\x12\x00\x86Q\xab\x04\x80\x5c\xdbx\
\x97\xc0\xb7)\xc7\xf9\xdf7\x8eY\xf4\x0e\x0c\xa8\xb9\xfb\
\xeb_#\xd0o\x98\x89\xb6\xd7\xd7e$\xfb\xb7N{\
\xe0\x96\xf6\x9e\x1fR\xd7\xfb\xfa)\xc2@\x00`W5\
y\xb1\xc4\xde8\xeb\xfa\xb7s\xacM\x0c\x93\x04\x80\x02\
i\x5c17\xce\xaa\xe6Z\x10\xbe\x10\x91\x00\xc0\x00\xe6\
\xff\xd6P\xe3\xdfS#7\xaaW\x96\xff\xfb\x08\x80\xbf\
@\xe0\x13\x18(\x95\x00`e\xa3j{\xad\xdb\x18\xf4\
\x07f\xfa\xdd;\xcf\x8d\xffG\xb1\xce\xf6\x07R{\xd7\
\xbcs\x19\xe8\xbc\x12\xd0c\xf9p\xf7o\xee\xc8@\xb7\
v\xf4\xda\x8aE\x01 \xe6\xac\xca\xc4\xd2{\xe1\x1bw\
\xb7\xe5X\x93\x18\x01\x09\x00\x85\xc4\xa0\xc6\x97\x0f\xfa\x1f\
\x80\xbe\xa5\xbb\xef\xdf\xf5\xfcqx\x02\x805\x8d\x7fo\
'>yb2\xe6\xb4\x1f\xad5}\x01\xa0\xa3\xb8k\
\xe2&@\x02@\xbf\xb5J\x00\xd0\x00\x96\x82\xe8\xe68\
\xeb\xc5\xaf\x1cwC+,Ss\xf7\xbc\xaf\x81\xf1\x1b\
\xee\xd91\x10\x18\xf2qC\xb7\xa4\xc0\xa9L\xce\xc6\xdb\
t\x00 \xd7\xf9gz\xfe-\x1f\x01\xc9\xac\xab\x85\x22\
\x01\xa0\x08\xbe\xf5\xd2!_\x04x\x11\x80x\x08\x03\x00\
\xb3\xa5\x8d\x7fo\x9f]z\xfc\x14&=\x0f\xe03\xc1\
\xa8\x96\x00 \x01\xa0\xc76\x9a\x18t\x1d\xeb\xec\xff\xbe\
\xf5\xe9\x9b\xde\x82\xe5\xaa\xef\x9aw.\xba\xae\x04\x00C\
;n\xb0\xee\x9e\xdd/\xbb\xe3\x0b{\xbd\xd3\x5c\x00 \
 \xee\xdc\x989\xf7f\x99\xdd\xaf\xc0$\x00\x14I\xe3\
\xcb\x87|D\x83\xefaFu\xf7\xb2\x10\x04\x00f\xa6\
@4\xfe=\x9d\xf8\xf4\x89U\xe4\xa5\xbe\x03\xe0,\x00\
J\x02\xc0\x8e\xeb\x89X\x00`\x00\xb7\xc6\xb2\xd9\xf3^\
>\xe1\xe6\xcd\x08\x90\xaa\xbb\xe7}\x8d\x18\xbfA\xf7\xed\
\x80\xc1\x1c7|\x86\xdf\xb2\x0d\xdcs\x8c\xbfM\x01\x00\
`\xc4\x9doe\xce\xb9E\x1e\xbf^\x04\x12\x00\x8a\xa8\
q\xc5\xc1s|\x85\x07\x00L\x01\x02\x1f\x00X\x07\xb0\
\xf1\xef\xe9\xa4'\x8f9\x1e\x84\xdb\x98\xa9\xb4{\x99\x04\
\x80\xe8\x04\x00\x0dlS\x8cS^?\xee\x86?\x22\xa0\
\xba\xaf\x040@;;nh\xcf\x87\xbf\xb5\x1d\xd0\xbd\
\x1a_[\x02\x00Q\x96\x12\xb1\x13\xd2\xdf\xb8\xe9O9\
\xde%\xf2L\x02@\x915\xae8l\x8cV\xfe=\x0c\
\x1c\x10\xe0\x00\xc0\xc44\xff\xd7\x01n\xfc\xbb\x9d\xbc\xec\
\x98\x0fkM\x0f\x03(\x07$\x00\x14*\x000\x80\xf6\
\x8c\x8b\x96\xb4\x8bLV!\xab\x15t\x9fF\xa0\xf7\xe1\
\x88\x07h@\xba\xff\xc3}\x96\x0df\x1d\x04\xd2\x89\x12\
}\xf2\xc6\xcf]\xf7\xfb\x1c[\x08\x8c\xea\xee\x8e\x81L\
};\x06\xa2\xf3\xef\xc0)\x0f\xd9\x96\x14\xfa\xfd0l\
\x08\x00\x8e\xd3\x1a+\xa1\x83\xb6\xcd\xbb\xf9\x85\x1c\xef\x10\
\x05 \x01\xc0\x80\xc6G\x0es\xf5X\xfd=\xadq!\
\x10\xb8\x00\x10\x9a\xc6\xbf\xdbIO\x1es<\x83\xee\x01\
\xa0$\x00\xe47\x000\x80-\x1dql\xdaV\x02\x9f\
\xa9\xd7q\x7fx\x8dw\xaf\x8d\x0fk\x1deq\xff\x8a\
\xcd\x9f\xbf\xfe\xa2\x1ck\x0f\x9c\xaa\xbb\xe7}\x0d\x9a\xfa\
v\x0c\x04\xe0\xb7f\xe0wtw\xf6\xb3/\x00P\xcc\
y)\xed\xa6>$=\xfd\x8bO\x02\x80A\x97\xaf<\
\xe4\x0b\x0c\xfc\x96\xbb\x1e}\x0bX\x1f\x00\x18!k\xfc\
\xbb\x9d\xf8\xe4\xb1\xbf\x04p\x96\x04\x80\xfc\x05\x80T\xd6\
\xc1\xbb-\xa5HgU\x8f\xed\xf6x\x81\xa1\x00\x90,\
\xe1\xe7\x9aN\xbbv\xef\x1ck\x0e\xac\xea\xbb\xce:W\
\xf3\xfb3\x06j\xcd\xf0[R\xd0\x99\xae\x07\xfa\xd8\x16\
\x00\x08\xa0x\xec\xfa\xf4\xd9\xbf;#\xc7\xabD\x81\xa9\
\x9d\xbfD\x14\xcaw\xe7<v31\x0e\x04\xf0\xa6\xe9\
Z\x06!\xb4\x8d?\x00xiu9\x80\x0d\xa6\xeb\x08\
\x8bv\xcf\xc1\x9bMe;4\xfe6 \x05\x9d }\
\xbc\xe9:\x0a\xa1\xf9\xa4_\xfd\x1cD\xe7\x01`\xcej\
d\x9b\xda\xdfo\xfcm\xa3(\x8bx\xc9\xe7\xa5\xf17\
\xcb\xaeog\x04}w\xeec\xcf\xc6\xd8\xdb\x17\xc4\x0f\
\x9a\xaee\x00\xa1n\xfc\x01\xe0\xbe\xc3\xefk\xee\xeaQ\
-F(\xe3+\xbc\xd3\x5c\x06\xcd\xf6]`L\xc6\xf8\
\x1f\xef\x9d\x1a\xde\x19\xe5ZN\xfa\xd5\xcf\xd9\xd3\x97z\
\xcd\xed`?\xd7\xe9\xb7Y\xec:[\xa8\xdc\x99\x9b9\
\xfb\xc6[M\xd7\x12u\x12\x00,\xd08w\xe9\x96\xd8\
\xae\x8f\x7f\x8a\x80\xef#\xf7E3S\x98\x88C\xdd\xf8\
wc\xd2\xd7\x022\xe9\xc8H0\x08\xef\xb4\x94\xc1\xb7\
\xb0\xf1\xef\xe4\x86\xfe\xf9\xf1\xad\xa7\xfd\xe6\x87N<v\
\x97\xe9:\xfa\x15s\x97z\x89\xc4\x98\xf4Wo~\xd5\
t)B\xfa\x00X\xe7\x92\x95\x07\x7f\x0a\xacne\xf4\
\x98/\xa0\xfb\xbf\xc5\xef\x03\xc0D<\xff\x97{\xfe=\
\xf4\x8d\x7f\xb7\x13\x97\x1e\xfb\x1c3\xf6\x94>\x00\xc3\xdb\
\xc6\x96\x8e8\xd6\xb6\x95\xe6\xb8\x81l\xb6\x0f\x80\xeb\xa0\
\xa3\xedK\x8bJ\xfb{U\x18%\xaf=\xe3V\x9d\xf2\
N\xdd\xbe\xc0d\x1f\x00\x05F\xcc\xf9q\xe6\xac\x9b\x17\
\x0e\x5c\xb5(&\xb9\x02`\x99\x1f\xccy\xfc\x01V\xfe\
~\x00V\x18.%r\x8d?\x00h\xc6\xe3\xa6k\x08\
\xb2\x8d\xed\x09\xd3%\xe4\x14s\xf5\xeb\xa6k(\xa6\x8e\
3\xaf;M%b\x7f0]\x07\x94\x93\xa6x\xc9'\
\xa4\xf1\xb7\x8f\x04\x00\x0b\xfdp\xf6\x13\xaf\xa6*3\x1f\
\x04\xf0\x0b\x98\xb9%\xc0\x88`\xe3\x0f\x00\x04\x0e\xed\xfd\
\xe1Bk\xf7\x5cx\xda\xdeC\x0a1\xd6\x98\xae\xa1\xd8\
:\xce\xbc\xee\x04\x95\x88\xddfj\xfb\x14w\xdf\xc8$\
xR\xfa\x1b7<d\xaa\x06\x91\x9b\xbd\xdf\xd6\x88\xbb\
z\xe2\xd2\x8e\x1f\xce\xfd\xe7\xb9\x1a\xea\xd3\x006\x15q\
\xd3\x91m\xfc\x01\x80\xa8\xa8\x9fu\xa8\xb4fb\xa6K\
\x18\x109\xb4\xd6t\x0d&t]\x09(j\x9f\x00R\
J#\xe1\xfe0}\xf6\xef\xa6\xe1\xbfo\x91\xd15\x96\
\x92\x00`\xb9+\xe6>r\xbf\xd2\xeen\x00\xfeR\x84\
\xcd1G\xb8\xf1\x07\x00\xcdH\x9b\xae!\xa8\xd2\xbe\xe5\
\x87\x13\xcd\xbd\x9f{\x1b\x19\x1dg^w\xb2J\x16\xe9\
J\x80\xeblq\xe2%\x1f\xca\xcc\xfb\xdd%E\xd9\x9e\
\x186\xcb\xbf\xb1\x02\x00~\xb0\xfb\xdf\xd7\xffh\xce?\
\x8f\x06c>P\xb0\x06\x8a\x19\x88t\xe3/F&k\
\xf1\xe5\x7f\xd1y%\x80\x92\xf1\x82\x86\x00\x8a\xb9\xff\xcc\
l\x99\xda\xd0>\xef\xbag\x0a\xb9\x1d\x91\x1f\xf2\x8d\x0d\
\x0a\x02_\xb1\xfb\xa3?\x07\xd1\x07\x08\x9c\xef\xf9\xb2\xa5\
\xf1\x17#f\xe9\xb0s\xd1C\xaaP!@\xa9\x8cS\
\x12;%}\xf6M\x87\xa1\xb11\x9b\xf7\xf5\x8b\x82\x90\
\x00\x100W\xcc}dE\xba%\xf3a&\xfa\x0d\xf2\
\xd3A0\xcb\xcc\xf3\xa4\xf1\x17\x22\x1aRg^w\x1a\
%bw\x80\xf23\x0a\x9cb\xee\x8aLyll\xc7\
7n\x5c\x9c\x97\x15\x8a\xa2\x91\x00\x10@W\x1f\xb0\xb4\
\xe3\xaa\xb9\x8f\xcc#\xf0q l\x1c\xfe\x9a\xa8\x09\x0a\
\x9f\xfc\xc5^\xff\xf8m\xfe\xaa\x13B\xd8.\xf5\xd5\xeb\
?G\x89\xd8\xa5\xa4\x86\x7f\x12AD\x1a%\xb1\xef\xa5\
\xcf\xbai7\x9cq\xfd\x96|\xd6'\x8aC\x02@\x80\
]\xb1\xdb?\xff\xa4]\xcc\x01\xf0K\x00\xde\x10\xde\xaa\
\x09\xb8\x1e\x8ag\xff|\xf7\xbf?\x5c\xa0\xf2\x84\x10\x16\
K\x9dy\xdd\x0f\x9c\x92\xf8^\x88\xbb\xaf\x0d\xf9\xcd%\
\xb1\xe7QJ\xb33\xf3n\x0c\xfd\xcc\x8aa\xe6\x9a.\
@\x8c\xccOf=\xba\x09\xc09\x0b\x9e?\xe4j\x90\
s\x1a\x08'\x01\xd8\xad\x9f\x972\x80W\x09t\x97\xef\
\xab[~\xb1\xf7\xc3C\xff\xd2\x0b!Be\xdb\x99\xd7\
\xbd\x00`f\xc9\xf5_\xfd\x18e\xfco\xb1\x9f\xfd\x10\
|\xee\x7f<\xa7\xa3R\xe48O\x92\xa2o\xa7\xbe~\
\xfdc\xc5\xadT\x14\x82\x04\x80\x90\xf8\xf1\x9e\x8f\xbd\x09\
\xe0\xbb\x00\xbe\xbb\xf0\xe5\x03+</6\xcbaTk\
8 \xd2\xed\xd9D\xc9\x8b\xbf\x9c\xf1\xd7\x16\xd3u\x0a\
!\xec\x93\xfe\xca\xa2\x87\x00<\x04\x00\xc9\x1bN\x9fH\
Y\xf7SY_W\x02\x80Rz}\x0a\xb1\x87\xf0\xb5\
E\xef\x19-R\xe4\x9d\x04\x80\x10\xbar\xd7%\xad\x00\
\x9e6]\x87\x10\x22x:\xbe|\xe3j\x00\xd2/(\
\x02\xa4\x0f\x80\x10B\x08\x11A\x12\x00\x84\x10B\x88\x08\
\x92\x00 \x84\x10BD\x90\x04\x00!\x84\x10\x22\x82$\
\x00\x08!\x84\x10\x11$\x01@\x08!\x84\x88 \x09\x00\
B\x08!D\x04I\x00\x10B\x08!\x22H\x02\x80\x10\
B\x08\x11A\x12\x00\x84\x10B\x88\x08\x92\x00 \x84\x10\
BD\x90\x04\x00!\x84\x10\x22\x82$\x00\x08!\x84\x10\
\x11$\x01@\x08!\x84\x88 \x09\x00B\x08!D\x04\
I\x00\x10B\x08!\x22H\x02\x80\x10B\x08\x11A\x12\
\x00\x84\x10B\x88\x08\x92\x00 \x84\x10BD\x90\x04\x00\
!\x84\x10\x22\x82$\x00\x08!\x84\x10\x11$\x01@\x08\
!\x84\x88 \x09\x00B\xf4@Di\xd35\x04\x17\x99\
.`@\xa4\xd0n\xba\x06!l\x22\x01@\x88\x9e|\
\xdah\xba\x84\xa0\xca\xfav\x07\x00\x10\xbda\xba\x04!\
l\x22\x01@\x88\x1e\x98\xb3kL\xd7\x10D\x9a\x09>\
\xdb\x1d\x00H\xeb\x95\xa6k\x10\xc2&\x12\x00\x84\xe8\xe1\
\x9e\x83\x1fx\x03\xc0\xbb\xa6\xeb\x08\x9av\xcf5]\xc2\
\x80\x94b\x7f\xe3\xa9\xd7?f\xba\x0e!l\x22\x01@\
\x88^\x98\xe9o\xa6k\x08\x9a6\xcb\x03@\xdc\x85\x5c\
\xfe\x17\xa2\x17\x09\x00B\xf4\xa2\x88~c\xba\x86 \xd1\
\x0c4u\xc4L\x971 \xd7\xc5U\xa6k\x10\xc26\
\x12\x00\x84\xe8\xe5\xee\x03\xee{\x8a\x19O\x98\xae#(\
\x9aR%\xf0\xd9\xdeCI\xdc\xe5\xe6M\x9f\xbb\xf6Z\
\xd3u\x08a\x1b{\xbf\xb5B\x18\xc4Z\x9f\x05 c\
\xba\x0e\xdbe5a}{\xc2t\x199\x11\x01%N\
\xf6L\xd3u\x08a#\x09\x00B\xf4\xe3\x0f\x07\xff\xf9\
y\x02\xbee\xba\x0e\xdb\xbd\xdbZ\x06_\xdb\xdb\xfb?\
\x19\xe3\x076\x9ev\xe3\xefM\xd7!\x84\x8d$\x00\x08\
\x91\xc3\xef\x0f\xbc\xff\x0a\x90\xdc;\xceeM[)Z\
\xd3\xf6\xde\xfbO\xc6\xf9\xf9-\xa7]{\xb4\xe9:\x84\
\xb0\x95\x04\x00!\x06p\xcf\xfe\xf7_\x08\xe0\x07\x00\xb4\
\xe9Zl\xa1\x99\xf0nk\x19\xb6t\x94\x98.%\xa7\
\xd2\x12\xfdD\xd3\xa9\x8b\xf61]\x87\x106\x93\x00 \
\xc4@\x08|\xef\x81\xf7_J\x0a\x1f\x07\xf0\xb6\xe9r\
L\xeb\xc8:x\xad\xa9\x12[Rq\xd3\xa5\xf4\xcbq\
\x90-/\xf5\x17n9\xf5\xda\x83A\x12\xda\x84\x18\x88\
\xbd7\xef\x84\xb0\xcc\x89+N\x8c\xfbM\x99/0\xe8\
,\x06\xf6\x04\x00\xee\xf1s\xee\x9a\x09o\x87e\xbd~\
\xb6\xc32\x00\xe8\xf5\x9e\xed\xefe\xea\xbb\xac\x00\xeb\xe9\
Sk\x8f\xd7w/ct\x8e\xf3\xdf\xd8^\x8a\x96\xed\
\x97\xfc\xb9\xefJ{\xe2\xfe\x7f\xb0\xe3b\xee\xf7\x7fw\
X\x98s\xfd;\xfeO\xcc\xd1\xa9\x84\xcbw\xc6*\xd4\
\xbc\xb5\xc7,\x929\xff\x85\x18\x04\x09\x00B\x0c\xc3q\
\xff<n\xa2R\xeaHV\xbc\x073\xe6\x02\x98\xcbL\
c\x81\xe0\x07\x80\x8cVHe\x1d\xb4g]\xb4g\x1d\
\xb4zq\xf8}\xe6\xf97\x17\x00\x1cb\xed:\xdc\xec\
\x10\xbf\xe3(<\xe78\xceo\xd6\x9d\xf4\xdb\xa7rT\
\x22\x84\xc8A\x02\x80\x10yr\xe2\xc3'Vy\x09o\
z\x164\x97\x809\x00\xe6r\xe7\x7fw\xb11\x00x\
Z\xa1\xc3w\x90\xf6\x1dtd]td]\xb4{N\
\xffs\xfa\xf7i\x88\x0b\x1f\x00\x1c\xa5uLq\x8b\xe3\
\xe0]Ez\xa5\x02/+%\xfe\xcb\x9b'\xdd\xf0J\
\x8e\xad\x0a!\x86@\x02\x80\x10\x05\xf6\xf1'O\xacu\
<\x7f7R\xb4+\x98'3x\x12\x81\xa6h`\x12\
\x98\xc6\x01p\x0b\x11\x00\x18\x80\xe7;H\xf9\x0e2\xbe\
B\xcaw\x91\xf2\x9d\xceF?\xeb\x0e\xd0\xd0\xf7\xd3\x1a\
\x17 \x00\x104\x1c\x87\xb2\x0e\xe9v\x87\xf4f\x07x\
\x8f\x14\xbdA\xccO\xc5A\x7fY\xfd\xd9E\xabr\xac\
]\x08\x91\x07\x12\x00\x840\xe8\xb0G\x0es+b\xa3\
\xc6y\x1e&\xc1\xd1S4c\xb2\x02&1\xd3$\x0d\
L\x22\xa0\x96\x81Z\x00q\xe0\xfd\x00\xa0\xbb.\xd5g\
|\x05\x8f;\x1bx\xaf\xab\x91Ok\x07\x19\x9f\x90\xf1\
\x1d\xe8\xa1~\xc5\xf3\x14\x00\x88\x19J\xb1v\x08\x9e\x22\
\xdd\xea(\xde\xe0\x10\xafQ\xcc\xabH\xd1\x7fH\xf1\xbf\
c\xb5\xd9\xe7\xde:\xfc\xa6\xd4\xd0\x0a\x14B\xe4\x8b\x04\
\x00!\x02\xe0\xb0GN,wc\xa8\xdd\xdc\x1a\x9f\xd1\
\xea%\xf6\xf0\xb4\x9a\x0a\xe8QZ\xab:\x06\xaa5\xa9\
J\xd6(\xf7\x99\x12>+\x87\xc11\x00\xe439\xe8\
\x1a\xed\xe3k\xe5\x80:\x13\x84\xd6D\xdc\xf5\xf5W`\
\x90\xea<7W\x80O`\x06\x03Ji\x0f\x00\x08\xd0\
\x04\xce\x80\x09D\xc8(\xd2m\x04\xde\xaa\xc0[\x88h\
\x131\xadg\x87\xd78\xcc\xab5bo{U\xde\x9b\
\x1b>z\xddz#\x1f\x94\x10b\xd0\xfe\x1f_\x12\x13\
\xc3\x83Y\x9d\xbc\x00\x00\x00\x00IEND\xaeB`\
\x82\
\x00\x00a\xda\
\x89\
PNG\x0d\x0a\x1a\x0a\x00\x00\x00\x0dIHDR\x00\
\x00\x02\x00\x00\x00\x02\x00\x08\x06\x00\x00\x00\xf4x\xd4\xfa\
\x00\x00\x00\x04sBIT\x08\x08\x08\x08|\x08d\x88\
\x00\x00\x00\x09pHYs\x00\x00\x0e\xc4\x00\x00\x0e\xc4\
\x01\x95+\x0e\x1b\x00\x00\x00\x19tEXtSof\
tware\x00www.inksca\
pe.org\x9b\xee<\x1a\x00\x00 \x00ID\
ATx\x9c\xec\xddy\x98T\xe5\x9d7\xfc\xef}\xce\
\xa9\xb5\xbb\xaa\xab\xbaz\x05\x9a}\x91\x06Q\x04\xc1\x15\
\xc4\x15pI\xccB\xd6\xd9\x9e\xcc\x98L\xc2\x12'\xef\
\xcc\xfbL\x5cRaq\x92g\xde\x89\x0aIf4O\
f\x92L\x9c$\x18\x13\x8d\xa1\x015\xaeI\x8c\x8a\xbb\
\xe0\x02(\x9b4\xdd@\xef]]]\xcb\xb9\xdf?Z\
\x0c*Bm\xa7\xeesN}?\xd75\xd7\x5c\x17\xe9\
:\xe7+t\xd5\xf9\xd5\xbd\xfcn\x80\x88\x88\x88\x88\x88\
\x88\x88\x88\x88\x88\x88\x88\x88\x88\x88\x88\x88\x88\x88\x88\x88\
\x88\x88\x88\x88\x88\x88\x88\x88\x88\x88\x88\x88\x88\x88\x88\x88\
\x88\x88\xcaG\xa8\x0e@D\xa7v\xdd\xb7\x1e\xac\x09\xa4\
3M\x10\xa8\x97@=\xa4\x88\x08\xc8\x08\xa4\x88\x002\
b\x0a\x11\x11R\x86 \x10\x12@@\x02~H\x84\xa0\
\xc1\x80D\xf4}\x97\xab\x01\xa0\xbd\xef\xcf\xb2\x00\xfa\xde\
\xf3'\x02\xdd0\x91\x81@?\x80!\x00IH\xf4K\
!\xfa5){\x00\xd1\x03!{\xe4;\xff_\x00\x87\
!q\xd8\xcc\xca\xf6\x0d\xf1\xa5} \x22[c\x01@\
\xa4\xd0uwl\xf3\x04\xdb\x0f\x8f\xcej\xa2\x05\x9a9\
\x16\x12c 0F\x98b\x1c\x04\x1a%\xd0,\x80z\
\x00~\xd5Y\xf3\x94\x94\xc0a\x01\xb4C\xa2Cjr\
/$\x0e@\xe0\x80\x06\xb17\x03s\x7f\xba\xbe\xf1\xe0\
\x9d_\x9c\x9bV\x1d\x94\xa8R\xb1\x00 \xb2\xd8uw\
l\xf3\x04;\x0fM6\x851\x15\x90\x93\x84\x14\x93\xa5\
0'\x03b\x12$\xc6\x01\xd0UgT$\x03\x81}\
\x90\xd8% vK!w\x09\x89]\x02\xd9\x9d\x89\x86\
\xa6],\x0e\x88\xac\xc5\x02\x80\xa8D\xe2\xf1G\x8c^\
mxZ\x16\x98!\x80\x19R\xc8VH\xb4B`\x0a\
\x00\x8f\xea|\x0e\x93\x96\xc0\x1b\x02\xd8\x01`\x87\x10\xd8\
\xae\x99bG\x8d\xe9{=\x1e_\x94Q\x1d\x8e\xc8\x0d\
X\x00\x10\x15\xe0\xba;\xb6y\xaa:\x8eL5a\xce\
\x01\xc4\x1c\x08\xcc\x91\xc0l\x00A\xd5\xd9\x5c.\x0d\x89\
\x9d\x10x\x16\x10\xcf\x0a!\x9f\x1d\xcad\x9e\xbb3~\
uBu0\x22\xa7a\x01@\x94\x83\xe5\xf1\x07F\xe9\
F\xf6|\x98\xb8\xe0\x9d\x87\xfd\x5c\x00>\xd5\xb9\x08\x00\
\x90\x81\xc4\x1b\x10x\x16\x12\xbf\xd7!\xfePc\xfe\xe9\
\xd5x<n\xaa\x0eFdg,\x00\x88\xde'\x1e\xdf\
\xe8\xed6B\xf3\x00\xb1@Jy!\x80\xf9\xc0\x07V\
\xd2\x93\xbdu\x09)\x9e\x92B>aJ\xf9x\x9d9\
\xf0L<\xbe,\xa5:\x14\x91\x9d\xb0\x00\xa0\x8a\xb7b\
}\x9bOtk\xe7A\x93\x0b%\xb0P\x8c<\xf0\x03\
\xaasQI%\x04\xf0'\x09<\xae\x01\x8fek\xe4\
\x93\x1bV.\x1dV\x1d\x8aH%\x16\x00T\x91\xae\x8f\
\xffvbV\xd3/\x85\xc0\xa5\x00\xae\x00\x10V\x9d\x89\
\xca*\x01\xe0\x8f\x12\xf2!!\xf5\x87\xd6\xdft\xf9s\
\x10B\xaa\x0eETN,\x00\xa8\x22\x5c\xf7\xad\x07k\
\xfc\xa9\xec\x15\x10\xf2*@^\x0e\x88F\xd5\x99\xc8V\
\xda\x01< \x046\x99\x19\xb9\x95\x8d\x8c\xa8\x12\xb0\x00\
 \xd7Z\xbef\xeb\x04M\x9a\x97A\xc8\xab\x01q9\
\x00\xaf\xeaL\xe4\x08Y\x01\xfc\xc9\x84\xbc_\x87\xf9\x9b\
\xdbn\xba\xeaU\xd5\x81\x88\xac\xc0\x02\x80\x5ce\xc5\xea\
\xb6\xd9\x1a\xc4\xc7$\xf01\x08\xb4\xaa\xceC\xce'\x81\
\xed\x9a\x14\xf7\x98\xc0\xaf6\xdc\xbc\xf8E\xd5y\x88J\
\x85\x05\x009\x9b\x94b\xc5\xba\xcd\xf35)>&\x05\
>\x0e\x89\x89\xaa#\x91{I\x81]\x9a\x14\xf7\x98\x02\
\xbf\xdap\xc3\x15\xcfp\xdd\x009\x19\x0b\x00r\xa4\x15\
\xb7\xb4\xb5\x8a\xacX&\x05>'$&\xab\xceC\x95\
H\xee\x13R\xdckB\xfeh\xc3\xcdK\x9fW\x9d\x86\
(_,\x00\xc81\xbe\xb2v\xd38\x03\xdag \xf1\
Y\x09\x9c\xae:\x0f\xd1q^\x94\xc0]\x1e\xa1\xfd\xfc\
;7^\xb1_u\x18\xa2\x5c\xb0\x00 [\x8b\xc77\
z\x8f\x1a\xd5W\x08)\xfe\x02\xc0\xc7P\xb9\x07\xe7\x90\
3\x98\x00\x1e\x16\x02w\x0e\xd5\xd7\xdf\xcb\x03\x8d\xc8\xce\
X\x00\x90-\xad\x5c\xf3\xc0\x14\x01\xf3\x0b\x80\xfc\x1b\x09\
4\xa8\xceC\x94?\xd9!\xa4\xf8\x85\x06q\xe7\xad7\
/\xde\xae:\x0d\xd1\xfb\xb1\x00 \xdbX\xb1\xbe\xcd\xa7\
\xf5\x89k\xa4\xc4u\x00.\x01\x7f?\xc9=\x9e\x85\xc4\
\x9dI3\xf3S\x1e\x5cDv\xc1\x0fXRn\xf9-\
[O\xd3\xb3\xf2\xaf%\xe4\x17\x00\xd4\xa9\xceCd\x1d\
\xd1\x03!7JS|\x9f[\x0aI5\x16\x00\xa4D\
<\xfe\x88\xd1\xa5\x0d\x7f\x0cB\xae\x02p\x9e\xea<D\
\xe5&\x80?@\xe0\xf6\x83S\xfb\x7fu\xf7\xb2eY\
\xd5y\xa8\xf2\xb0\x00\xa0\xb2\xfar\xfc\x91jCK~\
\x16\xc0\xd7 0Uu\x1e\x22\xe5\x04\xf6H)\xffc\
\xd8\xe3\xf9\x8f;\xff\xf7e\xbd\xaa\xe3P\xe5`\x01@\
e\xb1j\xddC\x8d\xd2L\xff=\x80\x15\x00jU\xe7\
!\xb2\xa1>!\xf1#\xd3\x94\xff\xba!\xbe\xf4\x80\xea\
0\xe4~,\x00\xc8R\xab\xd6m\x9e%%\xbe\x02\x89\
\xbf\x04\xe0W\x9d\x87\xc8\x01R\x00~aJ\xf3_\xbf\
{\xf3\x95/\xab\x0eC\xee\xc5\x02\x80,\xb1j\xed\xe6\
\x0b\xa4\x94\xff/ \xae\x04\x7f\xcf\x88\x0a\x22\x80?\x98\
B~{\xc3\x0dK~\xcb\xb6\xc3Tj\xfc`\xa6\xd2\
\x91R\xacZ\xb7\xf5c\x90\xf2\x1b\xec\xd4GTJ\xe2\
\x05\x0d\xe67o\xbbq\xc9},\x04\xa8TX\x00P\
I\xacX\xb3\xe5R\x01\xf9-\x00sTg!r+\
\x01\xbc\x0c\x815\xb7\xdf\xb0\xf8\x97,\x04\xa8X,\x00\
\xa8(\xef<\xf8\xd7\x01\x98\xa7:\x0bQ\x05\xf9\x93\x14\
\xf2\x96\x0d7.\xbd_u\x10r.\x16\x00T\x90\xe5\
\xab\xdb\xce\xd74\xb1\x06\x12\x8bTg!\xaa`\x7f4\
!o\xfa\xeeMK\x1fV\x1d\x84\x9c\x87\x05\x00\xe5e\
\xc5\xda\xb6s\x84\xc4\x0d\x80\xb8Ju\x16\x22\x1a!\x80\
?\x98R\xde\xb0\xe1\xe6\xa5\x8f\xa9\xceB\xce\xc1\x02\x80\
r\xf2\xd5u[\xce\x92Y\xac\x95B.Q\x9d\x85\x88\
NLHl2!n`\x9ba\xca\x05\x0b\x00:\xa9\
\xaf\xdc\xf2P\xcc\xc8\xa4o\x96\x02_\x01\x8f\xe2%r\
\x02\x13\xc0]B\xf3\xfc\xe3\xed7\x5c\xda\xa1:\x0c\xd9\
\x17\x0b\x00:\xa1\xeb\xee\xd8\xe6\xf1w\x1e\xf9\xb2\x80\xfc\
\xa6\x04jT\xe7!\xa2\xbc\x0d\x00\xf87Y#\xffe\
\xc3\xca\xa5\xc3\xaa\xc3\x90\xfd\xb0\x00\xa0\x0fX\xb1\xb6\xed\
j!\xc5\xad\x00&\xa9\xceBD\xc5\x91\x02\xbb4\xe0\
\xeb\xb7\xdf\xb8\xe4n\xd5Y\xc8^X\x00\xd0\xbb\x96\xdf\
\xb2\xf54=#\xbf\xc3y~\x22\xf7\x11\xc0\xc3\xd0p\
\xfd\xed7,yIu\x16\xb2\x07\x16\x00\x84\xeb\xe3[\
jMM~C\x0a|\x19\x80\xa1:\x0f\x11Y&\x03\
\x81\xff\x94\x9a\xbcq\xc3\xd7\x97\x1eV\x1d\x86\xd4b\x01\
P\xc1>\xb9q\xa3\xde\xfczx9\x808 #\xaa\
\xf3\x10Q\xd9t\x01\xe2\xe6\xda\xec\x9f\xfe=\x1e\x8f\x9b\
\xaa\xc3\x90\x1a,\x00*\xd4\xf2\xd5\x9bN\xd7\x84\xfe\x03\
@\xceW\x9d\x85\x88\x94y^\xd3\xc4\xdf\xdev\xc3\xe2\
\xe7T\x07\xa1\xf2c\x01Pa\xae\xbbc\x9b\xc7\xd7\xd9\
\xf9\x0f\x02b5\x00\xaf\xea<D\xa4\x5cZ@|\xc7\
\xac1\xbf\xc1\xdd\x02\x95\x85\x05@\x05Y\xbe\xba\xed|\
Mh?\x00\xe4t\xd5Y\x88\xc8^\xa4\xc0.\x91\x15\
\xd7\xad\xff\xc6\xe2GTg\xa1\xf2`\x01P\x01\xae\xfb\
\xd6\x835\x81Tf\xb5\x14X\x0e@S\x9d\x87\x88l\
KB\xe0\x072#\xffqC|i\x9f\xea0d-\
\x16\x00.\xb7j\xcd\xd6\xabL\x98\xdf\x17@\x8b\xea,\
D\xe4\x18\xed\x12X\xbe\xe1\xa6%\xbfR\x1d\x84\xac\xc3\
\x02\xc0\xa5V\xad{\xa8Q\x9a\xe9\x7f\x05\xf0\x17\xaa\xb3\
\x10\x91S\xc9\xdf\xea\x22\xfb\xa5[o\xbc\xfam\xd5I\
\xa8\xf4X\x00\xb8\xd0\xca\xb5\x9b\xaf\x85\xc4\x0f\x00\xc4T\
g!\x22\xc7;\x02!\xfev\xfd\x8d\x8b\xefS\x1d\x84\
J\x8b\x05\x80\x8b\x5c\xff\x9d\x8d\x01s \xf4-)\xb0\
Ru\x16\x22r\x9d\xff\xced\xfd_\xfe~|\xd1\x80\
\xea T\x1a,\x00\x5cb\xf9\xdaMs5S\xbb\x0b\
\x02SUg!\x22\xd7z\x1dR\xfb\xdc\xfa\x9b\xafx\
Vu\x10*\x1e\x0b\x00\xa7\x93R\xac\x5c\xbbu% \
\xff\x0f\xb8\xaf\x9f\x88\xac\x97\x01\xb0\xae}Z\xff\x9a\xbb\
\x97-\xcb\xaa\x0eC\x85c\x01\xe0`\xab\xe2\x0f\x8e\x95\
z\xe6'\x00\x16\xaa\xceBj\x05\xfd\x06j\xc2>D\
B>D\xc2~T\x07=\x08\xfa=\x08\x04\x0c\x04\xfd\
\x1e\x04}\x06t]\x83\xcf\xa7\x03\x00\x0c]\x83\xc7\x18\
\xd9\x11\x9a\xce\x98\xc8dG\xba\xc1\x0e\x0fg\x91\xc9f\
\x91Hf0\x94\xcc 1\x94F\x22\x99A\xff`\x0a\
=}\xc3\xe8\xedO\xa2\xa7?\x85\xe4pF\xd9\x7f+\
\xd9\x84\xc0#2#\xffrC|\xe9\x01\xd5Q\xa80\
,\x00\x1cj\xc5\x9a\xb6O\x08\x88;\x00\xd4\xaa\xceB\
\xe5S\x15\xf4\xa01\x16Dc]\x15\x1aj\x83h\xaa\
\xabB\xb4\xc6\x0f\x9fW/k\x8e\xe4p\x06Gz\x86\
\xd0y$\x81\x8e\xa3\x09\x1c\xeeJ\xa0\xe3\xc8 \x12I\
\x16\x06\x95D\x00\xbd\x90\xe2\xcb\xb7\xdf\xbc\xf8\x7fTg\
\xa1\xfc\xb1\x00p\x98\x15\xf1\xb6\xb0\xd0\xc5w\xc1\xed}\
\xae\xa7\x09\x81X4\x80\xb1\xa3B\x18\xdb\x1cFKs\
\x18\xd1\xb0Ou\xac\x93\x1aH\xa4\xb0\xef`?\xf6\xb5\
\xf7\xa1\xbds\x10ow\x0e \x9b\xe5Y3n'\x04\
~\x94\xce\xf8Wp\x81\xa0\xb3\xb0\x00p\x90Uk6\
O\x93\x12\xbf\x82@\xab\xea,d\x8dX$\x80\xc9\xe3\
\x22\x98<.\x8aq\xa3\xc2\xef\x0e\xd3;U2\x95\xc5\
[\xfb{\xb0{\x7f\x0fv\xef\xedAO?[\xcd\xbb\
\x96\xc4\x1b:\xc4\xc7n\xbdy\xf1v\xd5Q(7,\
\x00\x1cb\xe5\xda-\x1f\x11R\xfeX\x025\xaa\xb3P\
\xe9hB`\xec\xe8\x10Z'\xd5a\xf2\xd8\x08\xa25\
~\xd5\x91,u\xa4g\x08o\xbc\xd5\x85\x1d\xbb\x8e\xe2\
`\xc7\x00\xa4\xea@Tj\xfd\x12\xf2\x7fm\xb8i\xe9\
/U\x07\xa1Sc\x01`s\x9f\xdc\xb8Q\x1f\xf5z\
x\x9d\x84\xfc'\xf0\xdf\xcb\x15\x84\x10\x18\xdb\x1c\xc2\x8c\
\xc9u\x98>\xb9\x16\xd5\xc1\xca\xdc\xbc\xd1\xd3?\x8cW\
w\x1f\xc5\x8e\x9dGq\xa0\xa3_u\x1c*\x1d)$\
6DM\xff\xd7\xe2\xf1E\x5c\x14bc|\xa0\xd8\xd8\
\xd7\xe2\xf7\xd7\xa5u\xe3g\x00.U\x9d\x85\x8a\x17\xae\
\xf6bvk#fOoDM\xa82\x1f\xfa\x1f\xe6\
H\xcf\x10^\xd8\xd1\x89\x17^\xeb\xc4`\x22\xad:\x0e\
\x95\xc6cB\xf3|\xea\xf6\x1b.\xedP\x1d\x84N\x8c\
\x05\x80M}u\xdd\x96\xb3L)\xef\x81\xc4x\xd5Y\
\xa8p\x9a\x10\x982\xa1\x16g\xcdh\xc0\xe4\xb1\x11h\
\x82o\xb9\x93\xc9\x9a\x12\xbb\xf6ta\xdb+\x1d\xd8\xbd\
\xaf\x87S\x04\xcew@H\xf3\x13\xb7\xdf|\xe5S\xaa\
\x83\xd0\x07\xf1\xd3\xc8\x86V\xadn\xfbK)\xc4\x7f\x00\
\x08\xa8\xceB\x85\xf1z4\x9c>\xad\x1e\xe7\x9e9\x0a\
\xb1\x08\xff\x19\x0b\xd1\xdd\x93\xc4S/\xb7\xe3\xb9\xed\x1d\
Hg\xb8\x93\xc0\xc1\x86\x05\xe4\x8a\xdboZ\xfa\x03\xd5\
A\xe8\xbdX\x00\xd8\xc8\x8a\xf5m>\xf4j\x1b\x04\xe4\
\xdf\xa9\xceB\x85\x09Uy1oV3\xe6\xcel\x84\
\xdfg\xa8\x8e\xe3\x0a\x89\xa14\xb6m\xef\xc0S/\x1c\
d\x9f\x01g\xfbo\xbd\xaa\xff\x8b\xb7\xfe\xc3\xb2!\xd5\
Ah\x04\x0b\x00\x9b\x189\xbe7s\x1f \xe7\xab\xce\
B\xf9\x0b\x06<8\xf7\xccQ8\xe7\xcc&\x18zy\
\x9b\xf2T\x8at\xc6\xc4s;:\xf0\xc4\xb6\x03\x5c'\
\xe0P\x12x\x12\xba\xfc\xc8\x86\xaf/=\xac:\x0b\xb1\
\x00\xb0\x85\xeb\xe3[&gu\xb3\x0d\x10STg\xa1\
\xfc\x04\x03\x1e\x9c7{\x14\xe6\xcdjv\xfc\x9e}\xa7\
H\xa5\xb3x\xea\xc5v<\xf9\xfcA\x0c\xb1%\xb1\x13\
\xbde\xea\xda\xd2\xef~\xfd\x8a\xd7T\x07\xa9t,\x00\
\x14[\xbe\xba\xed|M\x88{\x01\xd4\xa9\xceB\xb93\
t\x0d\xf3\xcfh\xc6\x85s\xc7\x94\xbd\x0d/\x8dH$\
3x\xf4\xe9}x\xee\x95\x0edM.\x17t\x98n\
)\xe5\xb5\x1bn^\xfa\x98\xea \x95\x8c\x05\x80B+\
WoY\x06!\x7f\x0c\xc0\xdd\xdd_\x5cf\xda\xf8Z\
\x5c~\xe1x\xd4\xba\xbci\x8fS\x1c\xed\x19\xc2\xc3\x7f\
\xda\x87\x1d\xbb\x8e\xaa\x8eB\xf9I\x09\x89/\xdc~\xf3\
\x92\x9f\xaa\x0eR\xa9X\x00(\xb2r\xcd\x96U\x80\xbc\
\x15\xfc7p\x8cX4\x80+\x17L\xc4\x84\x166c\
\xb4\xa3]\xfbz\xd0\xf6\xe8nt\xf7\xb1\xdd\xb0\x83H\
\x00\xab\xd7\xdf\xb4$\xae:H%\xe2\xc3\xa7\xcc\xe2\xf1\
G\x8c.#\xf9=H\x5c\xa7:\x0b\xe5F\xd3\x04\xce\
>\xbd\x09\x97\x9c;\x8e\xf3\xfc6\x97\xc9f\xf1\x87g\
\x0f\xe2\x89m\x078-\xe0 B\xe0GC\xf5\xf5\xd7\
\xdd\xf9\xc5\xb9\x5c\xddYF,\x00\xca\xe8\x9f\xbe}_\
(\x99\xf2n\x04\xb0Xu\x16\xca\xcd\xa8\xc6j\x5cs\
\xf1d4\xc6\x82\xaa\xa3P\x1e\xda\x0f\x0f\xe27\x0f\xef\
\xc2\xa1\xc3\x83\xaa\xa3P\xae\x04~\x974\x8c\x8f\xdf\xf9\
\xbf/\xebU\x1d\xa5R\xb0\x00(\x93\xaf\xac\xdd4N\
7\xb56\x9e\xe4\xe7\x0c\x9a&\xb0p^\x0b.\x983\
\x9a\xdd\xfb\x1c*kJ<\xf6\xf4~\xfc\xe1\xd9\xb7a\
J\x8e\x068\x81\x00^\xd6\x85v\xe5wn\xbcb\xbf\
\xea,\x95\x80\x9fle\xb0j\xcd\xe6i\x12x\x08\xc0\
\x18\xd5Y\xe8\xd4\x22a\x1f\xae\xbdl\x0a\xc66\x87U\
G\xa1\x12x\xfbP?\xeeyh'\xba{\x92\xaa\xa3\
PN\xe4\xbe\xac./\xfb\xde\xd7\xaf|Cu\x12\xb7\
c\x01`\xb1\xebWo\x99\x91\x15\xf2A\x00\xcd\xaa\xb3\
\xd0\xa9\xcdnm\xc4\xe2\x0b'\xc0\xeb\xe1\x5c\xbf\x9b\xa4\
\xd2Ylz\xec-\xbc\xf4Z\xa7\xea(\x94\x13\xd9!\
4q\xf9\xed7,yIu\x127c\x01`\xa1\x95\
\xab\xb7\xce\x810\xb7\x02\x88\xa9\xceB'g\xe8\x1a\x96\
.\x9c\x80\xd9\xad\x8d\xaa\xa3\x90\x85^z\xfd0\xee\x7f\
\xf8Md\xb2Y\xd5Q\xe8\xd4\xba\x854\x97\xf0 !\
\xeb\xb0\x00\xb0\xc8\x8a\xd5[.\x14B\xfe\x16\x00\xc7\x91\
m.\x5c\xed\xc5\xb2%\xa7atc\xb5\xea(T\x06\
\x87\x0e\x0fb\xe3\xe6\xd7\xb8]\xd0\x19\x06`\x8ak\xd6\
\x7fc\xf1#\xaa\x83\xb8\x11\x0b\x00\x0b\xac\xfc\xe6\x96E\
\xd0\xe4o\x00\xf0\x89bs\x13\xc7\xd6\xe0\xe3\x97OC\
\xd0\xcf\x83{*Ib(\x8d_>\xf0\x06\xde\xda\xcf\
\x05\xe7\x0e\x90\x90\x90\xd7n\xb8i\xe9\x03\xaa\x83\xb8\x0d\
\x0b\x80\x12[\xb5f\xebU\x12\xe6\xdd`w?\xdb\x9b\
\xdd\xda\x88+/\x9a\x08]\xe3\xdb\xa0\x12\x99\xa6\xc4\x96\
\xc7\xdf\xc23\xaf\x1cR\x1d\x85N-\x05\x81O\xaf\xbf\
q\xc9\xafU\x07q\x1361/\xa1\x95\xab7\x7f\x1a\
B\xfe\x1c\x80Ou\x16\xfap\x02\xc0E\xf3Zp\xc5\
\x05\xe3\xb9\xc5\xaf\x82\x09!0e|\x14\x01\xbf\x81\xdd\
\xfb8\x12`s:\x80O\x9c\xb3\xe8s{\x9ez\xe4\
\xae\x17U\x87q\x0b~\xfa\x95\xc8\xaa\xd5\x9b?/\x05\
\xfe\x0b\x00\xc7\x92m\xcc\xd05|\xf4\xd2)\x981\x85\
\xeb2\xe9\xcf\xb6\xef<\x82{\x1f\xda\x85L\xd6T\x1d\
\x85N.+\x80/\xde~\xd3\x92\x1f\xaa\x0e\xe2\x06,\
\x00J`\xd5\x9a\xcd_\x90\xc0\x0f\xc0\xbfO[\xf3\x18\
\x1a>}\xe5tLd/\x7f:\x81=o\xf7\xe2g\
\xbf}\x0d\xa94w\x08\xd8\x9c\x04\xc4\x17\xd6\xdf\xb4\xf8\
\xbfT\x07q:>\xb0\x8a\xb4bM\xdb'\x04\xc4\xcf\
\xc1\xe9\x14[\xf3\xfb\x0c|\xf6\xea\xe9hi\x0a\xa9\x8e\
B6v\xb0c\x00?\xbd\x7f\x07\x86\x92\x19\xd5Q\xe8\
\xe4\xb2R\xe0/6\xdc\xb8\xe4g\xaa\x838\x19\x0b\x80\
\x22\xac\x5c\xbb\xe5#\x90\xf2n\x00\x1e\xd5Y\xe8\xc3\x05\
\xfc\x06>wu+\xb7\xf9QN\xda\x0f\x0f\xe2\xae\xdf\
\xec\xc0\xe0\x10\xcf\xa5\xb1\xb9\xb4\x14\xf2\xe3\x1bn\x5cz\
\xbf\xea N\xc5\x02\xa0@+\xd6l\xb9T@\xde\x0f\
\xae\xf6\xb7\xb5`\xc0\x83\xbf\xbav\x06\x1ajy\x98\x0f\
\xe5\xae\xb3+\x81\x1f\xffz;\x12,\x02\xec.e\x9a\
\xf2\xa3\xdf\xfd\xc6\xd2\xcd\xaa\x838\x11\xfb\x9d\x16`\xe5\
\xda\xad\xe7\x09\xc8{\xc1\x87\xbf\xad\xf9\xbd:>\x7fu\
+\x1f\xfe\x94\xb7\x86\xda \xfe\xe2#3\x10\xf0qM\
\xaf\xcdy5M\xfcr\xd5\xdaM\x0bT\x07q\x22\x16\
\x00yZ\xb1v\xcb<Hs\x0b\x80*\xd5Y\xe8\xc3\
y\x0c\x0d\x9f\xbej:\x9a\x1b\xf8\xcfD\x85i\xaa\x0b\
\xe2\xb3\xd7L\xe7\xb9\x10\xf6\x17\x94R\xbb\x7f\xf9\xdaM\
sU\x07q\x1a\xfef\xe7a\xf9\xeaM\xa7\x0b)\xdb\
\x00p%\x99\x8d\x19\xba\x86\xcf^\xd5\x8aq\xa3\xd8\x85\
\x99\x8a3\xa61\x84O-\x9d\x0eC\xe7G\xa5\xcd\x85\
5\xa9?\xf8\xd5u\x9b\xceT\x1d\xc4I\xf8[\x9d\xa3\
\x95k\x1e\x98\xa2\x09\xed\x01\xf0`\x1f[\x13\x00\xae\xbe\
d\x12\xc6\x8f\xe1\xc3\x9fJcbK\x0d\xae\xbdl\x0a\
\x04\x9bF\xd9\x9c\x8cHS\xdb\xba\xfc\x96\xad\xa7\xa9N\
\xe2\x14,\x00r\xf0\xd5\xf8\xe6\xf1@\xf6\x11\x00M\xaa\
\xb3\xd0\xc9]r\xde8\xcc\x9aZ\xaf:\x06\xb9L\xeb\
\xe4\x18.>g\xac\xea\x18t\x0a\x12h\xd0\xb2\xd9\xad\
\xff\xb0vk\x8b\xea,N\xc0\x02\xe0\x14V\xc4\xdb\xc2\
R\xc7o\x00\x8cV\x9d\x85N\xee\xac\x19\x8d8\xff,\
\xfe3\x915.\x983\x1asg\xf2\xb8h\xfb\x13c\
\xd3\xd2\xdc\xfc\xd5\xf8\xaf#\xaa\x93\xd8\x1d\x0b\x80\x93\xb8\
\xee\x8em\x1e\xa1\x8b{$p\xba\xea,tr\x13\xc7\
\xd6\xe0\xca\x85\x13U\xc7 \x97[\xbc`\x22&\xb0\x93\
\xa4\xed\x09`\x86i\xf8\x7f\x15\x8fo\xf4\xaa\xcebg\
,\x00>\x8c\x94\xc2\xdfy\xf8\x07\x00.U\x1d\x85N\
\xae&\xe4\xc5\xc7/\x9b\x0a\x8d\xa7\xfa\x91\xc5tM\xe0\
\x93WLC4\xcc\xf3\xbelObQ\x97\x11\xfew\
\xd51\xec\x8c\xedk?\xc4J\xe3\x9co\x00\xf8\xaa\xea\
\x1ctr\x86\xae\xe1\xf3\xd7\xb4\xa26\x12P\x1d\x85*\
\x84\xc7\xd00nt\x0d^|\xf5\x08L)U\xc7\xa1\
\x93\x9b=\xff\xe2\xcf\xa7\x9ez\xe4\xae\xdf\xab\x0ebG\
,\x00N`\xe4X_l\x00;%\xda\xdeU\x8b&\
b\xea\xf8Z\xd51\xa8\xc2T\x07\xbd\x08\x06<\xd8\xb9\
\xa7[u\x14:\xb5\x8b\xcfY\xf4\xf9\xddO=r\xd7\
K\xaa\x83\xd8\x0d\xa7\x00\xdeg\xd5\xdaM\x0b \xf0#\
\xf0\xe1o{\xb3[\x1b1\xbb\x95\x8b\xb2H\x8d\xb93\
\x1b1k\x1aw\x9c8\x80\x90\x02?\x5c\xf9\xcd-\x8b\
T\x07\xb1\x1b\x16\x00\xc7Y~\xcb\xd6\xd3\xa4\xd4\xee\x05\
\xc0\x09>\x9b\xab\xad\xf1c\xf1\x85\xe3U\xc7\xa0\x0aw\
\xe5E\x93P\x1baGp\x07\xf0B\x93\xbf\x5c\xb5f\
\xf34\xd5A\xec\x84\x05\xc0;\xbe\x16\xbf\xbfN\x98\xe6\
\xfd\x00\xa2\xaa\xb3\xd0\xc9i\x9a\xc0\xb5\x97O\x81\xd7\xc3\
\x19,R\xcb\xeb\xd1\xf0\xd1K\xa7@c\x93 '\xa8\
\x95\x02m_\x8aomP\x1d\xc4.X\x00\x00\xf8\xeb\
\xf8#\xfe\xb4\xee\xf9\xad\x90\x98\xac:\x0b\x9d\xda\xc2y\
-\x18\xd3\xc8n\xccd\x0f-M!\x9c?\x87\xfd'\
\x1cAb\xa2W7\x7f\xbdb}\x1bGy\xc1\x02\x00\
\x00\x10\xd6\x93\xdf\x05\xe4|\xd59\xe8\xd4F5V\xe3\
\x02~\xd8\x92\xcd,\x9c\xd7\x82\xa6z\x1e<\xe5\x10\xe7\
\x89>\xdc\xa6:\x84\x1dT|\x01\xb0b\xcd\xe6/\x02\
\xf8\x82\xea\x1ctj\x9a&p\xd5E\x938\xdcJ\xb6\
\xa3k\x02\x1f\xb9d\x0at\xf6\xa2p\x06)\xbe\xb4j\
\xcd\xe6\x8a\xff\xdc\xaf\xe8\x02`\xc5\xda-\xf3\x04p\xbb\
\xea\x1c\x94\x9b\xf3\xcf\x1a\x8df~\xcb\x22\x9bj\xaa\x0b\
b\xde\xacf\xd51(G\x12\xf8n\xa5\x1f!\x5c\xb1\
\x05\xc0\x97\xe2[\x1b\x84\x94\xf7\x80+\xfe\x1d!\x16\x09\
`\xc1\xdc1\xaac\x10\x9d\xd4\xa2s\xc6\x22Z\xc3]\
\x01\x0e\xe1\xd7\xa4\xb8\xe7k\xf1\xfb\xebT\x07Q\xa5\x22\
\x0b\x80On\xdc\xa8{\x8d\xecO\x01\xf0\x89\xe2\x10W\
.\x9c\x08\xc3\xa8\xc8_Wr\x10\x8f\xa1a\xc9\x82\x09\
\xaacP\xce\xc4\xd8\xb4a\xfc\xfc\x93\x1b7V\xe4\x96\
\xa2\x8a\xfcDmz\xbd\xfa\xdb\x90\xe22\xd59(7\
\xa7M\x8c\xf1\x00\x16r\x8c)\xe3\xa2\x982\x96\xbb\x89\
\x1dC\xe2\x92\xa6\xd7\xaaW\xab\x8e\xa1B\xc5\x15\x00_\
]\xd3\xf6Q\x01\xf1\x0f\xaasPnt]\xc3e\xe7\
\x8dS\x1d\x83(/\x97/\x18\xcf\x05\x81\x0e\x22\x84\xf8\
\xe7\x15k\xda>\xa1:G\xb9UT\x01\xb0j\xcd\xe6\
i&\xc4\x8f\xc16\xbf\x8eq\xee\x99\xcd\xec\xb4F\x8e\
S\x17\x09\xe0\xac\x19lS\xed B@\xfc\xe7\x8a[\
\xdaZU\x07)\xa7\x8a)\x00V\xc4\xdb\xc2\x12\xb8\x0f\
@Xu\x16\xcaM0\xe0\xc1\x05s\xb8L\x83\x9c\xe9\
\xa2y-\xf0\xfb\x0c\xd51(w!d\xc5\xc6/\xc7\
\x1f\xa9V\x1d\xa4\x5c*\xa6\x00\x10\xba\xf8\x1e\x00\xf6\x81\
v\x90\xf3f\x8f\x82\xcf[\x91ks\xc8\x05\x82\x01\x0f\
\xce9\x93\xdb\x02\x9dD\x003\x0c=Y1M\x82*\
\xa2\x00xgn\xe7\xf3\xaasP\xee\xaa\x02\x1e\x9c}\
:?<\xc9\xd9\xce9c\x14\x02~\x8e\x028\xcc\x17\
V\xadm\xfb\x94\xea\x10\xe5\xe0\xfa\x02`E\xbcm\x8c\
\x80\xb8Su\x0e\xca\xcf\x85s\xc7\xc0\xebq\xfd\xaf'\
\xb9\x9c\xcf\xab\xe3\x9c3G\xa9\x8eAy\x92R\xfb\x8f\
U\xf1\x07\xc7\xaa\xcea5W\x7f\xc2\xc6\xe3qM\x18\
\xe2'\xe0\x09\x7f\x8e\x12\xaa\xf2a\x0e\x17P\x91K\xcc\
\x9f\xd5\x8c G\x01\x1cFF\xa4\x9e\xfdo\xb7\xf7\x07\
pu\x01\xd0\xa5\xcf\xfbgH,R\x9d\x83\xf23o\
V\x13\x9b\xfe\x90k\xf8\xbc:\xe6\x9d\xc1\xe9,\xe7\x91\
\x0b\x9a^\x0f\xb9z\xcb\xb8k?eW\xae\xde:\x07\
\x107\xab\xceA\xf9\xf1zt\xcc\x9d\xc9o\xff\xe4.\
sg6\xc1\xd0]\xfde\xd2\x95\x04\xb0n\xd5\xea\xcd\
g\xab\xcea\x15W\x16\x00\xff\xcf\xbfn\xad\x820\xef\
\x02\xe0U\x9d\x85\xf2sVk#\xb7N\x91\xebT\x05\
<\x98uZ\xc5\xb6\x9cw2\x8f\xa9\xe1\x7f\xdc\xba5\
\xd0\x95\x05@*i\xde\x0en\xf9s\x1cM\x08\xcc\x9b\
\xd5\xa4:\x06\x91%\xce;s\x14;\x909\x90\x90\x98\
l\x18C\xff\xaa:\x87\x15\x5cW\x00\xac\x5c\xbb\xf9Z\
\x00\x15\x7f\xce\xb3\x13M\x99P\xcb\x93\xd4\xc8\xb5b\xd1\
\x00&\x8e\x8b\xa8\x8eA\x85\x90\xe2K+\xd7n\xf9\x88\
\xea\x18\xa5\xe6\xaa\x02\xe0\xcb\xf1MM\x90\xf8\x81\xea\x1c\
T\x9893\x1aTG \xb2\xd4\x9cV\xaeoq,\
)\x7f\xf0\xa5\xf8VW}H\xb9\xaa\x000tm\x03\
\x80\x98\xea\x1c\x94\xbfp\xb5\x17\x93\xc6\xf2\xdb\x11\xb9\xdb\
\xb4\x09\xb5\xa8\x0eri\x92C\xd5\xfbt\xd3U]\x02\
]S\x00\xacZ\xb3\xf5*\x00\x15w\x9a\x93[\x9c\xd5\
\xda\x08Mp\x86\x94\xdcM\xd3\x04N\x9f\xc6\xc5\x80N\
%\x81\xcf\xacZ\xb3\xf9\x1a\xd59J\xc5\x15\x05\xc0\xc8\
A?\xe6\xbf\xab\xceA\x85\x11B\xe0\xcc\xe9\x1c\x1a\xa5\
\xca0\xbb\xd5U\xa3\xc8\x15GBn\xf8\xa7o\xdf\x17\
R\x9d\xa3\x14\x5cQ\x00h\xba\xf8?\x00xl\x9cC\
\x8dm\x0e\xa1&\xc4aQ\xaa\x0c\xf5\xd1 F5\xb8\
rWY\x85\x10c\x93)\xef:\xd5)J\xc1\xf1\x05\
\xc0\xaa\xb5\x9b\x16H\xe0:\xd59\xa8p3\xa6pH\
\x94*K\xebd.Ur\xb8\xaf,_\xddv\xbe\xea\
\x10\xc5rt\x01\xb0b}\x9bOJ\xfd?\x00n\xaf\
u*!\x04\xa6O\xaaU\x1d\x83\xa8\xacZ'\xd7\xf1\
C\xcb\xd94\x0d\xe2\xff\xaeX\xdf\xe6S\x1d\xa4\x18\x8e\
.\x00\xd0\x83\x9b\x019]u\x0c*\xdc\xf8\xd1a\xae\
\x8a\xa6\x8a\x13\x0d\xfb\xd0\xd4P\xa5:\x06\x15C\xe04\
\xd1+\xfe\xb7\xea\x18\xc5pl\x01\xb0|\xf5\xa6\xd3\x85\
\x10\xff\xa8:\x07\x15g\xfa$\x0e\x85Rej\x9d\xc4\
\xa9/\x17\xf8\xfa\xf5\xab\xb7\xccP\x1d\xa2P\x8e,\x00\
\xe2\xf1\xb8&\x84v\x07\x00\x8f\xea,T\x1c\xee\xfd\xa7\
J5m\x02O)w\x01oV\xe0\x87N=6\xd8\
\x91\x05@\x97~\xce\x0a\x01\x9c\xab:\x07\x15'\x16\x09\
\xa0\x96\xad\x7f\xa9B\xd5\xd7\x06\x11\xae\xe6\xf4\x97\xf3\xc9\
\xf9M\xafW;r!\xba\xe3\x0a\x80\xeb\xe3[j\x01\
\xc9c~]`2\xfb\xa2S\x85\x9b4\x96\xa3\x00n\
  \xd6}\xe5\x96\x87\x1c7\x9f\xe9\xb8\x02\xc0\xd4\xe5\
-\x00\xb8l\xdc\x05&\x8f\xe3\x87\x1fU\xb6\xc9\x9c\x02\
s\x8b\xa8\x91I;\xee\x8b\xa9\xa3\x0a\x80\xebWo\x99\
!y\xd2\x9f+h\x9a\xc0\xb8Qa\xd51\x88\x94\x9a\
0\xa6\x06\x82-\xb0]A\x0a|y\xe5\xba\xad3U\
\xe7\xc8\x87\xa3\x0a\x80\xacf\xde\x0a\xc0P\x9d\x83\x8a\xd7\
T_\x05\x8f\xe1\xa8_?\xa2\x92\x0b\xf8\x0d4\xd4\x06\
U\xc7\xa0\xd20`\x9a\xb7\xaa\x0e\x91\x0f\xc7|\x02\xaf\
\x5c\xbb\xf9ZHq\x99\xea\x1cT\x1ac\x9b\xf8\xed\x9f\
\x08\x00Z\x9a\xd9\x16\xd8E.]\xb1n\xcb\x95\xaaC\
\xe4\xca\x11\x05@<\xbe\xd1\x0b)\xbf\xad:\x07\x95N\
K\xb3+\xce\xd2 *\xda\x98&\xbe\x17\x5cE\xca\xdb\
\x9c\xd2!\xd0\x11\x05\xc0Q\xbd\xfaz@LQ\x9d\x83\
J\x87\xdfz\x88F\xb0\x00p\x17!1Y\xeb\x15_\
V\x9d#\x17\xb6/\x00\xbe\x14\xdf\xda\xa0A\xfc\xb3\xea\
\x1cT:UA\x0fBU\x8e(\x90\x89,W\x1b\x09\
 \xe0\xe7\xd2&7\x91@|\xd5\xba\x87l\x7f\xc6\xb9\
\xed\x0b\x00\xaf!\xffE\x025\xaasP\xe94\xd5\xb1\
\x07:\xd11\x02@C-\xdf\x13.\x13\x962\x15W\
\x1d\xe2Tl]\x00\xacX\xdd6\x1bR\xfe\xb5\xea\x1c\
TZ\x0d1\xaez&:^C,\xa0:\x02\x95\x9a\
\x14\x7f\xb7|\xf5\xa6\xd3U\xc78\x19[\x17\x00B\x88\
[`\xf3\x8c\x94\xbfF\x16\x00D\xef\xd1\x10\xe3\x08\x80\
\x0b\xe9BhkU\x878\x19\xdb>\x5cW\xae\xddz\
\x1e\x80\xc5\xaasP\xe95\xf2\xc3\x8e\xe8=8\x02\xe0\
N\x02\xb8f\xd5\xeaM\xf3U\xe7\xf80\xb6-\x00\x84\
4\xd7\xa8\xce@\xd6\x88\xf2\x00 \xa2\xf7\xa8\x8frT\
\xcc\xad\xa4\xd0\xe2\xaa3|\x18[\x16\x00\xab\xd6n\xbe\
@\x02\x17\xab\xceA\xa5\x17\xf4\x1b\xf0y\x1dyr&\
\x91e\x02~\x03^\x0f\xdf\x17.\xb5x\xd5\xdaM\x0b\
T\x878\x11[\x16\x00R\xc2\xd6\xf3&T\xb8\x9a0\
\xb7\xff\x11\x9dH4\xcc\x911\xb7\x92\xd2\x9ek\x01l\
W\x00\xac\xfa\xe6\xe6+\x00,T\x9d\x83\xac\xc1\x0f9\
\xa2\x13\x8b\x84X\x1c\xbb\xd8\x85+\xbf\xb9e\x91\xea\x10\
\xefg\xbb\x02@j\xe2\x9b\xaa3\x90uj\xf8!G\
tB\x1c\x1ds9M\xdan\x14\xc0V\x05\xc0\x8a\xb5\
mW\x03\xd2\xb6+&\xa9x\xd5A\x8f\xea\x08D\xb6\
\x14\xaa\xf2\xaa\x8e@\xd6:\xef\x9d\x11n\xdb\xb0O\x01\
 \xa5\x10\x92\xdf\xfe\xdd.\xe8g\x01@t\x22A\xb6\
\x03v=\xa9a\x1d\xa4\x14\xaas\x1cc\x9b\x02`\xd5\
\xba\xad\x1f\x030[u\x0e\xb2V \xc0\x0f9\xa2\x13\
\x09\xf2\xbdQ\x09\xe6\xacX\xb7\xf9*\xd5!\x8e\xb1G\
\x01 \xa5\x90R\xde\xac:\x06Y\xaf\x8a#\x00D'\
\xc4\x03\x81*\x84\x14q\xd5\x11\x8e\xb1E\x01\xb0r\xed\
\xd6+\x00\xccR\x9d\x83\xac\x17\xf0\xf1C\x8e\xe8D8\
=V\x19\x04p\xd6\xcaon\xbeDu\x0e\xc0&\x05\
\x00 \xbf\xa6:\x01\x95\x87\x87\xcdN\x88N\xc8\xeba\
q\x5c)\x84\x10\xb6x\xe6)/\x00\xde9-\xc9\x16\
\xd5\x10YO\xd7m\xb3\xfe\x85\xc8V\x0c\xbe7*\x86\
\x14r\xf1\xaau\x9b\x95\x8fz+/\x004\xa1\xfd#\
F\x8e\xc4\xa6\x0a\xa0\xeb\xca\x7f\xe5\x88lIc\x01P\
I\x84\x94b\x95\xea\x10J?\x8d\xaf_{\xffh\x00\
\x9fR\x99\x81\xca\xcb\xe0\x0c\x00\xd1\x09\x19,\x8e+\x8b\
\x94\x9f\xfb\xea\xba-\xcd*#(\xfd\x8d\xcb\x9a\xfaJ\
\x00\xec~QA4\x8d\x1frD'\xc2\xe9\xb1\x8a\xe3\
\xcbf\xcd\xe5*\x03(\xfb4\xfe\xa7o\xdf\x17\x82\xd0\
\xaeSu\x7f\x22\x22\x22\x95\x84\x10\x7f\xff\xe5\xf8#\xd5\
\xaa\xee\xaf\xac\x00\x18Ny\xff\x16\x90\x11U\xf7'5\
L\xd3T\x1d\x81\xc8\x96\xb2Y\xa9:\x02\x95_\xd4\xd0\
\x87\xfeF\xd5\xcd\x95\x14\x00\x9f\xdc\xb8Q\x97\x02J\x87\
>H\x8dLVu\x02\x22{\xcadY\x1cW&q\
}<\xfe\x88\x92=\xa0J\x0a\x80QoT\x7f\x02\x12\
\x13U\xdc\x9b\xd4\xca\xf2C\x8e\xe8\x84L\x8e\x00T\xaa\
\x09G\xf5\xa1\x8f\xaa\xb8\xb1\x92\x02@J\xb1R\xc5}\
I=N\x01\x10\x9dX\x86\x05@\xc5\x12P\xb3%\xb0\
\xec\x05\xc0W\xd7\xfcv:\x80\xf3\xca}_\xb2\x87T\
\x8a\x05\x00\xd1\x89\xa43\x19\xd5\x11H\x9d\x0bV\xdc\xd2\
\xd6Z\xee\x9b\x96\xbd\x00\x90R\xffR\xb9\xefI\xf6\x91\
\x18\xe6\x87\x1c\xd1\x89\x0c\x0e\xf1\xbdQ\xc9DF|\xa1\
\xdc\xf7,k\x01\xb0b}\x9bO\x0a|\xb6\x9c\xf7$\
{\x19\x1aJ\xab\x8e@dKCI\xbe7*\x9a\xc0\
_\xadX\xdf\xe6+\xe7-\xcb;\x02\xd0\x87O\x00\xa8\
+\xeb=\xc9V\x12I~\xcb!:\x91\x04G\x00*\
]L\xebCY\x17\x03\x96\xb5\x00\x10R\xfc]9\xef\
G\xf63\xc8\x11\x00\xa2\x13\xe2\xf4\x18I\x94\xf7\x19Y\
\xb6\x02\xe0+\xb7l\x9a\x0a`A\xb9\xeeG\xf6\xc4\x02\
\x80\xe8\xc4\x06\x13|oT<\x89\x8b\xaf\x8fo\x99\x5c\
\xae\xdb\x95\xad\x000\xb2\xda\xdf\x82\xa7\xfeU\xbc\x9e\xbe\
\xa4\xea\x08D\xb6\xd4\xdd7\xac:\x02\xa9'2\x9aY\
\xb6\xce\x80e)\x00\xe2\xf1\x8d^\x00\x7fU\x8e{\x91\
\xbd\xf5\xf4\xf3C\x8e\xe8Dz\xfb\x86TG \x1b\x10\
B\xfc\xaf\xeb\xee\xd8\xe6)\xc7\xbd\xcaR\x00t\x1b\xa1\
\x8fH\xa0\xa1\x1c\xf7\x22{\xeb\xe1\xb7\x1c\xa2\x13\xe2{\
\x83\xde\xd1\xe4?|di9nT\x96\x02@Br\
\xf1\x1f\x01\x00\x86\x92\x19$S<\x10\x80\xe8xC\xc3\
|_\xd0\x9f\x09\xb3<\xcfL\xcb\x0b\x80\xaf\xac\xdd4\
\x0eR\x5cb\xf5}\xc89\xba{\xb8\x0e\x80\xe8x]\
|O\xd0q\xa4\xc0\xe2\xe5\xf1\x07FY}\x1f\xcb\x0b\
\x00\x03\xdag\xcaq\x1fr\x8e\x8e\xa3\x83\xaa#\x10\xd9\
J\xc7\x11\xbe'\xe8=tM7?i\xf5M\xac\x7f\
0Kv\xfe\xa3\xf7\xea<\x9aP\x1d\x81\xc8V\xf8\x9e\
\xa0\x0f\x92\xcb\xac\xbe\x83\xa5\x05\xc0\x8a[\xdaZ%p\
\xba\x95\xf7 \xe7\xe1\x08\x00\xd1{ut\xf1=A\x1f\
p\xeeW\xd6n\x1ag\xe5\x0d,-\x00DV|\xde\
\xca\xeb\x933u\x1c\xe1\xb7\x1d\xa2\xe3\x1d>\xca-\x80\
\xf4\x01\xc2\x90\xfa'\xac\xbc\x81u\x05\x80\x94\x02\xc0\xa7\
-\xbb>9\xd6\xe0P\x1a}\x03)\xd51\x88l\xa1\
\xb7?\xc5\x0e\x99tB\xd2\xe2i\x00\xcb\x0a\x80\x15\xeb\
6\xcf\x070\xc1\xaa\xeb\x93\xb3\xedo\xefW\x1d\x81\xc8\
\x16\xf6\xb5\xf7\xa9\x8e@\xf6u\xf6\xf25[-{\x8e\
ZV\x00\x08S|\xdc\xaak\x93\xf3\xed\xe7\x87\x1e\x11\
\x00\xbe\x17\xe8\xa4\x84&\xa4e\xbb\x01\xac\x9b\x02\x10\xb8\
\xd6\xb2k\x93\xe3\xed;\xc4\x0f=\x22\x80\x05\x00\x9d\x82\
\xb4n\x1a\xc0\x92\x02`\xc5\xea\xb6\xd9\x00&Yqm\
r\x87\x8e#\x09\xa4\xd2\xa6\xea\x18DJ\x0d\xa7\xb2\xe8\
\xe4\x02@:\xb99+\xd7<0\xc5\x8a\x0b[R\x00\
\x08\xa1q\xf8\x9fN\xca4%\xf6\x1e\xecU\x1d\x83H\
\xa9\xbdo\xf7\xc2\x94Ru\x0c\xb29!\xaci\x0ad\
\xcd\x14\x80\x94\x1c\xfe\xa7S\xda\xbd\xb7Gu\x04\x22\xa5\
v\xf1=@9\x90\x16M\x03\x94\xbc\x00X\xb1\xa6m\
\x12\x04ZK}]r\x9f\x9d\xfb\xbaUG Rj\
\xd7~\x16\x00\x94\x933V\xaci+\xf9\xb4z\xc9\x0b\
\x00!\xc4GJ}Mr\xa7\xae\x9e$\xbazy\x08\
\x0aU\xa6#=C\xe8\xe6\xef?\xe5H\x93\xda\x92\x92\
_\xb3\xd4\x17\x04p\x95\x05\xd7$\x97\xe24\x00U\xaa\
]{9\x02F\xb9\x93B^Y\xeak\x96\xb4\x00\xb8\
\xee[\x0f\xd6@\xe2\x82R^\x93\xdcm\xfb\xee#\xaa\
#\x10)\xf1\xea\xae.\xd5\x11\xc8Y\x16\xfd\xd3\xb7\xef\
\x0b\x95\xf2\x82%-\x00\xfc\xa9\xcc\x12\x00\x9eR^\x93\
\xdcm\xdf\xc1~\xf4\x0f\xb2-0U\x96\xbe\x81\x14\xf6\
\x1fb7L\xca\x8b/\x95\xf2\x5cR\xca\x0b\x96v\x0a\
@`iI\xafG\xae'\xa5\xc4\xab\xbb\x8f\xaa\x8eA\
TV\xdbw\x1d\x81\xe4\xf6?\xca\x93)DI\xa7\x01\
JW\x00\x8c\x1c\xfesi\xc9\xaeG\x15c\xfbN\x16\
\x00TY\xb6\xef\xe2\xef<\x15@bq)/W\xb2\
\x02`\xd5-[N\x07\xd0\x5c\xaa\xebQ\xe5\xd8\x7f\xa8\
\x1f=\xfd\xc3\xaac\x10\x95Ewo\x12\x079\xfcO\
\x85\x19\xb3j\xcd\xe6i\xa5\xbaX\xe9F\x00LqY\
\xc9\xaeE\x15EJ\x89\x17vt\xaa\x8eAT\x16\xcf\
\xed\xe8\x00\x07\xff\xa9P\x12\xf2\xf2R]\xabd\x05\x80\
)$\x0b\x00*\xd8\xf3\xafv\xb0%*\xb9\x9eiJ\
\xbc\xf8\xdaa\xd51\xc8\xc9d\xe9\xbel\x97\xa4\x00\x88\
\xc77z\x05\xb7\xffQ\x11\xfa\x06R\xd8\xbd\x8f=\x01\
\xc8\xddv\xed\xed\xe6\xae\x17*\x8e\xc0E\xd7\xdd\xb1\xad\
$\xbb\xedJR\x00t\x89\xf0\xf9\x00\xaaJq-\xaa\
\x5c\xcf\xbe\xd2\xa1:\x02\x91\xa5\x9e\xdb\xce\xa9.*Z\
\xc8\xd7q\xe4\x9cR\x5c\xa84S\x00\x9a\x5cX\x92\xeb\
PE\xdb\xb9\xa7\x9b\xad\x81\xc9\xb5\xba\xfb\x86\xb1\x93\xdd\
\xff\xa8\x14J\xf4\xcc-I\x01 \x01\x16\x00T4S\
J<\xfdb\xbb\xea\x18D\x96x\xf2\xf9\xb7\xb9\xce\x85\
JBH\x5cX\x8a\xeb\x14]\x00\xc4\xe3\x1b\xbd\x02\x98\
W\x8a\xbe\x18\x1e\xd9\x00\x00 \x00IDAT0D\
\xcf\xed\xe8@\x22\x99Q\x1d\x83\xa8\xa4\x86\x92\x19\xbc\xf0\
*\x87\xff\xa9d\xce+\xc5:\x80\xa2\x0b\x80n#4\
\x0f@\xb0\xd8\xeb\x10\x01@:c\xe2\xb9\x1d\x5c\x0b@\
\xee\xf2\xf4\xcb\xedHgL\xd51\xc8=\xaa\x03\x1d\x1d\
g\x15{\x91\xa2\x0b\x00)9\xffO\xa5\xf5\xd4\x0b\xed\
\xc8d\xb3\xaac\x10\x95D:c\xe2\x99\x97\x0f\xa9\x8e\
A.c\x0amA\xb1\xd7(\xc1\x1a\x00\xc1\xed\x7fT\
R\x03\x89\x14\xb6\xbd\xccQ\x00r\x87\xa7_j\xc7`\
\x22\xad:\x06\xb9L)\xd6\x01\x14W\x00\x8c\xf4\xff\x9f\
_l\x08\xa2\xf7{\xe2\xd9\xb7\x91Js\x14\x80\x9c-\
\x956\xf1\xe4\x0b\x07U\xc7 7\x128\xef\x9dgp\
\xc1\x8a*\x00\x96\xff\xcb\x03\xd3\x00D\x8b\xb9\x06\xd1\x89\
$\x86\xd2x\xfa%\x0e\x9b\x92\xb3\xfd\xe9\x85\x83\xfc\xf6\
OV\x89]\xff\xcd\xad\x93\x8a\xb9@Q\x05\x80\xc8\x98\
%iF@t\x22O>\xff6\x92)\x8e\x02\x903\
\x0d\x0dg\xf8\xed\x9f,ej\xb2\xa8gpq\x05\x80\
&9\xfcO\x96I$3x\xfc\x99\xfd\xaac\x10\x15\
\xe4\xb1\xa7\xf6#9\xcc-\xadd\x1d\xb3\xc8gp\x91\
k\x00\x04\x0b\x00\xb2\xd4\xd3/\x1d\xc2\xd1\x9e!\xd51\
\x88\xf2r\xa4g\x08\xdb^\xe1\x14\x16YK\x93B\xcd\
\x08\xc0\xf5\xdf\xd9\x18\x00pz17':\x95l\xd6\
\xc4\x83\xbf\xdf\xab:\x06Q^\x1ex|\x0f\xb2&\xbb\
\xfe\x91\xb5$p\xc6_\xc7\x1f\xf1\x17\xfa\xfa\x82\x0b\x00\
s\xa0j\x16\x00\xa3\xd0\xd7\x13\xe5\xea\xf5=]xs\
_\xaf\xea\x18D9\xd9\xb9\xb7\x1b;\xf7\xb1\xe7?\x95\
\x85'\xac\xa5f\x14\xfa\xe2\x82\x0b\x00\x09}v\xa1\xaf\
%\xca\xd7\xa6\xc7w\xb39\x10\xd9^:cb\xcb\xe3\
o\xa9\x8eA\x15E\x16\xfc,.|\x0d\x80V\xf8M\
\x89\xf2\xd5\xd5\x93\xc4cO\x1fP\x1d\x83\xe8\xa4\x1ey\
j\x1fO\xb4\xa4\xf2*\xe2Y\x5cx\x01 \xc1\x02\x80\
\xca\xea\x8f\xcf\x1f\xc4\xa1\xc3\x83\xaac\x10\x9d\xd0\xa1#\
\x09\x9efIe'\x8bx\x16\x17T\x00\xc4\xe3\x8f\x18\
\xe0\x02@*3\xd3\x94\xb8\xff\x91\xdd<R\x95l\xc7\
4%~\xf3\xbb\x9d\x5c\xf8Ge'\x803>\xb9q\
\xa3^\xc8k\x0b*\x00z\xb5\xe1i\x00\x0a^yH\
T\xa8\x83\x9d\x03xb\x1b\xa7\x02\xc8^\x1e{f?\
\xda9:Ej\x04G\xbd\x1e\x9a\x5c\xc8\x0b\x0b*\x00\
L\xcd\x9cY\xc8\xeb\x88J\xe1\xf1g\x0e\xe0\xc0\xa1~\
\xd51\x88\x00\x00\xfb\xda\xfb\xf0\xfbmo\xab\x8eA\x15\
\xcc\x04\x0a\xda\x09P\xd8\x1a\x00Sk-\xe8uD%\
`\x9a\x12\xbfzp'\x86\xd9&\x98\x14K\xa6\xb2\xf8\
\xf5\x83;9-EJ\x09\x88\xf2\x15\x00RH\x16\x00\
\xa4Two\x12\x9b\xb9\xdd\x8a\x14k{t7z\xfa\
\x86U\xc7\xa0\x8aW\xd83\xb9\xc0]\x00\x85U\x1bD\
\xa5\xf4\xe2k\x9dxn{\x87\xea\x18T\xa1\x9ey\xe5\
\x10^~\xe3\x88\xea\x18D\x00P\x9e\x02\xe0\xba;\xb6\
y\x00Y\xd0\x82\x03\xa2R\xdb\xfc\xf8[8\xd81\xa0\
:\x06U\x98\xb7\x0f\xf5\xe3\x81'\xf6\xa8\x8eAt\xcc\
\xb4wv\xe7\xe5%\xef\x02\xc0w\xb4s\x0a\x00O\xbe\
\xaf#\xb2B&k\xe2\x17\x9b_\xc3\xe0\x10\xcf\x5c\xa7\
\xf2\x18L\xa4\xb1q\xcb\xeb\xc8dM\xd5Q\x88\x8e\xf1\
u\xeb\xc9I\xf9\xbe(\xef\x02@\x98\xda\x94|_C\
d\xa5\xbe\x81\x14\xeey\xe0\x0d\x98\xdc\x83M\x16\xcb\x9a\
\x12wo}\x1d}\x03)\xd5Q\x88\xde\xc3\xd4D\xde\
#\xf3\xf9\x17\x00\x12\x1c\xfe'\xdbyk\x7f/~\xfb\
\xe8\x9b\xaac\x90\xcbmy\xfcM\xec}\xbbOu\x0c\
\xa2\x0f\x10f\xfe\xcf\xe6B\x16\x01\xe6=\xcc@T\x0e\
\xcf\xef\xe8\xc0\xef\x9f\xe5~l\xb2\xc6c\xcf\xec\xc7\xb6\
W\xb8\xe8\x94\xecJZ?\x05 \x85\xc9\x11\x00\xb2\xad\
\x87\x9f\xdc\x8b\x97^?\xac:\x06\xb9\xcc\xf6\x9dG\xf0\
\xd8S\xfbU\xc7 :\x19\xeb\x0b\x00\xc8\xfc\xe7\x19\x88\
\xcaE\x02\xb8\xff\xe1\xddxk\x7f\xaf\xea(\xe4\x12o\
\xee\xeb\xc5\xbd\x0f\xed\x02W\x98\x90\xad\x150=\x9fW\
\x010\xb2\x05\x10c\xf3\xbd\x09Q9e\xb2&~\xb6\
\xe9U\xec=\xc8\x22\x80\x8as\xe0P?~\xb1\xf9U\
\xae\xf8'\xfb\x13\x98\x90\xef\xa1@y\x15\x00\xde\xce\xa3\
c\x00\x14t\xea\x10Q9\xa53&~\xf6\xdb\xd7p\
\xb0\x93=\x02\xa80\x87\x8e\x0c\xe2\x7f\xee\x7f\x15\xa94\
\x1f\xfe\xe4\x08\x9e\xa6\x1d\xd5\xcd\xf9\xbc \xaf\x02@\x17\
\x99\x96\xfc\xf2\x10\xa93\x9c\xca\xe2\xae\xfb_EgW\
Bu\x14r\x98\x8e\xa3\x83\xf8\xef{\xb7ch8\xa3\
:\x0aQ\xce\x84\xa1\xe75B\x9fW\x01`B\xb0\x00\
 GI\x0c\xa5\xf1\xa3{^\xc1\xdb<=\x90rt\
\xe8\xf0 ~r\xef\x0e$\x92|\xf8\x93\xb3\x08d\xf3\
zF\xe7U\x00h,\x00\xc8\x81\x86\x863\xf8\xe9o\
v`_;\xf7o\xd3\xc9\xedk\xef\xc3\x8f\x7f\xfd\x0a\
\x12\xec,I\x0edJa\xdd\x08\x80\x04X\x00\x90#\
%SY\xfc\xf4\xbe\x1d\xd8\xbd\xafGu\x14\xb2\xa9=\
\x07\xfap\xd7ov \xc9c\xa6\xc9\xa1D\x9e\xcf\xe8\
\xfc\x0a\x00\x891\xf9\xc5!\xb2\x8ft\xc6\xc4\xcf6\xbd\
\xc6>\x01\xf4\x01;v\x1d\xc5]\xf7\xef\xe0\x82?r\
4\x99\xe7(}\x9eS\x00\x18\x95_\x1c\x22{\xc9f\
M\xdc\xfb\xe0N<\xf64\x9b\xba\xd0\x88\xa7^j\xc7\
/y\xb8\x0f\xb9\x80\x00\xf2\xda\x05\x90\xd7\xf1\x81&\xd0\
(\xf2\xcbCd;\x12\xc0\xa3O\xefGO\xff0\xae\
Z4\x09\xba\xc6\xdf\xeaJd\x9a\x12\x9b\x1f\x7f\x93\xed\
}\xc9=\x84l\xcc\xe7\xc7\xf3*\x00\x04P\x9f_\x1a\
\x22\xfbz\xe1\xd5N\xf4\xf6\x0f\xe3\xe3WLEU\x80\
'\x5cW\x92\xc1D\x1awo}\x9d\x07\xfb\x90\xbbH\
\xe4U\x00\xe4\xfc\xd5\xe7\xab\xf1_GL\xdd\xdf\x9d\x7f\
\x22\x22{\x0bU\xf9\xb0l\xe9T\x8ci\x0c\xa9\x8eB\
e\xd0\xde9\x88\x8d\x9b_CO\xff\xb0\xea(D%\
\x97\xc9\xfaC\xdf\x8f/\xca\xa9\x03Z\xcek\x00\xa4\xee\
\xcf\xab\xb2 r\x8a\xfe\xc1a\xfc\xf8W\xdb\xf1\xd4K\
\xed\xaa\xa3\x90\xc5\x9e}\xa5\x03?\xbc\xe7e>\xfc\xc9\
\xb5t}(\xe7gu\xeeS\x00\xc2l\x84,\xe4\xf4\
`\x22\xfb\xcbdMly\xfc-\x1c\xec\x18\xc0\xd2\x85\
\x13\xe1\xf3\xb2\xe3\xb5\x9b$SY\xb4=\xba\x1b/\xbf\
qDu\x14\x22K\xe9R4\x00\xd8\x9d\xcb\xcf\xe6\x5c\
\x00Hh\xb1\x82\x13\x119\xc4K\xaf\x1f\xc6\xbe\x83}\
\xf8\xe8eS0nTXu\x1c*\x81\x03\x1d\xfd\xf8\
\xf5\x03;\xd1\xd5\x9bT\x1d\x85\xc8rYM\xd6\xe5\xfa\
\xb3\xb9O\x01\x982ZX\x1c\x22g\xe9\xe9\x1f\xc6O\
\xee\xdd\x8eG\x9f\xde\x0f\xd3\xe4!\xb0Ne\x9a\x12\x8f\
<\xb5\x0f\xff\xf5\xcbW\xf8\xf0\xa7\x8a!\xa0Er\xfd\
\xd9\x9cG\x00\x84&\x22<\x10\x9b*\x85iJ<\xf6\
\xf4~\xbc\xb6\xfb(\xae\xb9x2F5V\xab\x8eD\
y8t$\x81\xfb\x1f\xde\xc5\xd3 \xa9\xe2H\xe4\xfe\
e=\xf7\x02\xc0\x145R\xb0\x02\xa0\xca\xd2q4\x81\
\x1f\xde\xf32\xce>\xbd\x09\x17\x9f3\x0e^\x0f\xd7\xc1\
\xd8Y&\x9b\xc5cO\x1f\xc0\x1f\x9f?\xc8\xd1\x1b\xaa\
P\xb2\xf4#\x00\xf9\x5c\x94\xc8MLS\xe2\xa9\x17\xdb\
\xb1sO7\x96,\x9c\x88\xc9c\xf9V\xb0\xa3\x9d{\
\xbb\xb1\xf9\xf1\xb7\xd0\xcd\xe1~\xaa`B\x8a\xd2\x17\x00\
R\x80k\x00\xa8\xa2u\xf5&q\xd7ov`bK\
\x0d\x16_8\x01\xf5\xb5A\xd5\x91\x08\xc0\xd1\x9e!<\
\xf0\xfb=xc\x0f\xdb\x94\x10Y3\x02 \x11\xce\xbd\
m\x10\x91{\xbd\xb9\xbf\x17w\xfc\xfcE\xcc\x9b\xd5\x8c\
\x05g\x8f\x81\xdf\x97WCM*\x91\xa1\xe1\x0c\x1e{\
z?\xb6\xbd|\x08Y\x0e\xf7\x13\x8d\xb0b\x04\x00\x9a\
\x0cB\xb2\x02 \x02\x80\xac)\xf1\xe4\x0b\x07\xf1\xec\xf6\
\x0e\xcc\x9b\xd5\x84\xf3\xe7\x8c\x81\x9f\xbd\x03\xca\x22\x956\
\xf1\xf4K\xed\xf8\xe3soch8\xa3:\x0e\x91\xbd\
\x08\x04r\xfd\xd1\xdc\x17\x01J\x11d\x8dM\xf4^\xa9\
t\x16\xbf\x7f\xf6m<\xb7\xbd\x03\xe7\xce\x1e\x8d\xf9g\
4\xc3cp\xa1\xa0\x15\xd2\x19\x13\xcf\xed\xe8\xc0\x13\xdb\
\x0e`0\x91V\x1d\x87\xc8\xa6D\xces\x93y4\x02\
\x02'<\x89>D\x22\x99\xc1\xef\x9e\xdc\x8b?\xbdx\
\x10\xf3g5c\xee\xcc&\x04\xfc\x9c\x1a(\x85D2\
\x83m\xaf\x1c\xc2\xd3/\xb5\xf3\xc1Ot\x0a\x02\xb2\xf4\
\x05\x00X\x00\x10\x9d\xd2`\x22\x8d\x87\xff\xb4\x0f\x8f?\
s\x00\xadS\xea\xb0`\xceh\xc4\xa29\x8f\xc8\xd1q\
\xba\xfb\x86\xf1\xd4\x8b\x07\xf1\xdc\xf6\x0e\xa43\xa6\xea8\
D\x8e e\xee\xcf\xea|\xb6\x01\x06\xf28<\x90\xa8\
\xa2e\xb2&^z\xad\x13\xaf\xbc~\x18S\xc6E1\
{f\x03\xa6\x8c\x8bB\x13|\x0f\x9d\x8ciJ\xec\xda\
\xdb\x8d\xe7\xb6wb\xe7\xden\x98\x92\x13\x8fDy\xb1\
b\x0d\x00 \xf85\x86(O\xa6\x94x}O\x17^\
\xdf\xd3\x85P\x95\x0f\xb3\xa7\xd7\xe3\xcc\xd6FD\xc3>\
\xd5\xd1l\xa5\xbb7\x89\xe7_\xed\xc4\x0b\xafv\xa2\x7f\
0\xa5:\x0e\x91\x83Y0\x05 \x00/kq\xa2\xc2\
\xf5\x0f\x0e\xe3\xf1m\x07\xf0\xf8\xb6\x03\xa8\xaf\x0db\xc6\
\xe4\x18fM\xabG\xb4\xc6\xaf:\x9a\x12\xfd\x83\xc3\xd8\
\xb1\xbb\x0b;v\x1e\xc5\xfe\xf6>v\x1a'*\x09\xe1\
\xc9\xf5'\xf3Y\x04\xc8=ND%r\xb8+\x81G\
\x9fN\xe0\xb1g\x0e`ls\x08\xd3'\xc50y\x5c\
\x04\xb1\x88\xbb\x07\xda\x8ev\x0fa\xe7\xden\xbc\xba\xbb\
\x0b\xfb\x0f\xf5Cr\x88\x9f\xa8\xa4D\x1e\xcf\xea|\x16\
\x01\xb2\x00 *1)%\xf6\x1e\xec\xc3\xde\x83}\xc0\
\x13@\xb4\xc6\x8f\xc9c#\x98<.\x8a\xf1\xa3\xc3\xf0\
z\x9c\xfd\xb6\x1bNe\xb1\xe7`/v\xef\xe9\xc1\xae\
}\xdd\xe8\xee\x1bV\x1d\x89\xc8\xd5\xf2\xf9\xb2\xce\x02\x80\
\xc8F\xba{\x93x\xe6\xe5Cx\xe6\xe5C\xd0\x84@\
C,\x88\x96Q!\xb44\x871\xae9\x8cp\xb5W\
u\xc4\x93\xea\x1bHao{\x1f\xf6\xb7\xf7a\xff\xc1\
>t\x1e\x1d\xe2B>\xa2\xf2\xca\xf9\xb9\xce\x02\x80\xc8\
\xa6L)q\xe8\xc8 \x0e\x1d\x19\xc43/\x1d\x02\x00\
\x04\x03\x1e4\xd6\x05\xd1X[\x85\x86X\x00\x8duU\
\x88\xd6\xf8\x11(s;\xe2\xa1\xe1\x0c\xba{\x92\xe88\
:\x88\x8e\xa3\x09t\x1eM\xa0\xe3h\x02\x89!\xee\xd3\
'R\xcc\x92\x11\x00\xb67#R,1\x94\xc6[\xfb\
{\xf1\xd6\xfe\xde\xf7\xfc\xb9\xdfg \x12\xf2!\x12\xf6\
#\x12\xf2\xa1\xba\xca\x83\xa0\xdf@0\xe0A\xc0o \
\xe87\xa0k\x1a|>\x03B\x00\xba\xa6\xbd{\xb4q\
*m\x22k\x9a\x90\x12\x18\x1e\xce k\x9aH$3\
\x18Jf\x90\x18J#\x91\xcc``0\x8d\x9e\xfea\
\xf4\xf4%\xd1\xd3\x97D2\x95U\xf1\x9fOD\xa7f\
I\x01@De\xe6\xf7\x19\x08\x04\x0c\x04}\x06\x82>\
\x0f\xaa\x02\x06\xaa\x83\x06\x82A\x03\x1eC \xe0\xd3\xe1\
\xd1%\x0c]\x83\xc7\x00\x84\x90\xd0\x05\xa0\x09\x01\x09\x13\
\xc00\x84\x18F&)\x91\x01\x90\x1c0G\xdayH\
\xf9\xee\x02<!\x04 \x04 \x01\xa1\x8d\x14\x05>!\
\xe0\xf5\x035~@@\x87)5d\xa5\x0fR\xd6 \
\x9d\x19\xe9s\x90\xce\x0a\x0c\x0dg\x91\xceH$\x12\x19\
\x0c$2\x18\x1c\xca 1\x9c~\xb7x`\xa1@d\
_\xf9\x14\x00&8\x0d@T4]\xd7P\x150P\
S=\xf2M=\x5c\xe5Cu\xb5\x17\xe1*/BA\
\x0f\xaa\x02\x1a|\x1e\x01M\x9303\x19d\xb2\x19d\
\xb3Yd3\x99\xe3V\xcd\xcbw\xfe\xef}\x1d\xf2$\
 %p\xd2\xc7\xee\xfb\xa6\xe4\xa5|\xe7E\x00d\xf6\
\xc3;\xee\x1d\x1b\x02\xd4\x0d\xbc\xfb\xc9\x11}w\xc7\xb1\
\x0e@\x87\x10~\xe8\x86\x01]\xd7a\xe8\x064\xc3@\
6+\x90\xcaH\x0c\x0e\x99\xe8\x1fL\xa1/\x91F\xff\
@\x0a\xfd\x83\xc3\xe8\x1fL\xa3o`\x18\x83\x894O\
\xf4#*\x8d\x9c\xab\xee|\x0a\x80,X\x00\x10\xe5$\
\xe03\x10\xa9\xf1!\x1a\xf6\xa3\xb6\xc6\x8fH\xc8\x8fh\
\x8d\x1f\xd1\xb0\x0f5!/\xb2\xd9\x0c\xd2\xe94\xb2\x99\
42\x99\x0c2\x99\x0c\xb2\x99a\x98\xe6\x102I \
\x93T\xfd_P\x18)%2\xe942\xe94\xde\xbf\
\xde\xdf'\x80@XCs\xad\x01\xc3\x08\xc10\xa2\xd0\
\x0d\x0f\xbc^/t\xdd@2\x95EO\xef0\xba\xfb\
\x92\xe8\xeaM\xa2\xa7?\x89\xee\xde$\xba\xfb\x86\xd1\xd3\
7\xcc-\x83D\xb9\xb1\xac\x00 \xa2w\xe8\xba\x86X\
\x8d\x1fu\xb5\x01\xd4\xd7\x06Q\x1f\x0d\xa2\xae\xd6\x8fX\
\xc4\x0fC\x1f\xa9\x95\xa5\x94H\xa7SH\xa7\xd2\xc8d\
\xd2H\x0f\xf7\xa2c U\xb1\x0f3\xd34a\xa6R\
H\xa7\xde\xdb\xedO\x08\x01]7\xe0\xf7z1\xae\xc9\
\x8bIc\xaa\xe0\xf1z\xa1\xbd3%\x91\xc9fq\xb4\
g\x18G\xba\x86p\xb8+\x81\xc3\xdd\x09\x1c\xee\x1aB\
W\xcf\x10G\x0e\x88\xde+\xe73\xb2Y\x00\x10\xe5 \
\x12\xf6\xa1\xb9\xbe\x0aM\xf5\xd5\xa8\x8f\x06\xd0P\x1bD\
\xb4\xc6\x0fM\xfbso\xffc\x0f\xfbdb\x10\xa9T\
\x0a\x99t\x0a\x99\x0c\xcf\xab\xcf\x85\x94\x12\x99\xccH\x91\
4\x94\x18|\xf7\xcf\x0d\xc3\x80\xe1\xf1\xc0\xeb\xf5!\x1a\
\xf2\xa1\xa1\xb6\x16B\xc4\xde\xfd\xdf\xb3\xa6Dw_\x12\
\x87\x8f\x8e\x14\x06\xed\x87\x07q\xe8\xf0\x00z\xfa\xd9o\
\x80*\x93\xb0b\x04@\x00Y\xd6\xd9T\x09BU^\
\x8c\xaa\xafFsC\x15\x9a\x1b\xaa1\xba\xa1\x1aU\xc1\
\x0fv\xd7\x94R\x22\x95\x1a\xc6pr\x18\xe9\xd40R\
\xa9a\x98&O\xad+\xa5c\xd3#\xc9\xa1!\x00#\
#\x05\x1e\x8f\x17>\xbf\x0f\x1e\xaf\x0f^\xaf\x0fu\x91\
\x00\xea\x22\x01L\x9fT\xfb\xee\xeb\x92\xa9,:\x8f\x0e\
\xa2\xfd\xf0 \x0ev\x0e\xa2\xbds\x00G\xba\x87*v\
\xe4\x85*\xc7\xa9\x96\x00\x1d/\x9fV\xc0<\xa1\x83\x5c\
\xc7\xeb\xd11\xa6\xb9\x1a-Ma\xb44\x850\xa6)\
\x04\x9f\xf7\xc4K]\xa4\x94\x18\x1eN\x225<\x8c\xd4\
\xf00\xd2\xe9\xca\x1d\xcaW\xe5X\xd1\x95J\x8d|\xc3\
?V\x10x}>x}>\xf8|~\x08!\xe0\xf7\
\xea\x18\xdb\x1c\xc6\xd8\xe6\xf0\xbb\xafM\xa6\xb28p\xa8\
\x1f\x07\xda\xfb\xb1\xffP\x1f\x0e\x1c\x1a@*\xcd\x81M\
r\x1b\x99s3\x8e|\x8e\x03\x1e\xe2q\xc0\xe4t\x91\
\xb0\x0fc\x9b\xc3\x18\xd34\xd2]\xaf!\x168\xe9\x11\
\xbd\x99L\x06\xc3\xc9$\x86\x93C\x18\x1eN\xf2\x81o\
3\xef)\x08\xfa\x8f\x1f!\x08 \x10\x0c\xc00\xfe<\
r\xe3\xf7\xea#m\x96\xc7F\x00\x8c4Z\xea<\x9a\
\xc0\xfe\xf6\x91\xa2`_{\x1f\xa7\x0e\xc8\x05D\x22\xd7\
\x9f\xcc\xbd\x00\x90\x22\xc1\xe7?9MU\xd0\x83q\xa3\
\xc2\x988&\x82\xb1\xa3C\xa8\x8f\x9e\xfc\xa4\xccc\xab\
\xd8\x93\xc9!$\x93C\x1fX\xacF\xf6v|A\xd0\
\xdf\xd7\x03\xc30\xe0\xf3\x07\xe0\xf7\x07\xe0\xf5\xf9Fz\
\x1e\xbcC\x13\x02MuUh\xaa\xab\xc2\xd9\xa77\x01\
\x00\x06\x12)\xec;\xd8\x8f7\x0f\xf4`\xe7\x9en\xf4\
\x0d\xf0\xdf\x9f\x9cE\x02\x16\x14\x00\x02C\x05\xa5!*\
#\x9fW\xc7\xf8\xd15\x98\xd0R\x83\x89cjPW\
\x1b<e\xdd*\xa5\xc4\xd0Pb\xe4[~2\xc9y\
|\x17\xc9d2\xc8\x0c\xf4cp\xa0\x1f\x9a\xa6\xc1\xe7\
\xf3\xc3\x17\x08 \x10\x08\xbe\xa7\x188\xa6:\xe8E\xeb\
\xe4\x18Z'\xc7 \x01t\x1e\x1d\xc4\x9e\x03}#\xdd\
\x17\xdf\xee\xe5\x94\x01\xd9\x9e\x86\xdc\x9f\xd5\xf9,\x02L\
p\xf0\x93\xec(Z\xe3\xc7\xc4\x96\x1aL\x1d_\x8bI\
-5\xd0\xf5Sw\xad>6\x9f?\x94H 9\x94\
\xe0\xd0~\x050M\x13CC\x09\x0c\x0d%\xd0\x83.\
\xf8\xfd~\x04\x82A\xf8?\xa4\x18\x10\x00\x1acUh\
\x8cUa\xfe\x19\xcd0\xa5\xc4\x81C\xfd\xd8\xb9\xa7\x1b\
\xaf\xbf\xd9\x8d\xc3\xdd9\x7f\xd1\x22*\x1bi\xc5\x14\x80\
\x142\x01\xc99\x00RO\x13\x02c\x9aB\x982>\
\x8aI-\x1147T\xe5\xfc\xdaTj\x18C\x89\x04\
\x86\x12\x83\xfc\xa6_\xd1\xe4\xbb\xd3<\x9a\xd6\xfd\xce\x9a\
\x81\xe0\xbb\x8b\x08OD\x13\xe2\xdd\x85\x85\x97\x9c;\x0e\
\xdd\xbdI\xbc\xb9\xbf\x17;\xf7tc\xd7\xfe\x1edO\
\xd2E\x91\xa8|\xa4\x05\x05\x80\xd4\x06\xc5\xfb{\x88\x12\
\x95\x89\xa1k\x98\xd4\x12A\xeb\x94\x18\xa6\x8e\x8f\xc2\x9f\
\xc7\xe9w#{\xcbG\x1e\xfa\xdc\x97O\xefg\x9a&\
\x86\x12\x83\x18J\x0c\x8e4#\x0a\x8c\x14\x03^\xaf\xef\
\xa4\xaf\x8b\xd6\xf81\xa7\xc6\x8f93\x1b14\x9c\xc1\
\x1boua\xc7\xae\xa3xs\x7f/2,\x06H\x11\
a\xc5\x1a\x00\x01\xd9{\xea\x9f\x22*\x9d\xf7<\xf4'\
\xd4\xc2\xff!\xdb\xf3N\xe4\xd8\x87\xfa\xe0\xc0\x002\x19\
\x1eQK\xb9\xc9f3\x18|g\xcd\x80axP\x1d\
\x0a!\x10\xac\xfa\xd0Q\x81c\x02>\x03g\x9c\xd6\x80\
3Nk@2\x95\xc5\x9b\xfbz\xf0\xfa\x9en\xbc\xba\
\xeb\x08\xd2\x19\x16\x03T>R\x88\x9e\x5c\x7f6\x9fm\
\x80=\xdc\x06HV\xd3\x84\xc0\xa4\xb1\x11\xcc\x9cV\x87\
i\xe3k?tO\xfe\x87\xc9d\xd2\x18\x1c\x18@b\
p\x80\xf3\xfaT\x94L&\x8d\x9e\xee.\xf4tw#\
\x10\x0c\xa2:\x14\x86\xc7\xf3\xc1\x86P\xef\xe7\xf7\xea\xef\
.$\x5c\xb2`\x02\xdex\xab\x0b/\xbf~\x18o\xee\
\xef\x85\xc9\xdfI\xb2\x9a)\xad(\x00r\xaf*\x88\xf2\
U\x1f\x0db\xc6\x94\x18\xce\x98\xde\x80H\xe8\xe4C\xaf\
\xef'\xa5Drh\x08\x89\xc4\x00\x86\x93\x0e=E\x87\
lL\xbe;E\xe0\xf1z\x11\x0cV#Xu\xeaQ\
\x01`\xa4\x18\x985\xad\x1e\xb3\xa6\xd5c \x91\xc2\xf6\
]G\xf1\xe2\xab\x9dh?<x\xca\xd7\x12\x15\xc4\x8a\
\x11\x00\x01\xf4\xb2v\xa5R\x0a\xf8\x0c\xb4N\x89a\xd6\
\xb4\xfa\xf7tl\xcbU&\x93Abp\xe4\xdb>\x17\
\xf4Q9\xa4S)\xf4\xa6\xba\xd0\xdf\xd7\x83`U5\
\x82U\xd50\x8c\xdc>F\xab\x83^\xcc\x9f\xd5\x8c\xf9\
\xb3\x9aq\xb8;\x81\x97^;\x8c\xe7_\xed\xc4`\x82\
STTJf\xe9\x0b\x00\x09\xd1\xf3\x81\x83\xc4\x89\xf2\
$\x00\x8c\x1fS\x83\xb93\x9b0mb-t\xad\xf0\
i\xa5L&\x8d\x81\xfe\xbe\xd2\x85#\xca\x91i\x9a\x18\
\xe8\xef\x83\xd7\xeb\xcd\xb9\x008^}4\x88K\xce\x1d\
\x87\x8b\xe6\xb5\xe0\xb57\xbb\xb1m{;\xf6\x1e\xe8\xe3\
',\x15MH\xd1\x9d\xeb\xcf\xe6\xfc\x9b\xab\xc1\xec6\
\xb9\x06\x80\x0a\xe4\xf7\xea\x981\xb5\x0e\xf3f5\xa3\xa1\
\xf6\xe4\xdd\xf8r\xbe\xa6?\x80P\xb8\x06\xfd}\x5c\x9f\
J\xe5\x17\x0a\xd7\xc0\x1f(\xeewY\xd75\xcc\x98\x12\
\xc3\x8c)1\x1c\xed\x19\xc2\x0b\xafv\xe2\xb9\xed\x1dH\
$\xb9[\x85\x0acj\xb9/\xd8\xcf\xa3\x0f\x808\xc2\
\xf2\x94\xf25\xaa\xb1\x1ag\xcfl\xc2\xcc\xa91\x18z\
~\x0b\xfar\x11\x0a\xd7 \x9dJ!\x99d\xa3J*\
\x1f\x9f\xdf\x8f\xeaP\xfe\xd3V'\x13\x8b\x04p\xc9\xb9\
\xe3\xb0\xe0\xec\x16\xbc\xf2\xc6a<\xf3\xca!\xb4wr\
\xad\x00\xe5\xedp\xae?\x98s\x01\x90\xd1\xccN={\
\xea\x0ekDB\x08L\x1d\x17\xc5\xbc3\x9a1\xb1\xa5\
\xc6\xf2\xfbEjc8\xd2y\x88{\xfc\xa9,t]\
G\xb4\xb6.\xa7E\x80\x85\xf0\x18\x1af\xb76bv\
k#\xf6\xb5\xf7\xe1\xa9\x17\xdb\xf1\xda\xee.\xee \xa0\
\x9cH\xa9w\xe4\xfa\xb39\x17\x00i\xcd\xdb\xa1g\xf9\
\x01K\x1f\xce\xd05\xb4N\xa9\xc3\x05sF\x9d\xf2\xd0\
\x9dR\xd24\x0d\xd1X=\x8et\x1e\xe2\xd6?\xb2\x98\
@m\xac\x1e\x9aV\x9e/C\xc7:\x0fv\xf7$\xf1\
\xd4\xcb\xedx\xf6\x95Nd\xb2<\x8f\x80>\x9c\xdf\x8f\
\xce\x5c\x7f6\xaf\x12v\xe5\x9a\xcdC\x00\xfcy'\x22\
W\x0b\xfa\x0d\xcc=\xbd\x09\xf3NoFU\xf0\xd4\xfb\
\xa4\xad\x92H\x0c\xa2\xa7\xeb\xa8\xb2\xfb\x93\xfbE\xa2\xb5\
\x08VU+\xbb\xff`\x22\x8d\xa7^j\xc7\xb6W\x0e\
a\x88\xeb\x04\xe8\x83\x06\xd7\xdf\xb4$\xe7_\xd0<\x97\
\xaf\xcaN@\x8c\xcd7\x11\xb9S\xc0o\x8clk:\
\xa39\xaf\xd6\xbcV\x09\x06\xab\x90\x1e\x1e\xc6\xe0\xe0\x80\
\xea(\xe4BU\xefl\xfbS\x9a!\xe8\xc1\xc5\xe7\x8c\
\xc5\x05s\xc6\xe0\xe9\x97\xda\xf1\xc7\xe7\xdff!@\x7f\
&\x90\xf3\xf0?\x90w\x01 :\x00\xb0\x00\xa8pv\
{\xf0\x1f/\x1c\x89\x22\x9dN#\x95\x1aV\x1d\x85\x5c\
\xc4\xe3\xf5\x22\x1c\x89\xaa\x8e\xf1.\xafG\xc3\x05sF\
c\xde\xacf\x16\x02\xf4g2\xf7\xe1\x7f \xcf\x02@\
\x02\xed\xdc\x08X\xb9\xec\xfc\xe0?F\x08\x81\xda\xba:\
t\x1e:\x04\xd3\xe4\x5c)\x15O\xd3u\xd4\xc6\xea-\
[\xf4W\x0c\x16\x02t<\x09q(\x9f\x9f\xcf\xebS\
\x5c\x00\xfb\xf3\x8bCn\xa0\xeb\x1a\xe6\xcel\xc4E\xf3\
Zl\xfb\xe0?\x9e\xa6\xe9\xa8\x8d\xd5\xe1\xe8\x91N.\
\x0a\xa4\xa2\x08!\x10\x8d\xc6\xa0[\xb0\x85\xb5\x94\x8e/\
\x04\x9e|\xfem\xfc\xfe\xd9\x83\x5c,X\x81\x04\xcc\xbd\
\xf9\xfc|\x9e#\x00r\xbf`3\xa0\x8a!\x00L\x9f\
\x1c\xc3\xa5\xe7\x8dG4\x9c_\x7f~\xd5\xbc>\x1fB\
\xe1\x1a\xf4\xf5\xf2\x08\x0b*\x5c(\x5c\x03\x9f\xdf9\xeb\
\x9e\xbd\x1e\x0d\x0b\xe7\xb5`vk#\x1e\xdf\xb6\x1f\xcf\
o\xef\xe4\xf6\xc1\x0a\x22\xa0\xe5\xf5%=\xaf\x02@\x93\
\xda~)\xf8\xcbT\x09&\x8c\xa9\xc1\xe5\xe7\x8fGS\
}\x95\xea(\x05\xab\x0e\x85\x91N\xa70\x94\xc8\xf9x\
l\xa2w\xf9\x03\xc1\x927\xfb)\x97p\xb5\x17W]\
4\x09\xf3g5\xe3\xc1?\xec\xc5\xce\xbd9w\x87%\
\x07\x932\xbfQ\xfa\xbc\x0a\x00\x13\xd8\xcf\xef\xff\xeeV\
[\xe3\xc7\x15\x0b&`\xea8\xfb,x*F$\x1a\
C:\x95F&\xc3\x03W(w\x86\xc7\x83hmL\
u\x8c\xa2\xd5\xd7\x06\xf1\xd9\xab\xa7\xe3\x8d=\xdd\xd8\xfa\
\xc4[\xe8\xea\xe5i\x99n&5s_>?\x9f_\
\x01\xa0e\xf7\xe9\x92\xdd\x00\xdd\xc8\xd0u\x5c0g\x14\
\xce?k4\x0c\xc3=\xff\xc6B\x08\xd4\xc6\xeap\x98\
M\x82(G\xc7~g\xec\xb8\xe8\xafPS\xc7G1\
\xa9\xa5\x06O\xbe\xd0\x8e\xc7\x9e\xde\x8fL\x96\xa7g\xba\
\x91\x81\xacu#\x00\xe9\xfa\xc6\x83z\xe7\xe1L\xbe\xaf\
#{\x9b\xd0R\x83\xa5\x0b'\xa2.\x12P\x1d\xc5\x12\
\xc7\xbe\xcdu\x1d=\xa2:\x0a9@$\x1a\x83a\xa8\
khe\x15]\x1fY(\xd8:9\x86-\x8f\xbf\xc5\
i\x01\xf7I\x1d\x98:\x94\xd7.\x80\xbcK\xdc\x95k\
7\xef\x86\xc4\xc4|_G\xf6\x13\x09\xf9\xb0x\xc1\x04\
L\x9bP\xab:JY\xf4\xf5\xf6\xf0\xf8`:\xa9\xea\
P\x18\xe1\x9a\x88\xea\x18e\xf1\xda\x9bG\xb1\xf9\xf1\xb7\
\xd07\x90R\x1d\x85JA\xe2\x8d\xf57/\x99\x96\xcf\
K\xf2\xff&/\xb1\x0b`\x01\xe0d\x02\xc0Y3\x1b\
q\xf9\xf9\xe3\xe1\xf5\xd8{{S)\x85\xc25H\xa7\
S\x18Nr\x1e\x94>\xe8\xd8\xce\x91Jq\xda\xc4\x18\
&\x8c\x89\xe0\xc1?\xee\xc1s\xaft\xf0\xb0W\xa7\x13\
\xd8\x95\xefK\xf2\x9f\xec-\xe0&d\x1f\x91\x90\x0f\x9f\
\xff\xc8\x0c\x5cu\xd1\xa4\x8az\xf8\x03\xef\xec\xe9\xae\xad\
\x83ap\x06\x8b\xdeK\xd7u\xd4Zx\xc2\x9f]\xf9\
\xbc:\xae\xbah\x12>wM+jB^\xd5q\xa8\
\x08B\x96\xa3\x00\x00v\x17\xf0\x1aRL\x00\x983\xb3\
\x11\x7f\xff\xd93\xcbrD\xaf]i\x9af\xe9Q\xae\
\xe4<B\x08Dcu\xd0l\xde\xec\xc7J\x93\xc6F\
\xf0\xf7\x9f\x99\x8d93\x1b\xd9\xe9\xc5\xa1L-\xffg\
s\x01_\x85\xc4np\xb0\xc8QBU^|\xf4\x92\
)\x988\xb6r\x1f\xfc\xc7;\xd6\xd7\xbd\xb7\xbbKu\
\x14\xb2\x81pM\x14^\xaf\xb3\x1a]Y\xe1\xd8h\xc0\
\xf4\x091\xdc\xfb\xbb]\x18Hpm\x80\x93\x94e\x04\
@\x93\x997\xf2}\x0d\xa93\xb1\xa5\x06\xd7}j\x16\
\x1f\xfe\xefc\x87\x93\xddH\xbd`\xb0\x0aU\xd5\xfc=\
8\xde\xa4q\x11|\xe93g`\x8aKz\x81T\x8a\
\xacnZ_\x00$\x1a\x9av\x01`ihs\x9a&\
p\xd1\xbc\x16|\xfe\x9aVT\x079\xb7w\x22\x91H\
\x14\x1e/\xffn*\x95\xc7\xe3AM\xb42v\xc0\xe4\
\xab*\xe0\xc1g\xae\x9e\x8e\xc5\x0b&@\xd7\xdd\xd3\x17\
\xc4\xc5\x86\xebS\xc17\xf3}QA\xd3=+Wo\
\xde\x0e\x81\xd6B^K\xd6\x8b\x84|\xf8\xf8\x15S1\
\xa6)\xa4:\x8a\xede\xb3Y\x1c\xeeh\x87i\xb21\
J%\xd14\x0du\x0dM\x5c\x10\x9a\x83\x83\x9d\x03\xb8\
g\xeb\x1b\xec\x22ho/\xad\xbfi\xc9\x19\xf9\xbe\xa8\
\xb0\xd2N`{A\xaf#\xcbM\x1b_\x8b/}\xe6\
L>\xfcs\xa4\xeb:\x17\x05V\xa0Hm\x8c\x0f\xff\
\x1c\x8dj\xa8\xc6\xdf-\x9b\xc5)\x01\x1b\x13(\xec\x99\
\x5c\xe8\xd8\xce\x8e\x02_G\x16\x11\x00.\x983\x1a\x9f\
\xbar\x1a|\xde\xca]\xcd\x5c\x08\x9f\xdf\xef\xd8C_\
(\x7f\xa1p\x0d\xfc~wv\xbd\xb4\x8a\xdfg\xe03\
WO\xc7E\xf3Z\xb8K\xc0\x86LQ\xd83\xb9\xb0\
\x12X\x8a\x1d\xe0\xa9\x80\xb6a\xe8\x1a\xae\xbex\x12f\
M\xabW\x1d\xc5\xb1F\x9a\x04\xa5\x91\x1c\xe2\xc9\x81n\
\xe6\xf7\x07*\xaa\xd9O)\x09\x00\x0b\xe7\xb5\xa0.\x1a\
\xc4}\xbf\xdb\x89t\x86\xd3fvQ\xe8\x08@A\x05\
\x80\x0el\xcf\x16\xf2B*\xb9p\xb5\x17\x9fZz\x1a\
F5p%s\xb1\x22\xd1Z\x1cN\xa7\x90\xcddT\
G!\x0b\x18\x86\x81\x88\x0bN\xf8Sm\xc6\x94\x18b\
\xd1\x00~\xd1\xf6*z\xfa\x86U\xc7!\x00B\x166\
\x02P\xd0\x14\xc0\x81\xd3\xfa^\x03\xc0\xafJ\x8a\x8dj\
\xa8\xc6u\xcb\xce\xe0\xc3\xbfD4Ms\xdd)p4\
B\x88\x91\x06P\x9a\xc6\x15\xed\xa5\xd0T\x17\xc4\xdf~\
b\x16\x9a\xea\xabTG!` \x9a}jg!/\
,\xe8\xddp\xf7\xb2eY\x00\xaf\x14\xf2Z*\x8d\x09\
-5\xf8\xcb\x8f\xce@U\xd0}\xa7\x96\xa9\xe4\xf1x\
\xf9-\xd1\x85\x22Qn\xf9,\xb5\xaa\xa0\x07\x7f\xf3\xb1\
\xd31yle\x1c\x9edW\x02x1\x1e\x8f\x174\
\x1fSx9,\xe4s\x05\xbf\x96\x8a2kZ=>\
wu+\x17\xfbY$\x10\x08\xa2\xaa\x9a\xbb(\xdc\xa2\
\xaa:\x84@\x90\xdfT\xad\xe0\xf5h\xf8\xf4\x95\xa7\xe1\
\xf4\xa9u\xaa\xa3T,\x09\xbcP\xe8k\x0b/\x00L\
\xf1|\xc1\xaf\xa5\x82\xcd?\xa3\x19\x1f\xbdt2t\x8d\
\xc3\xd4V\x0a\xd7D\xe0\xf3\xf9U\xc7\xa0\x22y\xbd\xbe\
\x8a9\xdeW\x15]\xd7p\xed\xe5Sq\xfeY\xa3U\
G\xa9H\x02(\xf8Y\x5cp\x01P\xccM\xa90\x97\
\x9c;\x0e\x8b/\x9c\xc09\xea2\x189 &\x06M\
\xe3(\x8bSi\xba\x8eh,\xc6\xf7K\x19\x08\x00\x97\
\x9e7\x0e\x17\xcdoQ\x1d\xa5\xe2\x08\xad\xf0/\xe3\x05\
\x17\x00Zu\xff+\x00\xd2\x85\xbe\x9e\xf2\xb3h\xfeX\
\x5c0\x87\x15v9i\x9a\x8e\xda:.\x0at\xa2\x91\
\xa3\x9fc\xd0u6\xfb)\xa7\x85g\xb7\xe0\x92s\xc7\
\xa9\x8eQIR\xd9\x90Ypc\xbe\x82\x0b\x80[\xff\
a\xd9\x90\x04^.\xf4\xf5\x94\xbbE\xf3\xc7b\xc1\xd9\
cT\xc7\xa8H^\xaf\x8f\xfb\xc6\x1d\x88S8\xea\x5c\
0g4\x8b\x80\xf2ya\xc3\xca\xa5\x05\xef\xc5,j\
O\x8c\x10\xf8S1\xaf\xa7S\xbbh~\x0b\x1f\xfe\x8a\
U\x87\xc2\x5cD\xe6 \x5c\xc4\xa9\xde\x05sFc\xe1\
<N\x07XM\xc8\xe2\x9e\xc1\xc5\x15\x00\xa6|\xaa\x98\
\xd7\xd3\xc9]8w\x0c\x16\x9e\xcd7\x91\x1dD\xa2\xb5\
\xf0x\xb8\x8d\xcc\xee\x0c\xc3\xc3m\x9c6q\xd1\xbc\x16\
\x5c\xc0\x85\x81\x16\x13E=\x83\x8b*\x002\x86\xe4\x08\
\x80EfM\xad\xc7\xa2s\xc6\xaa\x8eA\xef\x10B\xa0\
6\xc6F2v&\x84\xe0\x9a\x0d\x9b\xb9\xf8\xbcq8\
sz\x83\xea\x18\xae\xa5\x99\x19u#\x00\xdf\xfb\xe7\xa5\
;\x01\x1c-\xe6\x1a\xf4A\x13\xc6\xd4\xe0\x9aK&\xf1\
\xd0\x0d\x9b\xd1\xd9J\xd6\xd6\xa2\xb5u0\x0c6\xc6\xb2\
\x13\x01\xe0\xaaE\x930i\x1c\xb7b\x96\x9a\x00:o\
\x8d_\xf5f1\xd7(\xee\xeb\x8c\x10RH\xf1tQ\
\xd7\xa0\xf7hn\xa8\xc2\xa7\xaf\x9c\x0e]\xe77M;\
\xf2\xfb\x03<9\xd0\x86\xaaCa\xf8\x03<\xe1\xcf\x8e\
tM`\xd9\xe2ihf\xdb\xe0\x922Q\xfc\x1a\xbc\
\xe2\x9f2\x1a~_\xf45\x08\x00\x10\x09\xf9\xf0\xd9\xab\
\xa6\xc3\xeb\xe1\xc3\xdf\xce\xb8\xc2\xdc^|~?wj\
\xd8\x9c\xd7\xa3\xe3\xb3WOGM\x88\xebhJE\x08\
\xf9D\xb1\xd7(\xfaI\x935\xcd\xc7\x8a\xbd\x06\x8d\x1c\
\xe9\xfb\xc9%\xd3P\x1d\xe4\x1b\xc4\x09\xa2\xb1:\x18\x06\
\xf7\x98\xab\xa6\xeb:\x22Q6\xfbq\x82\xea\xa0\x17\x9f\
\xber:\x0c\x9d\xcd\xb5JAB{\xbc\xd8k\x14]\
\x00\xd4\x99\x03\xcf\x80'\x03\x16m\xe9\xc2\x09<\xd5\xcf\
A4MC4V\x0f!8Z\xa3\xca\xc8\xc2\xccz\
\xe8|\xa08FS]\x15\x96,\x18\xaf:\x86\x1b\x0c\
\x0c\xd7\xd7\x15\xdd\x8d\xb7\xe8O\xafx|Y\x0a\x02\xdc\
\x0eX\x8493\x1b1\xbb\xb5Qu\x0c\xca\x93\xc7\xe3\
A$\x1aU\x1d\xa3b\xd5Dx\xc2\x9f\x13\x9d5\xa3\
\x11g\xcd\xe0\xe7]1\xa4\xc0\x1f\xee\xfc\xe2\xdc\xa2;\
\xf1\x96\xe6\xeb\x8bD\xd1C\x11\x95\xaa\xa9\xae\x0a\x8b/\
\x1c\xaf:\x06\x15(\x10\xacB\xb0\x8a#7\xe5\x16\xac\
\xe2\xdf\xbb\x93-Y0\x01\xa3\x1a\xf9\xefW(!\x8b\
\x9f\xff\x07JT\x00h\xc0\xa3\xa5\xb8N\xa5\xf1z4\
,[2\x8dsb\x0e\xc7o\xa2\xe5\xe5\xf1xP\x13\
\xe1\xc8\x8b\x93\x19\xba\x86O\x5c>\x95\x0b\x9e\x0b$\x84\
(\xc9\xda\xbb\x92\xfc\xedG\xb2\xfd\x7f\x040X\x8ak\
U\x92+.\x98\x80h\x0dW\x93;\x1d\xe7\xa2\xcb\x87\
k/\xdc#Z\xe3\xc7e\xe7OP\x1d\xc3\x89\xfa\x87\
\xea\xebK2\xed^\x92wQ<\xbe,\x05\xa0$C\
\x12\x95b\xd2\xd8\x08fs\x1e\xcc5\xb8\x1a\xbd<\xb8\
\xfb\xc2]\xe6\xccl\xc4\x94q\x1c\xcd\xc9\x8b\xc4\xc3\xa5\
\x98\xff\x07J\xb5\x06\x00\x00\x04\x1e,\xd9\xb5\x5c\xce\xef\
3p\xcd\xc5\x93\xd9\xe9\xcfe\xb8\x1f\xddZ!\xf6_\
p\x1d\x01\xe0\xea\x8b'!\xe0gQ\x973!J\xf6\
\xac-Y\x01`\x9a&\x0b\x80\x1c-]8\x11\xe1j\
\xce\x19\xbb\x11;\xd2Y\xc3\xe7\x0f \xc4\x0e\x8c\xae\x14\
\xaa\xf2b\xf1\x85\x9c\x0a\xc8UV\xcf\xda\xaf\x00\xf8\xee\
MK_\x01\xd0^\xaa\xeb\xb9\xd5\xd8\xe60fN\xad\
S\x1d\x83,\xc4\x9e\xf4\xa5\xa5\x1b\x06\xa2<\x83\xc1\xd5\
fM\xab\xc7\xf8\xd1\x1c=\xcb\xc1\xde\xef}\xfd\xca7\
Ju\xb1\x12N\x01\x08\x09\xe0\x81\x92]\xcf\x854!\
\xb0\xf4\xa2\x89\x1c\xfaw\xb9c'\x07r=@\xf1\x84\
\x10\x88\xd5\xd5\xf3\x14\xc6\x0a\xb0d\xe1\x04h\x1a\xdf3\
'%\xb0\xb5\x94\x97+\xe9\xbbJ\x08l*\xe5\xf5\xdc\
f\xee\xe9Mh\x8c\x05U\xc7\xa020<\x1eD\xa2\
\xfc\xd6Z\xacH\xb4\x96\xa3)\x15\xa2\xa16\x889l\
\x88vR\x12\xf2\xb7\xa5\xbc^I\x0b\x003#\xb7\x02\
H\x95\xf2\x9an\x11\xf0\x1bX8\xafEu\x0c*\xa3\
@0\x88\xaa\xea\x90\xea\x18\x8eU\x1d\x0a#\x10\xe4\x09\
r\x95d\xd19c\x11\x0c\xb0\xe0\xfb\x10\xc9\xe1L\xf6\
w\xa5\xbc`I\x0b\x80\x0d\xf1\xa5}\x00\xbb\x02\x9e\xc8\
E\xf3Z\x10\xe4J\xd7\x8a\xc3\x93\x03\x0b\xe3\xf5\xfa\xb8\
\xa3\xa2\x02\x05\xfc\x06.\x9c;Zu\x0c\xbbz\xf8\xce\
\xf8\xd5%=w\xc7\x82\x895Q\xd2!\x0a7\xa8\x0e\
zq\xd6\x8c\x06\xd51H\x01!\x04\xa2\xb51\xe8:\
\x8b\xbf\x5ci\x9a\x8e\xda:\xae\xa1\xa8Tsg4\xf1\
T\xd4\x13\x10\xb2\xf4S\xec%/\x00\xf4l\xe6\xfeR\
_\xd3\xe9\xce\x9f3\x8a\xed~+\x98\xa6\xeb\x88\xc6\xd8\
$(\x17B\x08Dc1h\x1a\xdf/\x95\xca04\
\x9csf\xb3\xea\x18\xb6#L\xb4\x95\xfa\x9a%/\x00\
n\x8d_\xf5\xa6\x04\xb6\x97\xfa\xbaNU\x15\xf4`\xce\
\x8c&\xd51H1\xaf\xd7\x87pMDu\x0c\xdb\xe3\
\x94\x09\x01\xc0\xbcY\xcd\xa8\x0ar-\xc0q\x9e\xbf-\
\xbedO\xa9/j\xc9\xde\x1aM\x8a{\xac\xb8\xae\x13\
\x9d7{\x14<\x06\xb70\x11PU\x1d\xe2\x09v'\
\x11\x0cVq\xd1$\x01\x00<\x86\x86s\xce\x18\xa5:\
\x86mH\xc8_Xq]k\x9eL\xbad\x01\x80\x91\
\xd3\xfe\xf8\xed\x9f\x8eW\x13\x89\xf0\xe4\xc0\x13\xf0x\xbc\
\xa8\x89\xd6\xaa\x8eA62\xf7\xf4&~y\xfa\xb3_\
ZqQK\xfevo\xbfa\xc9K\x00^\xb7\xe2\xda\
N2sj=|^\xcee\xd2\x9f\x09\xa1!Z[\
\xc7\xc66\xc7\xd14\x8d\x8d\x93\xe8\x03\xfc^\x1d\xad\x93\
\xd95\x15\xc03\x1bnZ\xba\xdb\x8a\x0b[\xf6)$\
 \xee\xb5\xea\xdaN\xc1\xa6\x16t\x22\x86a \xc2\xd6\
\xb6\xef\x8aDk\xa1\xf3\x84?:\x81\xb93\xf9\x19*\
 ,\x19\xfe\x07,,\x00L\x81_Yum'h\
\x8c\x051\xaa\x91\xf3\xbdtb~\x7f\x80\xfb\xdc\x01\x84\
\xc25\xf0\x07\xd8\x1d\x93NlLS\x08Mu\x15\xdd\
\x0cJfD\xd6\x92\xe1\x7f\xc0\xc2\x02`\xc3\x8d\x8b\x9f\
\x96\x02\xbb\xac\xba\xbe\xdd\xcd\x99\xc9\xb9\x7f:\xb9P\xb8\
\x06~\x7f\xe5\x9e\x1c\xe8\xf3\xfbQ\xcd\x13\xfe\xe8\x14\xce\
\xaa\xe0\x91T\x09\xfc\xe9{7^\xb9\xd7\xaa\xeb\xd1h\
\xa7\xc3\x00\x00 \x00IDAT[:\x11)\xa4u\
C\x17v\xa6\x09\x81\xd6\xc9\x1c\xe2\xa5S\x8b\xd4\xc6`\
T\xe0\xf0\xb7\xae\xeb\x88\xd6r\xde\x9fN\xadur\x0c\
Z\xa5\xfe\x9e\x08\xb9\xd1\xca\xcb[Z\x00h\xc8\xdce\
\xe5\xf5\xed\xaa\xa59\x84*\xf6\xb3\xa6\x1ch\x9a\x86h\
\xac\xbe\xc2\x1e\x84\x02\xb51\x9e\xf0G\xb9\xa9\x0az0\
\xba2\xa7SM\x03\xd9\xbb\xad\xbc\x81\xa5\xef\xc0\xdbn\
\xba\xeaU\x00/Zy\x0f;\x9a6\x81\xdb\x99(w\
\x1e\x8f\xa7\xa2\xb6\xc0E\xa2Qn\x85\xa4\xbcL\x9bX\
9\xef\x8f\xe3\xfc\xe1\xd6\x1b\xaf~\xdb\xca\x1bX_\x82\
\x0b\xf1?\x96\xdf\xc3f\xa6N\x88\xaa\x8e@\x0e\x13\x0c\
V\xa1\xaa\x02\x9a\x04UUU\xb3\x19\x12\xe5m\xfa\xc4\
\xca\x9bR\x15RX:\xfc\x0f\x94\xa1\x000 ~\x06\
\xc0\xb4\xfa>vQ\x1f\x0d\x22\x16\xa9\xdc\x85]T\xb8\
p$\x0a\xaf\xd7\xa7:\x86e<^/\xc2\x11\x16\xc7\
\x94\xbf\xda\x88\x1f\xb1hE}\xaef\x84\x0e\xcb\x1b\xea\
Y^\x00|\xe7\xc6+\xf6\x03x\xc0\xea\xfb\xd8\xc5\xf8\
\xd1\x5c\xd5L\x85\x11B\xa0\xb6\xae\xce\x95\x07\xe1h\xba\
\x8e\xda\x8a[\xeb@\xa54nT\x05}\xb6Jl\xbe\
\xed\x86\xc5\xedV\xdf\xa6,\xabp$\xf0\x83r\xdc\xc7\
\x0e\xc64qx\x93\x0a\xa7i\xba\xeb\xba\xe2\x09!\x10\
\x8d\xc6\xa0\xf3DL*\xc2\x98\x0aZ\x08(5Y\x96\
gfY\x0a\x80X\xd6\xff\x1b\x00\x96W3v0\xba\
\x89\x87\x99Pq\xbc>\x9f\xab\x9a\x04\x85\xc25\xf0\xf9\
y\xc2\x1f\x15\xa7\xa5\xb9b>[\xdbc\x99\xc0\xe6r\
\xdc\xa8,\x05@<\xbe(# ~R\x8e{\xa9\x14\
\xf4\x1b\xa8\xe5\xfc?\x95@u(\x8c@\xd0\xf9\x1d\xf2\
\xfc\x81 \x9b\xfdPI\xc4\xa2A\x04\xfc\xee\xef\x99!\
$~\x18\x8f/\xca\x94\xe3^e\xdb\x88\xabe3w\
\x02\x90\xe5\xba\x9f\x0a\xa3\x1bBp\xcf\xc0-\xa9\x16\x89\
\xc6`\x18\xce\xed'ax<\x88\xf2\xcc\x03*\x11\x01\
TB{ui\x0a\xf9\xa3r\xdd\xacl\x05\xc0\xad\xf1\
\xab\xde\x84\xc0\xa3\xe5\xba\x9f\x0au\xb5\xfc\xf6O\xa5#\
\x84p\xecz\x00'g'\xfb\xaas\xfb\x08\xab\x90\x0f\
Yu\xf2\xdf\x89\x94\xb5\x15\x97\xdb\x17\x03F\xc3\x9c\xe7\
\xa4\xd2r\xea\xb7h\xa7\x8f^\x90=\xb9\xfd3V@\
\x94\xf5\x19Y\xd6\x02 \x96\xe9\xbf\x07\xc0\xe1r\xde\xb3\
\x9c\x225\xee\xdd\xc3M\xea8m\x1e\xdd-\xeb\x17\xc8\
~\x5c\xfe\x19{\xd4\x0c\xcb\xdf\x94\xf3\x86e-\x00\xe2\
\xf1e)!\x85k\xcf\x07\x88\x86]\xfd\xcbI\x0a9\
e%\xbd\xdbv0\x90\xbd\xb8y\x04@B\xfeh\xc3\
\xca\xa5\xc3\xe5\xbcg\xd9O\xe3\xc8\x1a\xe2\x0e\xb8p1\
\xa0\x00\x10a\x01@\x16\x11B Z[g\xeb\x93\x03\
u]G-O\xf8#\x0bE\xc3~\xf7.\xb4\xd6\xf1\
\x9f\xe5\xbee\xd9\x0b\x80\xef~\xfd\x8a\xd7\x04\xf0\xc7r\
\xdf\xd7j\x86\xa1\xc1`\xa3\x13\xb2\x90\xa6i\xb6=B\
W\x08\x81h\xac\x0e\x1a\xdf\x03d!\x8f\xa1\xb9\xb5\xa1\
\xd4\x13\x1b\xbe\xbetG\xb9o\xaa\xe6<N\x81\xdb\x95\
\xdc\xd7B^\xaf+\x7f)\xc9f\xec\xdaO?\x5c\xe3\
\xees\x0c\xc8>\xbc^\xf7\x1d#-\x81\xdbT\xdcW\
\xc9\xdf\xe4\xc1\xa9\xfd\xbf\x02P\xb6\xad\x0e\xe5\xe05\xdc\
\xf7KI\xf6d\xb7\x13\xf5\x82\xc1*TU\xdb'\x0f\
\xb9\x9b\xd7\xe3\xb2\xcfZ\x817\x0fM\xeb\xbfO\xc5\xad\
\x95\xfcM\xde\xbdlYV\x0a\xacWqo\xabx\x0c\
\x8e\x00P\xf9D\x22Qx\xbc^\xd51\xe0\xf1xP\
\x13\xad\xc8\xb3\xdaI\x11\xb7}\xd6\x0a\x13\xffv\xf7\xb2\
eY\x15\xf7VVJ\x0dg2\xff\x17\xc0QU\xf7\
/5\x0f\xa7\x00\xa8\x9c\x84@m\xac\x1e\x9a\xa6\xee\xdb\
\x90\xa6i\x88\xf2\x84?*3\x97M\xb7vy\x02\xda\
\x8fU\xdd\x5c\xd9\xa7\xc7\x9d\xf1\xab\x13\x00\xeeTu\x7f\
\x22\xa7\xd3u]\xe9\xa2\xc0Hm\xcc\xd6\xbb\x12\x88\xec\
O~\xef\xff\xfb\xc7+\x06U\xdd]\xe9d\x8a\xd0<\
\xb7\x03H\xaa\xccP*\xe9\x94\x92\x11\x1c\xaap>\xbf\
_I\x93\xa0P\xb8\x06~\xbf\xcb\xdb\xb2\x92-\xa5\xdc\
\xf3Y;\x9c\xc9\xca\xef\xab\x0c\xa0\xb4\x00\xb8\xfd\x86K\
;\x84\xc0\xcfUf(\x95t\xc65\xbf\x94\xe40\xa1\
p\x0d\xfc\x81\xf2u\xde\xf3\xfb\x03l\xf6C\xca\xb8\xe5\
\xb3VB\xfc\xe4\xfb\xf1+\x0f\xa9\xcc\xa0|9\xa5\x14\
\xda\xbf\xc1\x05\x8d\x81R\x19Su\x04\xaa`\x91h-\
\xf42\x0c\xc7\x1b\x86\x81\x88\x03\xcf& \xf7H\xa5]\
\xf1Y+\xa1\x9bJ\xb6\xfe\x1dOy\x01\xb0\xfe\x86+\
^\x91\x02\x0f\xa8\xceQ,\x17\x0dK\x91\x03i\x9af\
\xf9\xe9{B\x8c4\x22R\xb9\xf0\x90(\x95rA\x01\
 \xf1[\x15\x8d\x7f\xde\xcf\x16\xefd-\xab\xfd\x9b\xea\
\x0c\xc5\xcadLd\xb2,\x02H\x1d\x8f\xc7k\xe9\xb7\
\xf3H\xd4\x1e[\x0f\xa9r\xa5]\xf29+!m\xf1\
\xcc\xb3E\x01p\xfb7\xaex\x10\x10/\xa8\xceQ\x0c\
\x09\xa0\xa7\xaf\xac\xe78\x10}@ \x10DUu\xa8\
\xe4\xd7\xad\xaa\x0e!\x10\xac*\xf9u\x89\xf2\xd1\xdd\xe7\
\x8a5\xe3\xcfl\xb8y\xe9c\xaaC\x006)\x00\x00\
@\x83\xf9M\xd5\x19\x8a\xd5\xc5\x02\x80l \x5c\x13\x81\
\xcfW\xbaS\xd3\xbc^\x1f\xc25\x91\x92]\x8f\xa8P\
=\xbd\xae(\x00\xe2\xaa\x03\x1cc\x9b\x02\xe0\xb6\x9b\x96\
\xde\x0b\xe0i\xd59\x8a\xd1\xdb\xcb\x02\x80\xd4\x1b9\x98\
'\x06M+\xbea\x8a\xa6\xeb\x88\xc6bl\xf6C\xb6\
\xd0\xed\xfc/Y\xcf\xac\xbfq\xf1f\xd5!\x8e\xb1M\
\x01\xf0\x0eG\x8f\x02\xb8dx\x8a\x5c@\xd3t\xd4\xd6\
\x15\xb7(p\xe4\x08\xe2\x18t\x9d\xcd~\xc8\x1e\x9c\xfe\
\x19+!\xbe\x0e!l\xb3\xeb\xcdV\x05\xc0\xfa\x9b\x96\
\xb4\x01xBu\x8eB\x1d\xeeJ\xa8\x8e@\xf4.\xaf\
\xd7W\xd4~\xfdRO%\x10\x15\xebH\xf7\x90\xea\x08\
\x05\x13\xc0\x1f6\xdc\xb4\xf8!\xd59\x8eg\xab\x02\x00\
\x00$\xc4j\xd5\x19\x0au\xa0c\xc0\xf9\x0d\x0d\xc8U\
\xaaC\xe1\x82\x16\xefY\xb5\x98\x90\xa8P\x12\xc0\xc1\x8e\
\x01\xd51\x0a&\x80\x1bUgx?\xdb\x15\x00\x1bn\
Z\xfc\x90\x04\x1eU\x9d\xa3\x10\xc9\xe1\x0c\xba\x1c\x5c\xa1\
\x92;E\xa2\xb5\xf0xr\xdf\xbeg\x18\x1e6\xfb!\
\xdb9\xd2\x95\xc0\xd0pFu\x8cB=t\xdbMK\
\x1eU\x1d\xe2\xfdlW\x00\x00\x80&p\x93\xea\x0c\x85\
\xda\x7f\xa8_u\x04\xa2\xf7\x10B\xa06\x96[\x03\x1f\
!D\xd1k\x07\x88\xacp\xc0\xc1\x9f\xad\x9a\xc4\xcd\xaa\
3\x9c\x88-\x0b\x80\xdbo\x5c\xf2{\x08\xf9\xa0\xea\x1c\
\x85x\xbb\xc3\xb9\xbf\xa4\xe4^z\x8e-|\xa3\xb5u\
0\x0cO\x19\x12\x11\xe5\xe7\x80C\x87\xff\x85\xc4\xa6\xdb\
n^\xf2\xa4\xea\x1c'b\xcb\x02\x00\x00L\xc8\xaf\xc3\
\x81g\x04\xec9\xd0\xa7:\x02\xd1\x09\xf9\xfd\x81\x93\x9e\
\x1cX\x1d\x0a\xc3\x1f\xe0\x09\x7fdO{\xde\xeeU\x1d\
\xa1\x10\x126\xde\xddf\xdb\x02\xe0\xbb7^\xb9MH\
\xb4\xa9\xce\x91\xaf#=C8\xcau\x00dS\x1f\xb6\
\xb2\xdf\xe7\xf7\xf3\x84?\xb2\xad#\xdd\x09t\xf58p\
\x0b\xa0\xc4\xbd\xb7\xdf\xbc\xe4\x19\xd51>\x8cm\x0b\x00\
\x000!n\x00\xe0\xb8\xc6\xcf\xaf\xbd\xd5\xa5:\x02\xd1\
\x87\x8a\xc6\xea`\x1cwr\xa0\xae\xeb\x88D\xd9\xec\x87\
\xec\xeb\xb5\xff\xbf\xbd{\x8f\xae\xaa\xbc\xf3?\xfe\xf9\xee\
\x9ds\xc8=$!\x10\x10\x10\x90KiA\xbb*\xad\
\xd5\xe2\x9a\xdaRs\x01~\xbf\x1fvd\xfd\xd6\xd25\
3\xadU\xeb\x85pi;\x9dB\x12\xb6$t\x96\x9d\
\x0b\x90\xd0Zh;\xcb\xe9m,N[\x15!\x09\x22\
TQ\x04%\xa8\x10.\x81\x00\xe1\x9a{B\xee'\xe7\
\x9c\xbd\x9f\xf9\x03u\xac\x0a\x9e\x84$\xcf\xd9\xe7|^\
\xff\xf0\x9f\xbe\xc5\x93\xb3\xbfy\xf6\xde\xcfs\xa6Mw\
\xc2@\x04MHX?\xcf\x16\xd6\x03@ia\xf6\xbb\
\x10\xfcJwG\x7f\x9dp\xe7\x87\x95\xa2\x84a\x18H\
M\xcf\x80\x88\xf1\xde\x03\x82\x190\xcd\xeb\xdf5\x90h\
\xa8T\x9fr\xdf/UJ\xd4\xcf\xd7\x15f\x1f\xd1\xdd\
q-a=\x00\x00\x802T> \x97uw\xf4\xc7\
\xf9\xfaNt\xf5\xf8ug\x10]\x95\xc7\xe3A\xca\xc8\
\x91H\x19\xc9\x13\xfe(\xbcu\xf7\x04p\xb1\xd1u\x0f\
\x00\xb6y\x83v\xd8\xde\xfb\x7f_\xd8\x0f\x00\xa5+s\
\x9b\x04(\xd6\xdd\xd1\x1fJ)\x1cs\xe1\xc4J\xd1%\
>!\x11\xf1\x09\x89\xba3\x88\xae\xe9HM3\x94r\
\xdb\xf3\xe0j\xf5\xbfY\x0b\x9buW|\x9a\xb0\x1f\x00\
\x00 \xd5\xee(\x85\xc2\x09\xdd\x1d\xfdQYU\xaf;\
\x81\x88\xc8\xf5*\xab\x1at'\xf4\x93\x1c\xf3\x8d\x1e\xfd\
s\xdd\x15\xa1p\xc5\x00`Y\x8b\xfd\xcaP\xdf\xd7\xdd\
\xd1\x1f\x0d-=\xb8\xe8\xe2\x8d+\x88\x88t;W\xd7\
\x81F\xf7\x9d\xb1\xb2b\xf3\xc3s\x02\xba#B\xe1\x8a\
\x01\x00\x00J\xf3s\xb7*A\x85\xee\x8e\xfe\xa8<\xda\
\xa8;\x81\x88\xc8\xb5*\x8f\xb8\xed;T\xbdXR\x90\
]\xae\xbb\x22T\xae\x19\x00\x00\xc0T\xf6r\x00\xae\x98\
\xac\x00\xa0\xeaD\x13|\xee\xdd\xbb\x9a\x88H\x1b__\
\x10\xc7j\xc2\xfe6\xfa\x87\x05\x04\xe2\xaa\x95jW\x0d\
\x00\xeb\x0b\x16\x1cS\xa26\xe9\xee\x08U \xe8\xa0\xf2\
\x88\xdb\xee_\x11\x11\xe9\xf7\xd6\xe1z\x04\x82\x8e\xee\x8c\
\x90)\xa8\x92\x0d\x059\xd5\xba;\xfa\xc3U\x03\x00\x00\
\x04M\xa7\x10@\x8b\xee\x8eP\xed}\xfb\x12\xfc\x01\xf7\
|\x88\x89\x88t\x0b\x04\x1d\xec\x7f\xb7NwF\x7f4\
\x99v\x9f\xab\xdeV\x03\x5c8\x00<\xf5\xa3\x05m\x80\
\xac\xd6\xdd\x11\xaa\x9e\xde\x00*\x8f\xf0\x8d\x00\x22\xa2P\
\xed\x7f\xb7\x0e\xdd\xbd\xae\xb9\xdb\x0b\x81Z\xb5\xdeZ\xe4\
\xaa\xfdj\x00\x17\x0e\x00\x00\x90f\xef{\x0a\xc0^\xdd\
\x1d\xa1\xda{\xf0\x12\x82\xb6\xebv4&\x22\x1av\x81\
\xa0\x83}\xef^\xd2\x9d\x112\x05\xbc\x91j\xbf\xe9\xba\
\x1dk\x01\x97\x0e\x00\x96e9\x8ei<\x00\xa0Ow\
K(\xbaz\xfc\xa8\xacr\xdb\xd3\xacDD\xc3\xef@\
U=\xba{\x5c\xf3\xdb\x7f\x1fL\xf5\x1d\xcb\xb2\x5cy\
\x9f\xd7\x95\x03\x00\x00l\x5c\x99u\x5c\x94<\xa9\xbb#\
T\xaf\xbcu\x1e=.Z\xd2\x22\x22\x1an\xbd\xbe \
^;pAwF\xc8\x94\xa0\xb8te\xeeQ\xdd\x1d\
\x03\xe5\xda\x01\x00\x00R\x9d\x8e\xb5Pp\xc5_~\xaf\
/\x88\xbf\xbcy^w\x06\x11Q\xd8\xda\xb5\xef,z\
|\xeexuZ\x80\xc3\xe9\xc1\xce\x9f\xe8\xee\xb8\x1e\xae\
\x1e\x00\xde\xdb!\xf0\x01\x00\xaeX~\xa9\xacj@}\
\xb3\xebv\xb5\x22\x22\x1aruM\xdd8\xe8\x9e\x8d\x7f\
\x1c%\xc6w-k\xb1\xabO}s\xf5\x00\x00\x00\xa5\
\xf9\xb9\xfb p\xc5\xbe\xcb\x8eR({\xe54\xdcv\
\xac\x05\x11\xd1PR\x00*\xf6\xd4\xc2q\xc9\xa1?\xa2\
\xa4\xa4$?\xcb5\x0f\xa2_\x8d\xeb\x07\x00\x00PA\
\xf5#\x05\xb8b}\xfd\x5c]\x07\x0eW7\xe9\xce \
\x22\x0a\x1b\x87\x8e7\xe2\xec\xa5v\xdd\x19!R\xe7\x02\
\xce\x88\x02\xdd\x15\x83!\x22\x06\x80R+\xb7C\x80\xef\
\xea\xee\x08U\xd9\xabg\xd0\xd1\xe5\xea\x95#\x22\xa2A\
\xd1\xd9\xdd\x87\x8a=\xb5\xba3B\xa6\x04\x8f\xff\xcc\xba\
\xabKw\xc7`\x88\x88\x01\x00\x00J\x0ar\xb6\x03\xd8\
\xa2\xbb#\x14\xbe\xbe \x9e\xdfu\x92\xb7\x02\x88(\xaa\
)\x00[_>\x8d^\xf7\x9c\x99\xf2\xdb\xd2\xfc\xdc\xad\
\xba#\x06K\xc4\x0c\x00\x00 \x86'\x0f\x80+N\x8f\
8}\xae\xdd\x85\xe7\x5c\x13\x11\x0d\x9e\x03\x87\xebq\xf2\
\x5c\x9b\xee\x8c\x90\x08\xd0\xa8L\xb5Bw\xc7`\x8a\xa8\
\x01`\xc3\xaay\x0d\x10\xf9\x8e\xee\x8eP\xbd\xf4\xfa\x19\
\xb4\xb5\xfbtg\x10\x11\x0d\xbb\xd6v\x1f^z\xbdV\
wF\xa8\x94#\xea;\xa5+s#\xea\x01\xae\x88\x1a\
\x00\x00\xa0$?\xfby\x086\xeb\xee\x08\x85?\xe0`\
KY5\xb7\x09&\xa2\xa8\x12\x0c:\xf8c\xc5\x097\
\x9d\xf6\xf7\xb3HZ\xfa\x7f_\xc4\x0d\x00\x00\xe0\x0b\x06\
\x97C\xe1\xb8\xee\x8eP\xd47wc\xeb\xae\xd3\xba3\
\x88\x88\x86\xcd\xf6W\xcf\xe0R\xa3K\x9e\xa3S8j\
&t\xfe@w\xc6P\x88\xc8\x01`\xb3\xb5\xb0\xc70\
\xe5>\x00\xaex\xd4\xfePu\x13\x0e\x1e\xe1\xf3\x00D\
\x14\xf9\x0eT5\xe0\xed\xa3\xae\xf9\xbe\xeb3L\xe7\xbe\
u+\x16\xf7\xea\x0e\x19\x0a\x119\x00\x00\xc0\xfaU\xd9\
\x07E\xe0\x9ac\x83\xcb^=\x83K\x0d.\x99\x88\x89\
\x88\x06\xe0b}'*\xf6\x9c\xd1\x9d\x11:\xc1\xca\xf5\
\xab\xe6\xbf\xa3;c\xa8D\xec\x00\x00\x00\xa9\xc1\xfd?\
\x11`\x97\xee\x8eP\x04m\x07[\xca\x8f\xa3\xb3\xdb\x15\
\x8b\x16DD\xfd\xd2\xd9\xdd\x87-\xe5\xd5\x08\xda.\xb9\
\xef/\xea\xa5\xb4\xe0\xfe\xf5\xba3\x86\x92\xe8\x0e\x18j\
\xcb\x8b\xb7\xde`\xab\x98C\x00\xd2t\xb7\x84btZ\
<\xbe\xf5\xcdY\x88\x1d\x11\xa3;\x85\x88hP\xf4\xf9\
m<\xfd\xa7*\xd47w\xebN\x09U\xb3c\x9b\xb7\
l\xb4\xee\xbe\xa4;d(E\xf4\x0a\x00\x00\xac\xcb_\
xQ\x01\x0f\xea\xee\x08Uck\x0f\xfePv\xdc=\
S2\x11\xd15\xd8\x8e\xc2\x96\xf2\xe3n\xba\xf8C\x04\
\x8fF\xfa\xc5\x1f\x88\x82\x01\x00\x00J\x0br\xfe$\x82\
\xa7uw\x84\xaa\xf6B\x07^\xd8Y\xc3\x9d\x02\x89\xc8\
\xd5\x14\x80\x17v\x9d\xc2\xe9sn\xd9\xe7\x1f\x10`\xd3\
\x86\xfc\x9cguw\x0c\x87\xa8\x18\x00\x00 \x10\x8c]\
\x02\x85\xa3\xba;Bu\xf8d3v\xbdqVw\x06\
\x11\xd1\x80\xed|\xfd,\x0e\x1dw\xcd\x11\xbf\x00p\xa8\
\xd7\x0eF\xd4n\x7f\xd7\x125\x03\xc0\xcf\xac\xbb\xba\xec\
\x18g\x91\x00\xae\x19E_\xab\xbc\x88\x979\x04\x10\x91\
\x0b\xed\xde\x7f\x0e{\xdf\xbe\xa8;\xa3\x1f\xe4\xb2i\xcb\
77[\x0b{t\x97\x0c\x97\xa8\x19\x00\x00\xe0\xa7+\
\xe7\x9f\x00\xf0w\x80{V\xd7_\xab\xbc\x88W\xdet\
\xc5I\xc7DD\x00\xae\x5c\xfc_}\xeb\x82\xee\x8c\xfe\
P\x10\xf5\xeduVv\x8d\xee\x90\xe1d\xea\x0e\x18n\
\xfbw\xff\xae\xfa\xb6\xbb\xee\x8f\x85`\xae\xee\x96P\xd5\
^\xec\x80\x00\x98tC\x8a\xee\x14\x22\xa2k\xfa\xcb\xfe\
\xf3n\xbb\xf8\x03\xc0\x9a\x92\x82\x9c\x9f\xeb\x8e\x18nQ\
\xb5\x02\xf0\xbe4g\xff*\x00\xe5\xba;\xfa\xe3/o\
\xba\xf2\x87\x8a\x88\xa2\xc8\xee\xfd\xe7\xf0\xca[.[\xb1\
\x14\xf5R\xdd\x8c\xce\x22\xdd\x19:D\xfc>\x00W\xb3\
\xdc*O\xb3Mu\x00\xc0d\xdd-\xfdq\xdb\xcdc\
\x91u\xe7$\x88D\xed\xff:\x22\x0a3\x0aW\x1e\xf8\
s\xd7=\x7f\x00\xc0Y\xdb\xf4\xdc\xfa\xd3\x95\xf3Zt\
\x87\xe8\x10\xd5W\x91ek\xb7}\xdeq\x8c\xbd\x00\xe2\
t\xb7\xf4\xc7\xcc\x9b\xd2p\xcf7\xa6#&&*\x17\
p\x88(\x8c\xd8\xb6\x83\xe7v\xd6\xa0\xead\xb3\xee\x94\
\xfe\xf2\x19\x86|e\xfd\xaa\xec\x83\xbaCt\x89\xea+\
\xc8\xfaU\xf3\xdf\x81\xc8\xc3\xba;\xfa\xeb\xd8\xa9V\xfc\
\xfe\xc5c\xe8\xf3\xf3\x18a\x22\xd2\xc7\x1fp\xf0_\xdb\
\x8f\xbb\xf1\xe2\x0f\xa5\xf0H4_\xfc\x81(_\x01x\
_^q\xd9&(<\xa4\xbb\xa3\xbf23\x12p\xff\
\xc2\xcf\x22!\xde\xa3;\x85\x88\xa2LW\x8f\x1f\xbf\xdf\
z\x0cuM\xee\xd9\xe1\xef}J\xd4\xc6\xd2\xfc\xdc%\
\xba;t\x8b\xea\x15\x80\xf7\xa9d\x95\xa7\x807tw\
\xf4W}S76\xfd\xe1\x10O\x11$\xa2aU\xdf\
\xdc\x8d_={\xd8\x95\x17\x7f\x00{\xd2\x83]\xdf\xd3\
\x1d\x11\x0e\xb8\x02\xf0\x9e\xefY[G\x05Ls/ \
\xd3t\xb7\xf4W\x8ci`\xe1]Sp\xf3gF\xeb\
N!\xa2\x08Wu\xb2\x19/\xbc\x5c\x83@\xd0\x95\xe7\
\x95\x9cR\xa6\xba\xbdten\x93\xee\x90p\xc0\x01\xe0\
C\x96\x14m\xbfI o\x00\xc8\xd0\xdd2\x10\xb7\xdd\
2\x16w\xcf\x9d\x04\x83o\x08\x10\xd1 s\x94\xc2\xee\
}\xe7\xf0Z\xa5\xeb\x9e\xf4\x7f_\x8bm:w\xbc\xb7\
!\x1c\x81\x03\xc0\xc7,YS~\xa7\x88z\x09\xc0\x08\
\xdd-\x031mb*\xee\xc9\x9a\xc6\xe3\x84\x89h\xd0\
\xf4\xfa\x82\xf8\xe3\x8e\x138u\xee\xb2\xee\x94\x81\xf2A\
\x8c\xaf\x97\xe4g\xed\xd5\x1d\x12N8\x00|\x82\xbc5\
\xe5\x8b!\xea\x19\xb8\xf4\xef'%\xc9\x8b{\xee\x9e\x8e\
\x89c\x93u\xa7\x10\x91\xcb]l\xe8\xc2\x1f+\xaa\xd1\
\xd6\xd1\xa7;e\xa0\x94(\xb9\x7fCa\xf6\xefu\x87\
\x84\x9b\xa8\xdb\x0a8\x14\xfbw\xff\xf6\xc8m_\xbb/\
\x08\xc8\xd7t\xb7\x0cD\x9f\xdf\xc6\xa1\xea&@\x017\
\x8eK\xe6\xa6AD\xd4o\x0a\xc0\x9b\x87\xea\xf0\xc7\x8a\
\x13\xe8\xf1\x05u\xe7\x0c\x98\x02~XR\x98\xb3Iw\
G8\xe2\x95\xe1\x1a\xf2\x8a\xb7?\x05%\xdf\xd5\xddq\
=&\x8fO\xc1=wOCb\xbcWw\x0a\x11\xb9\
DwO\x00\xcf\xed<\x89\x1a\xf7.\xf9_!\xf8e\
I~\xce\x83\xba3\xc2\x15_\x03\xbc\x06_\xc6\xe8<\
\x00;tw\x5c\x8f3\x17\xda\xb1\xe9\x99C8u\xd6\
\xe5?\xc8D4,N\x9em\xc3S\xcf\xbc\xe3\xfe\x8b\
?P\x9e\x16\x8c}DwD8\xe3\x0a\xc0\xa7\xf8\xc7\
'\x9fO\xf2\xf9\xbd{\x00\xdc\xa2\xbb\xe5z}vj\
:\x16\xdcu\x13\xe2\xf8\x80 \x11}\x84\xcfoc\xe7\
\xdeZ\x1c\xacjp\xcfy\xe9W\xa5\xaa|\x1e\xcf\xdc\
\xcd\xff\xf4\x8dv\xdd%\xe1\x8c\x03@\x08V\x14WL\
\x08*\xfb5@&\xean\xb9^\x89\xf1^,\xf8\xda\
\x14\xcc\x98\x94\xa6;\x85\x88\xc2\xc4\xa9\xb3\x97\xf1\xc2\xee\
\x1att\xf9u\xa7\x5c?A\xad\x89\xe0\xdcu\xf9\x0b\
]\xfb\xbe\xe2p\xe1\x00\x10\xa2\xe5V\xf9T\xdbT\xaf\
\x02\x18\xab\xbbe0p5\x80\x88\x22\xeb\xb7~\x00P\
\x0d\x02\xf9\x9b\x0d\x059\xd5\xbaK\xdc\x80\x03@?\xe4\
\xad\xad\x98\x05\xc7\xf9\x0b\x80t\xdd-\x83!9\xd1\x8b\
\xec;'c\xe6M\x11\xf1\x9fCD\xfdp\xb4\xa6\x05\
\xe5{j\xd1\xd9\xed\xda\xd7\xfb>\xaaY\x99\xeaoJ\
W\xe6\x1e\xd5\x1d\xe2\x16\x1c\x00\xfa\xe9\xbd#\x84w\x01\
H\xd5\xdd2X&\x8fOA\xeeW\xa7`\xd4HW\
\x9d\x8aLD\x03\xd0\xda\xeeC\xf9+gp\xf2\x5c\x9b\
\xee\x94A#@\xbbR\xc6\xd7K\x0a\xb3*u\xb7\xb8\
\x09\x07\x80\x01X\xb6\xa6\xecvG\xb0\x03@\xa2\xee\x96\
\xc1b\x1a\x829\xb33\xf1\xf5\xdbo\x84'\x86/\x87\
\x10E\x9a\xa0m\xe3\xf5\xcaKx\xad\xf2\x22\x82\xb6+\
\xf7\xf1\xbf\x9a\x1e\xa5$\xbb\xb40{\x8f\xee\x10\xb7\xe1\
\x000@yO\x94}\x1d\x06^\x04\x10\xab\xbbe0\
\xa5\xa6\xc4\x22\xeb\xceI|H\x90(\x82T\xd7\xb6\xa2\
bO-\xda\xda}\xbaS\x06\x9b_\x1c\xfc\x9f\x0d\xab\
s*t\x87\xb8\x11\x07\x80\xeb\xb0\xf4\x89\xb2,e\xe0\
y\xb8\xf4\xdc\x80k\x99\x90\x99\x84o\xcc\x9d\x84\x09\x99\
I\xbaS\x88h\x80\xea\x1a\xbb\xb1c\xef\x19\xd4^\xe8\
\xd0\x9d2\x14\x02\x02\xe3\x9e\x0d\x05Y/\xea\x0eq+\
\x0e\x00\xd7iIQ\xd9=\x02\xfc\x01@\xc4=N/\
\x00fNM\xc7\xbc\xdboDjJD-t\x10E\
\xb4\x8e.?^=p\x1e\x07\x8f4B\xa9\xc8x\xbe\
\xff#l(\xdc_R\x98\xf3\x8c\xee\x107\xe3\x000\
\x08\x96\xac\xd9\xfem\x11\xf9%\x22\xf4\xef\xd34\x0d|\
~f\x06\xee\xbam\x22\x12\xe2<\xbas\x88\xe8*z\
\xfb\x82\xd8{\xf0\x22\xf6\xbdS\x17i\xf7\xf9?\xccQ\
\x0a\x0f\x94\x16\xe6<\xad;\xc4\xed\x22\xf2\x82\xa5\xc3\x92\
\xe2\xed\xf7\x89\x92\xa7\x11\x81+\x01\xef\xf3zL|\xe9\
\xe6L\xdc\xf1\x85\x1b\xb8\x7f\x00Q\x18\xf1\x07l\xbcy\
\xa8\x1e{\x0f^Do\x9f{\x0f\xee\x09\x81\xad\x94z\
\xa8\xb40\xf7?t\x87D\x02\x0e\x00\x83\xe8\xbdc\x84\
\x7f\x0b \xa2\x7fM\xe6 @\x14\x1e\xa2\xe8\xc2\x0f\x00\
~\x11\xdc\xbf!?\xe7Y\xdd!\x91\x82\x03\xc0 [\
\xb2\xb6|\xbe8\xea\xbf\x11ao\x07|\x12\x0e\x02D\
zD\xd9\x85\x1f\x00\xfa\x0c\xa8\xff\xbf\xbe \xf79\xdd\
!\x91\x84\x03\xc0\x10XVT\xf6U\x07x\x01@T\
<B\x1f;\x22\x06sf\x8d\xc1m\xb7\x8c\xe5\xb1\xc3\
DC\xa8\xb3\xdb\x8f7\x0f\xd5\xe1@U\x03|\xd1q\
\xe1\x07\x80nq\x8cE\x1bVg\xbd\xa4;$\xd2p\
\x00\x18\x22K\xd7\x94}Q\x09\xca\x01D\xcd\x0b\xf5\xa6\
i\xe0s\xd3F\xe1+_\x18\x87\xd1i\xf1\xbas\x88\
\x22F\xcb\xe5^\xbcu\xb8\x1e\x95U\x0d\x91\xfcp\xdf\
'\x90\xcb\x10\x99_\x92\x9f\xb5WwI$\xe2\x000\
\x84\x96\xad-\xff\x82\xe3\xa8\x0a\x00\xa3t\xb7\x0c\xb7\x89\
c\x93\xf1\x95[o\xc0\xb4I\xa9\xfc\x90\x11\x0d\xd0\xb9\
\xba\x0e\xec\xad\xbc\x84\x13\xb5\xad\x11rXO\xbf\xb4*\
\x91\x9c\xd2\xfc\xec7u\x87D*~7\x0f\xb1eE\
/\xcet`\xee\x040Nw\x8b\x0e\x99\xa3\x120g\
V&f\xcf\xc8\x80\xd7\xc3-\x86\x89>\x8d?\xe0\xe0\
Pu\x13\x0e\x1c\xaeCCK\x8f\xee\x1c]\xea\x1d\xe5\
\xdc\xbd\xb1p\xfea\xdd!\x91\x8c\x03\xc00x\xbc\xa8\
b\xb2!\xceN(L\xd1\xdd\xa2\x8b\xd7cb\xf6\x8c\
Q\xf8\xe2\xec\xb1\x18\x93\xce\xdb\x03D\x1f\xd5\xd2\xd6\x8b\
w\x8e7\xa2\xb2\xaa!Z\x1e\xec\xbb\x9a\xb3\xa6-\xf3\
\xd6Y\xd95\xbaC\x22\x1d\x07\x80a\xb2\xa2\xb8b\x82\
\xad\x9cm\x0a\x98\xad\xbbE\xb7\x1b\xc7\xa5`\xce\xec1\
\x989%\x0d\xa6\xc9U\x01\x8a^A\xdb\xc1\xb1S\xad\
\xa8\xac\xaa\xc7\xd9K\x11\xb9]o?\xc9;\xa6\x04\x16\
\xac\xcb_xQwI4\xe0\x000\x8c\x1e\xb5v'\
z\x0c\xdf3J0_wK8\x88\x1d\x11\x83\xcfM\
K\xc7\xcd320al2?\x8c\x145\xea\x1a\xbb\
\xf1nu#\xaaN4\xa3\xbb7\xa0;'\x5c\xecP\
\xb6\xba\xb7\xd4\xca\xe5$4L\xf8\x9d;\xcc\xee\xdd\xb2\
\xc5\x1cW\x9d\x5c\xaa\xa0\x1e\xd1\xdd\x12NF\x8d\x8c\xc3\
\xac\xe9\xa3p\xf3gF#59\xe2\xceV\x22Bg\
w\x1f\x8e\x9ej\xc5\xdbG\x1a\xa2\xf9\xde\xfe\xd5\xfc\xca\
7:\xe3\x91\xcd\x0f\xcf\xe144\x8c8\x00h\x92W\
T\xbe\x14P\xff\x0e\x80k\xe0\x1f\x22\x22\x98<>\x19\
\xb3\xa7g`\xc6\x944n0D\xae\xd6\xeb\x0b\xa2\xfa\
L+\x0eU7\xa1\xf6bG\xa4\x1e\xccs=\x14\x80\
5%\x059\x96\xee\x90h\xc4\x01@\xa3%E\xdb\xff\
V \xbf\x06\x10\xa7\xbb%\x1c\x19\x22\x18\x9f\x99\x84\xcf\
NK\xc7\xac\xa9\xa3\x90\x10\x1f\xd1;,S\x84\xe8\xed\
\x0b\xe2dm\x1b\x8e\x9elA\xcd\xf9\xcb\xb0\xa3\xea\xbd\
\xfd~\xe9S\x82o\x95\xe6\xe7\xfc\x97\xee\x90h\xc5\x01\
@\xb3%\xc5\xdb\xbf,J^\x00\x90\xa1\xbb%\x9c\x99\
\x86`\xca\xf8\x91\xf8\xec\xb4t\xcc\x98\x9c\x86\xb8X\xae\
\x0cP\xf8\xe8\xf1\x05Q}\xba\x05GN\xb5\xa0\xf6|\
;l\x87\xbf\xe9\x7f\x8aV\xa5\xe4\xff\x95\x16f\xef\xd1\
\x1d\x12\xcd8\x00\x84\x81%E\xdbo\x12\xc86\x003\
t\xb7\xb8\x81!\x821\x19\xf1\x981)\x0d\xd3'\xa5\
!st\x02?\xc84\xec\xda\xda}8q\xb6\x0d'\
\xce\xb4\xe2\xec\xc5\x0e^\xf4CwJ\x80\xf9\x1b\x0ar\
\xaau\x87D;~o\x86\x89\xefY[G\x05\xcc\x98\
\xe7\x01\xdc\xa1\xbb\xc5mF&\x8f\xc0M\x13Gb\xfa\
\xa44L\x19\x9f\x82\x98\x18>VA\x83/\x18tp\
\xae\xae\x13g.\x5c\xc6\xb1\xd3\xadhi\xeb\xd5\x9d\xe4\
F{l\xd3\xb3\xe8\xa7+\xe7\xb5\xe8\x0e!\x0e\x00a\
\xc5\xb2v\xc7\xb4\x99}\xc5\x0a\xea\x87\xba[\xdc\xca\x13\
c`\xd2\x0d)\x98<!\x05\x93\xc7\xa7`\xcc(\xae\
\x0e\xd0\xc0(\xa5P\xdf\xdc\x833\x17.\xa3\xf6|\x07\
j/\xb5#\x10\xe4\xfd\xfc\x01\x13lN\x0bv.\xb1\
\xac\xc5~\xdd)t\x05\xbf\x1b\xc3\xd0\xd25e\xf7+\
\xc1&\x00\xdc2\xef:\xc5\xc7y0aL\x12\xc6\x8f\
M\xc2M\x13Fb\xec\xe8\x04\xddI\x14\xc6\xda\xda}\
8}\xbe\x1d\xe7\xea;q\xe6\xfcetv\xf3Z5\
\x08|J\xa9\xc7J\x0bs\xffCw\x08\xfd5\x0e\x00\
aj\xd9\xdam\x9fw\x1c\xe3O\x00&\xebn\x89$\
\xc9\x89^\xdc8.\x19\x132\x931al\x12F\xa7\
\xc7\xc30\xf8c\x10\x8d\x1cG\xa1\xa1\xb9\x07\xe7\xeb;\
p\xa1\xae\x13g\xeb:\xd0\xd1\xc5\x0b\xfe\xe0R\xe7D\
\xc9\xdfn(\xccyKw\x09}\x1c\xbf\xf9\xc2\xd8c\
?\xde\x99n8\x81\xdf\x89B\x96\xee\x96H\xe5\xf5\x18\
\x187&\x11\x133\x931~l\x12\xc6g&q\xef\
\x81\x08\xd5\xe3\x0b\xe2BC'.\xd4u\xe2\x5c]\x07\
.5tqI\x7f\x08\x89\x922\xc3\xc1\xfd\xeb\xac\xec\
V\xdd-\xf4\xc98\x00\x84;\xa5dIq\xd9?\x0a\
\xe4\xc7\xe0\xa6A\xc3\x22)\xc1\x8bq\x19\x89\x18;:\
\x01cG'b\xdc\xe8\x04$\xc6{ugQ?\xf8\
\xfa\x82hl\xedA]S7.5v\xa3\xae\xb1\x0b\
\xcd\xad=\xd1x\xa4\xae\x0eJ ?I\xb5\xf7\xad\xb4\
,\x8b\x13V\x18\xe3\x00\xe0\x12K\x8b*\x16(\xa8\xdf\
\x00j\xa4\xee\x96h\x94\x9c\xe8EfF\x22\xc6\x8eJ\
@FZ<2\xd2\xe3\x90\x9e\x12\xcb\xc3\x8c4\xb3m\
\x07\xcd\x97{\xd1\xdc\xeaCck7\x1a\x9azp\xa9\
\xa9\x1b\x9d\xdd}\xba\xd3\xa2U\x07\x04\xffP\x92\x9f\xf3\
g\xdd!\xf4\xe98\x00\xb8H^\xd1\x8ei@\xf0O\
\x80\xcc\xd2\xddB\x80a\x08RSb1:-\x0e\xa3\
R\xe3\x91\x91\x1e\x8fQ#\xe3\x90>2\x0e^\x0f\x07\
\x83\xc1\xe4\x0f\xd8h\xb9\xecCs[/\x1a[\xba\xd1\
\xdc\xe6CSk\x0f\xda:|p\xf8\xfe}xP8\
\xee\xc4\x18\x8b6\xae\xcc:\xae;\x85B\xc3\x01\xc0e\
\x1e\xb5v'\xc6\x98\xbe\xf5\x00\x1e\xd0\xddBW\x97\x10\
\xefAjR,RSF 59\x16\xa9)\xb1\x18\
\x99<\x02i)qHJ\xf0@\x84?z\x1f\xa6\x94\
Bgw\x00\xad\xed\xbdhk\xf7\xa1\xad\xa3\x0f\x97\xdb\
}h\xed\xbc\xf2'O\xcc\x0bo\x02l\xea\xb5\x83+\
6[\x0by\xca\x91\x8b\xf0[\xc8\xa5\xf2\x8a\xcb\x16A\
\xe1\x17\x00\xd2u\xb7P\xff\x18\x86 !\xce\x8b\xe4$\
/\x12\xe3<HN\xf2\x22)\xde\x8b\xe4D/\x12\xdf\
\xfb3.6\x06q#b\x5c\x7f\x8b\xc1\xb6\x1d\xf4\xf6\
\x05\xd1\xe3\x0b\xa2\xb3\xd3\x8f\xae^?\xda\xbb\xfc\xe8\xea\
\xf1\xa3\xa3\xd3\x8f\xae\xde\x00::\xfd\xe8\xee\xf5\xf37\
ywj\x86\xc8wJ\xf2\xb3\x9f\xd7\x1dB\xfd\xc7\x01\
\xc0\xc5\x96\xae\xdd9F9\x81\xa7\x01d\xebn\xa1\xa1\
\xe1\xf5\x98\x88\x8f\x8bA\x5cl\x0c\xe2\xe3<\x88\xf7\xc6\
 6.\x06q\xde\x18x<&FxM\xc4\x98\x82\
\x11\xde\x18x<\x06\xbc1&\xbc\x1e\x13^\x8f\xf1\xc1\
\xeb\x8d^\x8f\x09\xc3\xfc\xdf\x1fu\xd3\x10x=\xe6_\
\xfd{\xfc\x01\xfb\xaf\xb6\xb2ul\x05\x7f\xc0\x06\x00\xd8\
J!\xe0w\xd0\xe7\xb7\x11\xb0m\x04\x02\x0e\xfa\xfcA\
\x04m\x85>\xbf\x0d\x7f\xc0\x86\xcf\x1f\x84\xaf7\x88\x1e\
\x7f\x10=\xbd\x01\xf4\xfa\x82\xe8\xe9\x0d~\xf0\xcf\xa0\x08\
$x\xd9D\xf0\xef\xd7\xe5/\xbc\xa8;\x85\x06\x86\x03\
\x80\xdb)%y\xc5\x15y\x80z\x12\xc0\x08\xdd9D\
\x14\xf1\x02\x00~\x9cf\xef_\xc3\xa7\xfc\xdd\x8d\x03@\
\x84\xc8[[1K\x1c\xe7\xf7\x0a\x98\xad\xbb\x85\x88\x22\
\x95\x1cS\xca\xb9\xaf\xb40\xf7m\xdd%t\xfd\xdc}\
\x83\x91>P\xb2*\xab\xcaH\xe8\xbcM\x14J\x00\xbe\
\xeeLD\x83\xee7\xdeX\xf9\x22/\xfe\x91\x83+\x00\
\x11h\xe9\x13eY\xca\xc0\xd3\x002u\xb7\x10\x91\xeb\
5)Q\x0f\x94\xe6\xe7n\xd5\x1dB\x83\x8b+\x00\x11\
h\xc3\xea\x9c\x0a\xbfm\xdc\x02\xe07\xba[\x88\xc8\xd5\
\x9eU\xa6\xfa\x1c/\xfe\x91\x89+\x00\x11.\xaf\xa8,\
\x17PO\x012Qw\x0b\x11\xb9\xc6%\x03\xea\xb1\xf5\
\x05\xb9\xcf\xe9\x0e\xa1\xa1\xc3\x15\x80\x08WR\x90\xb3\xdd\
g\xdb3\x05\xf2$\x00\xbe\x93ED\xd7\xe2@\xb09\
\xd6\xeb\xff\x0c/\xfe\x91\x8f+\x00Qd\xd9\x9a\xb2\xdb\
m\xc1/\x04\xf8\x9c\xee\x16\x22\x0a7\xaaJ\x09\x1e,\
\xcd\xcf\xdd\xa7\xbb\x84\x86\x07\x07\x80(\xf3\xd0\xa6\x03\x9e\
\x11\x8d\x8d+\x04\xf2\x04\xb8o\x00\x11\x01\x01\x81\xfc\xbb\
\x93\xe2\xac.\xcd\xcb\xe5)JQ\x84\x03@\x94\xca+\
\xda1M\xc1\xde,\xc0Wu\xb7\x10\x91\x1e\x02\xbc.\
\xb0\x1f\x5c_\xb0\xe0\x98\xee\x16\x1a~\x1c\x00\xa2\x98e\
YF\x8b\xf9\xa5\x87\x05R\x04\x9e)@\x14M\x9a\x04\
j\xd5\x86\xfc\x9c_B\x84\xfb\x86D)\x0e\x00\x84G\
\xfe\xf9\xc5To0\xe6\x87\x0aj9\x00\xaf\xee\x1e\x22\
\x1a2\x01QxJ\x1c\xdf\xea\xf5\xd6\xa2\xcb\xbacH\
/\x0e\x00\xf4\x81\xc7~\xbcm\xbai\xcb\xbf\x01\xb2@\
w\x0b\x11\x0d\xba\x9d\xa6\x92e\xeb\x0a\xb3\x8f\xe8\x0e\xa1\
\xf0\xc0\x01\x80>fIQ\xf9<@\xad\xe7\xdb\x02D\
\x11@\xe1\x842eE\xe9\xaa\xecm\xbaS(\xbcp\
\x00\xa0O\xf4\xd0\xa6\x03\x9e\xd8\x86\xa6oA\xb0\x16\xc0\
(\xdd=D\xd4om\x0a\xea\xc9t\xbbk\x9de-\
\xf6\xeb\x8e\xa1\xf0\xc3\x01\x80\xaei\xb9U\x9e\xe6\x18j\
\xb5\x12<\x0a Fw\x0f\x11}*\x07\xc0\xef\xfc\xb6\
\xf1\xfd\x9f[Y\x8d\xbac(|q\x00\xa0\x90<\xbe\
f\xdbl\x11\xa3X\x80\x85\xe0\xe7\x86(\x1c)\x05y\
>F!\x9f\xf7\xf9)\x14\xfc\x22\xa7~Y\xba\xb6\xec\
f\xe5 \x1f\xc0\xbd\xba[\x88\xe8\x03;\x1dq~\xb4\
1\x7f\xfe\x01\xdd!\xe4\x1e\x1c\x00h@\x96\xad)\xbb\
\xdd\x11\xb5\x92o\x0c\x10\xe9#\xc0\xeb\x8eR\xabJ\x0b\
s_\xd1\xddB\xee\xc3\x01\x80\xae\xcb\xd2\xe2\xb2\xb9\x0a\
X\x03\x85\xbbt\xb7\x10E\x91\xbd\x0eT\xc1\xc6\x82\xdc\
]\xbaC\xc8\xbd8\x00\xd0\xa0XRT>O\xa0\xd6\
\x02\xf8\x92\xee\x16\xa2\xc8%\xfb\x958kK\xf3s\xb7\
\xea.!\xf7\xe3\x00@\x83G)YZ\x5c\xbe\xd0\x01\
V\x0b\xf0\x05\xdd9D\x11\xe4-e\xc8\x13|\x97\x9f\
\x06\x13\x07\x00\x1a\x12K\x8b\xcb\xe6*\xa5~\x08\xc8|\
\xf0sF4\x10\x0a\xc0\xcbJT\x09\x7f\xe3\xa7\xa1\xc0\
/f\x1aRyE;\xa6\x89\xb2\x1fW\x82\x07\x01\xc4\
\xe9\xee!r\x01?\x80?\x98J\x9e\xe4\xeb|4\x94\
8\x00\xd0\xb0\xf8\xaeU1\xdak:\x8f\x02x\x1c<\
y\x90\xe8c\x04h\x87\xc2\x7f\x1aF\xf0'\xeb\xf2\x17\
^\xd4\xddC\x91\x8f\x03\x00\x0d\xab\x7f\xb0v\xc7\xa6\x18\
\xbd\x8b\x95\xc8J\x003t\xf7\x10\x85\x813\x80l\xf0\
\xc6\xca/\xff\xf5\x07Y\xdd\xbac(zp\x00 -\
\xee\xdd\xb2\xc5\xcc\xacN\x5c$\x90\xa5\x00\xe6\xea\xee!\
\xd2`\x8f\x88lH\x0d\xee\xfb\xb3eY\x8e\xee\x18\x8a\
>\x1c\x00H\xbb\xa5Ee3\x00\xf9\x96\x82\xfa6\x80\
\x0c\xdd=DC\xa8\x0d\x82g\x1d\xc7\xd9\xb8\xb1p\xfe\
a\xdd1\x14\xdd8\x00P\xd8\xb0\xac-\xde\xb6\x98\xa4\
\xff\xab\x94\xfa;@r\x00\x98\xba\x9b\x88\x06\x81\x03`\
\x97(\xf5\x1b#\xb1\xeb\xd9u+\x16\xf7\xea\x0e\x22\x02\
8\x00P\x98Zbm\x1f\x0f\x13\xf7\x09\xf0( \x13\
u\xf7\x10\x0d@\x9d@~\xed\xc0\xf9EiA\xee)\
\xdd1D\x1f\xc5\x01\x80\xc2\x9aeYF\x8b\xf9\xe5\xaf\
\x09\xd4C\x00\x16\x81G\x12Sx\xbb\xf2\xdb\xbe`s\
oF\xc6s\x9b\x1f\x9e\x13\xd0\x1dDt5\x1c\x00\xc8\
5\x1e\xb7v\x8c3L\xe7^@-\x06p;\xf8\xf9\
\xa5\xf0\xe0\x00\xd8\x0b\xa8-\x86a\xfc\xf7\xfaU\xd9u\
\xba\x83\x88B\xc1/Pr\xa5%\xd6\xf6\xf1b\x1a\xdf\
\x14\xa8{\x15p\x07\xf8Y\xa6\xe1\xa6p\x14\x82gM\
\xdb\xfe\xf5:k\xc1i\xdd9D\xfd\xc5/Mr\xbd\
\xa5\xd6K\x13\x95i/\xe20@C\xee\x83\x8b\xbe\xfc\
v\x9d\x95]\xa3;\x87\xe8z\xf0\x8b\x92\x22\xcar\xab\
|\xaa\x13\x83\xc5J\xa9\xc5\x00n\xd1\xddC\x11\xe1m\
\x11l1\x82\xf6\x16\xfe\xa6O\x91\x84\x03\x00E\xac\xc7\
\x8a\xb7\xddh:F\x16D-\x04d\x1e\x80X\xddM\
\xe4\x0a>\x00\xaf)\xa8\x9d\x8e\xa9\xfe\xfc\xd3\x95\xf3O\
\xe8\x0e\x22\x1a\x0a\x1c\x00(*|\xff_*\x12\x82>\
\xfb\x1b\x8e\xc8|\xa5\x90%\xc0\x04\xddM\x14V\xceB\
P!\x0a\xdbz\xed\xe0\xce\xcd\xd6\xc2\x1e\xddADC\
\x8d\x03\x00E\xa5\xe5\xd6\x8bSl\xc3\x9c\x07\xc1<\x01\
\xeeV@\x8a\xee&\x1aV\xdd\x00\xdePP;E\x99\
;K\x0a\xb3*u\x07\x11\x0d7\x0e\x00\x14\xf5\x1e\xda\
t\xc03\xa2\xa1\xf9\xcb\x22\xf8*\xc4\xb9\x13J\xee\x00\
\x90\xa0\xbb\x8b\x06U\x17\xae\xbc\xaa\xf7\xaa\x88\xbc\x92\x1a\
\x8c\xddgYw\x05uG\x11\xe9\xc4\x01\x80\xe8#,\
kwLKL\xef\x1c(\xb9S\x14\xee\x84\xe0\xcb\xe0\
\x19\x05\xae\x22@\xa3\x03\xec\x13Q{\x14\x8cW\xd3\x83\
#\x0e\xf2\x82O\xf4\xd78\x00\x10\x85\xe0qk\xc78\
\x89\x09\xdej(\xe3+\x80\x9a\xab\x809\x00F\xe8\xee\
\x22\x00@\x10\x0a'`\xe05q\xd4\xeb\x06\x8c\xcau\
\x05YG!\xa2t\x87\x11\x853\x0e\x00D\x03\xf0\xd0\
\xa6\x03\x9e\x84\x86\xe6\xe9\x0e\x9c[\x01\xb9\x15\x82[\x15\
\xf0y\xf0\xd6\xc1P\xf3C\xa1\x06\x82J@*ET\
\xa5\x11\xdfY\xc9\x03v\x88\xfa\x8f\x03\x00\xd1 \xb9w\
\xcb\x16s\x5cu\xd2T\x88\xccr\xa0fB\xc9,\x81\
\x9a\x09\xe03\x00\xbc\xba\xfb\x5c\xa6\x0f\xc0q\x00\xc7\x94\
\xe0\x08\x14\x8e:\xa6S\x95\xe1\x7f\x97W\xd1\xc0\x00\x00\
\x013IDAT\xab\xc6\xb2,Gw\x1cQ$\xe0\
\x00@4\xc4,kwL\x93\xb7g\x8a\xa1\xcci\xe2\
`\xaa\x12g\xaa\xe1\x187)q\xa6\x022\x09\x80G\
o\xa16~(\xd4\x0a\xe4\x94\x12U\xa3\x045\xa2P\
c\x9bNM\x86?\xfe4\xef\xd9\x13\x0d-\x0e\x00D\
\x1a\xdd\xbbe\x8b\x99y4q\xac2p\xa3\x01\x99\x00\
C\x8d\x17G&(\xe0F\x08\xc6@\x90\x09\x85\xd1\x00\
\xe2u\xb7\xf6S\x0f\x04\x8dP\xa8\x87B\x83\x00g\x95\
\xa1\xce\x0bp^\xc1<o\xc2\x7f\xf6\xc2\xf4\xde\xfag\
\x17/\xb6u\x87\x12E+\x0e\x00D.\xf0\xfd\x7f\xa9\
H\xe8\xf3\xd9\x99\x22\xe6\x18\x05;]`\x8cTP\xa9\
\x80\x1a)JF\x8a U)$\x02\x18\x89++\x0a\
\x89P\x88\x83\x81X($\x030?\xf4\x8f\x8b\xc7\xc7\
\x1f`\xec\x03\xf0\xe1\xcdol\x08:\xe0\xc0\x07A/\
\xae\xbcF\x17\x00\xd0\x06\xa8.@.+Q\x97E\xa1\
\x0db\x5cVp.\x9b\x8e4\xdb\xa2\x1aG\xc4\x9a\xf5\
\xff\xfa\x83\xac\xee\xa1\xfb\xdb \x22\x22\x22\x22\x22\x22\x22\
\x22\x22\x22\x22\x22\x22\x22\x22\x22\x22\x22\x22\x22\x22\x22\x22\
\x22\x22\x22\x22\x22\x22\x22\x22\x22\x22\x22\x22\x22\x22\x22\x22\
\x22r\x9b\xff\x01\xe5\x145\xcb\x8da\xa6\xf3\x00\x00\x00\
\x00IEND\xaeB`\x82\
\x00\x0060\
\x89\
PNG\x0d\x0a\x1a\x0a\x00\x00\x00\x0dIHDR\x00\
\x00\x02\x00\x00\x00\x02\x00\x08\x06\x00\x00\x00\xf4x\xd4\xfa\
\x00\x00\x00\x09pHYs\x00\x00\x0e\xc3\x00\x00\x0e\xc3\
\x01\xc7o\xa8d\x00\x00\x00\x19tEXtSof\
tware\x00www.inksca\
pe.org\x9b\xee<\x1a\x00\x00 \x00ID\
ATx\x9c\xed\xddw|\x5c\xd5\x81\xf6\xf1\xe7\xdci\
\xea]r\xc1\x95\x98\x8eM1\xbdJ6-@H\xc5\
\x9bPC\xea\x86$\xd4m\xef\x9b\xf7\xdd%yw7\
\xbd\x91d\x13\x92\xec\xd2,\x93\x98T \xb4\xc4X\xc4\
\x98\xeaP\x0d\xc1`p\xaf\xaa\x96%Y\x9a\xd1\xccy\
\xff@&n\xb2G\xd2\xcc\x9c{g~\xdf\xbfdi\
\xe6\xde'\x1f\x05\x9dg\xce=\xf7\x5c#\xe4\x953\x17\
n\xaf\x8f\xc6\x07\xa6Y\x85&Iv\x5c\xcaS\xad\xb1\
\xa6V\xb2\xb5\xb2\xaa\x95Q\xad\x91\xad\xb52!I\x9e\
\xa4\xca\xa1\xb7\xc6$\x95\xb8K\x0e G\xfa$\x0d\x0c\
}\xbdMRJ2\x83\x92\xed\x90U\xbb\x8c\xda%\xd3\
n\x8dm\xf7Rj\x97\xcc\x16\xa3\xe4\xfax4\xb6z\
\xc9\xbc\xf2V\x87\xb9\x91a\xc6u\x00\x8c\x5c\xe3\x82\xee\
:\x93J\x1dcdgZcg\x18i\xaa\x95\xa6K\
\x9a&\xa9\xd4q<\x00\xf9\xabW\xd2j#\xadJI\
\xab%\xb3\xd23\xe6\x15\x93\xf0^ZtuE\xbb\xeb\
p\x18\x19\x0a\x80\xcf5\xdd\xddz\x98\xf1\xc2'\xa5d\
g\x19i\x96\xa4\x99\x92&\xb8\xce\x05\x00{\xd8$\xe9\
\x15Y\xbdd\x8cy\xc5\x84\x06\x9fY\xf4\xd1\xfa7\x5c\
\x87\xc2\xf0(\x00>\xd2\xb8\xd8\x86\xcd\xc6m\xc7X\xd9\
3\x8ct\xba\x94:[2\x0d\xaes\x01\xc0(m\x93\
\xccsF\xa9\xa5)\xd9'\x06\x22;\x96>5o\xf2\
\x0e\xd7\xa1\xf0\x0e\x0a\x80K\xd6\x9a\xc6\x05]\xc7x\xc6\
^`\xad.\x90t\xaa\xa4\xa8\xebX\x00\x90%\x032\
z\xcaZ=lR\xe6\xe1\xc5WT\xbd,c\xac\xeb\
P\x85\x8a\x02\x90cg4wU\x87m\xf2<\xcf\xe8\
\x02+s\xbe\x98\xce\x07P\xb86\xca\x98\x87\xa5\xd4#\
v\xc0{\xb4\xe5\x9a\xea.\xd7\x81\x0a\x09\x05 \x07\x1a\
o\xef\xac2Q]bd/\xb5\xd2y\xe2S>\x00\
\xec))\xe9i+s\xafL\xa8\xb9\xe5\xb2\x8a6\xd7\
\x81\xf2\x1d\x05 K\xdew\xdb\xc6\x92\xde\xb2\xd8E\x92\
\xb9\x8aA\x1f\x00Fd\xc0H\x7f\xb42\xf7\x86\x22\xf6\
\xf7\x7f\x9aW\xb3\xcdu\xa0|D\x01\xc8\xb0\xa6\xe6\xae\
\xd9R\xea3\x92.\x17\xb7\xe4\x01\xc0X\x0dH\xe6>\
\xab\xe4O[.\xab]\xc4\x9a\x81\xcc\xa1\x00d\xc0\x19\
\xcd]\xd5\x11\xa5.5\xd2\x17\xec;\xb7\xe9\x01\x002\
\xce\xbcae\xff'\x9a\x8c\xdc\xfe\xe8U\xe5[]\xa7\
\x09:\x0a\xc0\x184\xdd\xd3v\xb2R\xde\x8d\x92>(\
\xa6\xf8\x01 W\x06\x8c\xf4[cS\xdfYtE\xdd\
s\xae\xc3\x04\x15\x05`\x84n\xb9\xc5z\x7f>\xb4\xf3\
\x22k\xcdu\x92=\xc7u\x1e\x00(p\x7f\x91\xcc\xad\
u\x91\xaa\xe6{\xe7\x99\xa4\xeb0AB\x01H\xd3y\
wm.\x8d{\xd1\x8f\x1b\xa3\x1b$\xcdp\x9d\x07\x00\
\xf07F\xf6M\xc9|\xb7\xb4\xa7\xff\xce\xfb?;\xb1\
\xcfu\x9e \xa0\x00\x1c\xc0{\x1f\xb4\xb1\xfe\xce\xce\xab\
e\xf5e\x19\x8dw\x9d\x07\x00\xb0_mV\xfa\xd6@\
\xa4\xf7Vv\x1d\xdc?\x0a\xc00.]h\xa3m\x89\
\xce\x8fK\xfa7I\x13\x1d\xc7\x01\x00\x8c\x88\xddje\
\xbe\xa3\xf8\xb6\xef\xb7\x5c3\xbd\xdfu\x1a?\xa2\x00\xec\
a\xf6m6R^\xde\xf9\x09c\xf5%I\x93]\xe7\
\x01\x00\x8c\xc9Zc\xed\xbf\xa7\x0e\xaa\xb9\xbd\xa5\xc9\x0c\
\xba\x0e\xe3'\x14\x80]46\xb7\x9dc\xe4}O\xd2\
Q\xae\xb3\x00\x002\xc9\xbca\xad\xbd\xb9\xe5\x8a\x9a\x07\
\x5c'\xf1\x0b\x0a\x80\xdey\xe4\xaeL\xe8\xdb2\xba\xc8\
u\x16\x00@6\x99?\xd9\xa4\xbd\xb1\xe5\xaa\x9a\xe5\xae\
\x93\xb8V\xd0\x05\xe0\x8c\xe6\xae\xea\xa8R\xffl\xa5\x1b\
\xc5}\xfc\x00P(\x12\x92n\xb7&\xfc\xa5B~\xe6\
@\xc1\x16\x809\xcd\x9dWZ\xd9\xefJ\xaau\x9d\x05\
\x00\xe0D\xab\xacnX|E\xcd\x02\xd7A\x5c(\xb8\
\x02\xd0xO\xe74\x93\xb2?\x91t\xbe\xeb,\x00\x00\
\xf7\xac\xf4\x90'\xf3\xb9\xc7.\xaf^\xe3:K.\x15\
L\x01\xb8\xe5\x16\xeb=~H\xe7\xa7$}[R\x99\
\xeb<\x00\x00_\xe9\xb3\xd2W\xea#\xd5\xdf*\x94\x1d\
\x05\x0b\xa2\x004.h;\xdc\xd8\xd0\x9d\x92=\xc9u\
\x16\x00\x80\xaf=\xadT\xf2\xe3\x8b\xaf\xac_\xe1:H\
\xb6y\xae\x03d[Ss\xe7U\xc6z\xcb\x18\xfc\x01\
\x00i8E^\xe8\x85\xc6\xe6\xce\xeb]\x07\xc9\xb6\xbc\
\x9d\x018s\xe1\xf6\xfa\xf0`\xe2\xe7\xb2\xba\xc4u\x16\
\x00@\x00Y=l\xa3\x83\xd7\xb4\xcck\xd8\xec:J\
6\xe4e\x01\x98\xbb\xa0\xfd\xdc\x945w\x88-|\x01\
\x00cb\xb6\xc8\xb3\x9f\x5c\xfc\xb1\x9a?\xb8N\x92i\
yU\x00\x1a\x17\xdb\xb06v~\xd5H7+\xcf\xfe\
\xb7\x01\x00\x9c\xb12\xfaZ]\xb8\xfa\xff\xe6\xd3\x02\xc1\
\xbc\x19$\x1b\x17t\xd7\x19\x9b\xbcG\xb2\xe7\xb8\xce\x02\
\x00\xc8K\x8f{&\xf1w\x8b.\x1b\xb7\xc5u\x90L\
\xc8\x8b\x020\xe7\xee\xae\xe3\xad\x97\xfa\x8d\xa4\xa9\xae\xb3\
\x00\x00\xf2\xdazy\xa9\x8f,\xfeX\xdd3\xae\x83\x8c\
U\xe0\xef\x02hj\xee\xbc\xcaz\xa9'\xc4\xe0\x0f\x00\
\xc8\xbeIJy\x8f\xcf\x99\xdf\xfei\xd7A\xc6*\xb0\
3\x00\x97.\xb4\xa1\xb6x\xe7\xad2\xba\xd6u\x16\x00\
@!\xb2\xb7\xd6Ejn\x0a\xea\xba\x80@\x16\x80\xf3\
\xee\xda\x5c\x1a\x0fE\xef1\xd2\xfb\x5cg\x01\x00\x140\
\xab\x87\xe3\x03\xc9yK?Y\xbf\xddu\x94\x91\x0a\x5c\
\x018\xf3\xee\xd6\x09a/t\xbf\xa4\xd9\xae\xb3\x00\x00\
 \xa3\x97l\xca^\xdcrE\xedz\xd7QF\x22P\
\x05\xa0\xf1\xae\x8e\xa3MH\x7f\x904\xc5u\x16\x00\x00\
\xdee\xb4\xc1Zsq\xcb\xe5\xd5/\xba\x8e\x92\xae\xc0\
\x14\x809\xcd\x9dgY\xd9\xfb%U\xb8\xce\x02\x00\xc0\
>t\xc9\xea\xe2\xc5W\xd4,u\x1d$\x1d\x81\xb8\x0b\
`nsg\x93\x95\xfd\x83\x18\xfc\x01\x00\xfeU%\xa3\
G\xe7.h?\xd7u\x90t\xf8\xbe\x004\xce\xef\xb8\
8%\xfb\xa0x\x84/\x00\xc0\xffJR\xd6\xdc?g\
~\xe7\x07]\x079\x10_\x17\x80\xc6\xf9\xed\x7fg\x8c\
~#\xa9\xc8u\x16\x00\x00\xd2\x14\xb3\xc6.\x9c\xd3\xdc\
y\xa5\xeb \xfb\xe3\xdb\x02\xd08\xbf\xf3jcL\xb3\
\xa4\x88\xeb,\x00\x00\x8cP\xd8\xca\xde\xde\xd4\xdcy\x95\
\xeb \xc3\xf1\xe5\x22\xc0\xa6\x05\xed\x1f\x965\xbf\x90\x14\
v\x9d\x05\x00\x801HZ\xe9\x8a\x96\xcbk~\xe1:\
\xc8\x9e|W\x00\x9a\xee\xee\xbcD\x9e\xfd\x95\xf8\xe4\x0f\
\x00\xc8\x0f\x09c\xf4\xe1\xc7.\xab\xb9\xdfu\x90]\xf9\
\xaa\x0046\xb7\x9dc\xe4\xdd/\xae\xf9\x03\x00\xf2K\
\xdc\x1a\xfb\xfe\x96\xcbj\x1fv\x1dd'\xdf\x14\x809\
\xf7\xb4\x9ffS\xe6\x11\xb1\xda\x1f\x00\x90\x9f\xfa\x8c\xcc\
{\x1f\xbb\xbc\xfa\xcf\xae\x83H>)\x00s\x17t\xcc\
JY-\x11\xf7\xf9\x03\x00\xf2[\x97\x8c=c\xf1e\
\xb5\xaf\xba\x0e\xe2\xfc.\x803\xefn\x9d\x90\xb2b\x87\
?\x00@!\xa8\x92\xcc#s\xeel;\xc8u\x10\xa7\
\x05\xe0}\xb7m,\x09{\xe1\xdf\x89\xbd\xfd\x01\x00\x85\
\xc2\xea \x1b\xf6~\x7f\xde]\x9bK]\xc6pV\x00\
.]hC=eE\x0b${\x92\xab\x0c\x00\x008\
2;\xe1E\x7fy\xe9B\x1br\x15\xc0Y\x01h\x8b\
w\xde*\xe9\xfd\xae\xce\x0f\x00\x80SF\x17\xb5%:\
\xbe\xe3\xee\xf4\x0e\xcc\x99\xdf\xf1\xf7\xd6\xe8\xc7.\xce\x0d\
\x00\x80\x9fX\xd9O\xb5\x5c^\xfb\xdf\xb9>o\xce\x0b\
@\xd3=m'+\xe5=.)\x96\xebs\x03\x00\xe0\
C\xfd\x9eM\x9d\xb5\xe8\x8a\xba\xe7ry\xd2\x9c\x16\x80\
\xf3\xee\xda\xde\x90\x08%\xfe\x22iR.\xcf\x0b\x00\x80\
\xcf\xad\x1d\x8cDNX2\xaf\xbc5W'\xcc\xd9\x1a\
\x80K\x17\xdaP<48_\x0c\xfe\x00\x00\xeciJ\
8\x11\xbf'\x97\x8b\x02sV\x00Z\x13\x9d_3\xb2\
\xe7\xe6\xea|\x00\x00\x04\x8b\x99\xdb6\xd8\xf9\xffrv\
\xb6\x5c\x9c\xa4\xa9\xb9\xfd|\xc9<\x94\xab\xf3\x01\x00\x10\
PV\xd2\xc5\x8b/\xafy0\xdb'\xca\xfa\x80|\xe6\
\xc2\xed\xf5\xe1x\xe2e\x19\x8d\xcf\xf6\xb9\x00\x00\x08>\
\xb3\xc53\xf1c\x16]6nK6\xcf\x92\xf5K\x00\
\xa1D\xe2\xbf\x19\xfc\x01\x00H\x97\x1d\x97\xb2\x91\xdb\xb2\
}\x96\xac\x16\x80\xa6\x05\x1d\xd7\x1a\xe9}\xd9<\x07\x00\
\x00y\xe8\xfds\xe6\xb7\x7f:\x9b'\xc8\xda%\x80\xb3\
~\xd1vD(\xe9-\x93T\x92\xads\x00\x00\x90\xc7\
z\x95J\xce^|e\xfd\x8al\x1c<+3\x00\x97\
.\xb4\xa1P2t\x87\x18\xfc\x01\x00\x18\xadRy\xa1\
;n\xb9\xc5fe\xac\xce\xcaA\xdb\x12\x1d\xd7\xf1\x90\
\x1f\x00\x00\xc6\xec\x94?\x1f\xda\xf5\xf9l\x1c8\xe3\x97\
\x00\xe64wN\xb5\xb2\xcb%\x95e\xfa\xd8\x00\x00\x14\
\xa0\xded\xd2\x9b\xf9\xe7\xab\xaaVe\xf2\xa0\x19\x9f\x01\
\xb0\xb2\xb7\x89\xc1\x1f\x00\x80L)\xf5B\xa9\x1fe\xfa\
\xa0\x19-\x00M\xcd\x9dWI:?\x93\xc7\x04\x00\xa0\
\xd0\x19\xe9\xbd\x8d\xcd\x1d\x1f\xcd\xf013\xe3\xfc\x85\xdb\
j\xe2\x89\xe4\x0aIu\x99:&\x00\x00\xd8\xc9n\xb5\
q\xef\xb0\x96k\xaa\xbb2q\xb4\x8c\xcd\x00\x0c$\x92\
_\x16\x83?\x00\x00Yb\x1aLT\xff\x9a\xb1\xa3e\
\xe2 C\xf7\xfc\xbf$)\x92\x89\xe3\x01\x00\x80}J\
(\x95\x9c\x99\x89\xbd\x0122\x03\x10\x1a\xf4\xbe#\x06\
\x7f\x00\x00\xb2-b\xbc\xd0\xb72q\xa01\x17\x80\xc6\
\xf9\x1d\x17\xcb\xe8\x82L\x84\x01\x00\x00\xfbg\xa5\x8b\x1b\
\x17\xb4\x8fy\xdc\x1dS\x01\x98}\x9b\x8d\x18\xa3\x8c4\
\x11\x00\x00\x90\x1ec\xcd\xb7\x1b\x17\xdb\xf0X\x8e1\xa6\
\x02PY\xda\xf9II\x87\x8d\xe5\x18\x00\x00`\xc4\x8e\
\xd4\xc6\x8e\xab\xc7r\x80Q/\x02|\xef\x836\xd6\xdf\
\xd9\xf9\xa6\xa4\xc9c\x09\x00\x00\x00FeM]\xa4\xfa\
\xd0{\xe7\x99\xf8h\xde<\xea\x19\x80\x81\xae\xae\xcf\x88\
\xc1\x1f\x00\x00W\xa6\xb6\xc7;?1\xda7\x8fj\x06\
\xa0\xf1\xf6UE&V\xb9RV\x07\x8d\xf6\xc4\x00\x00\
`\xcc6\xf6Gzg<5o\xf2\x8e\x91\xbeqt\
3\x00\x91\x8a\xcf3\xf8\x03\x00\xe0\xdc\xc4\xa2D\xd9\xa7\
G\xf3\xc6\x11\xcf\x00\x9cw\xd7\xe6\xd2D(\xf2\xb6d\
\x1aFsB\x00\x00\x90Q\x9b\xfa#\xbd\xef\x19\xe9,\
\xc0\x88g\x00\x06C\xd1k\x18\xfc\x01\x00\xf0\x8d\x09\xb1\
\xc1\xd2\xabF\xfa\xa6\x11\x15\x80[n\xb1\x9e\x95\xae\x1f\
\xe9I\x00\x00@\xf6\x18kn\xba\xe5\x16;\xa21}\
D/~\xfc\x90\xae\x0fH\x9a1\xa2T\x00\x00 \xcb\
\xec\xa1\x8f\xbf\xa7\xeb\xe2\x91\xbccd\x97\x00\xac\xbdy\
D\xaf\x07\x00\x00\xb9\xe1\x8dl\x8cN{\x11\xe0\xdc\xf9\
m'\xa6\x8c\xf7\xec\xc8\x13\x01\x00\x80\x9c\xf0R\xa7,\
\xfeX\xdd3i\xbd4\xddc\xa6\x8c\xc7\xa7\x7f\x00\x00\
\xfc,\xe9\xa5\xbdN/\xad\x19\x80\xc6\x05\xddu\xc6\x0e\
\xae\x97\x14\x1bu(\x00\x00\x90m\xf1\xc1Hd\xd2\x92\
y\xe5\xad\x07zaZ3\x00\x9eM|\x5c\x0c\xfe\x00\
\x00\xf8]4\x9c\x88_\x91\xce\x0b\xd3\xbb\x04`\xcd\xa8\
\xf7\x1a\x06\x00\x00\xb9d>#k\x0f8\xc3\x7f\xc0\x02\
0\xa7\xb9\xf3,ktDfB\x01\x00\x80,;|\
\xce/:N=\xd0\x8b\x0e<\x03`\xed\xa8\xf6\x18\x06\
\x00\x00n\xd8\x94>u\xa0\xd7\xecw\x8a\xe0\x9c\x85\x1d\
\x95\xc9\x846I*\xceX*\x00\x00\x90m\xbd\xf1\xfe\
\xe4\x84\xa5\x9f\xac\xdf>\xdc\x0b\xf6;\x030\x187\x1f\
\x10\x83?\x00\x00AS\x1a\x8d\x85\xde\xb7\xbf\x17\xec\xb7\
\x00\x18\xd9K3\x9b\x07\x00\x00\xe4\x84\xd1\xbc\xfd\xffx\
\x18\x8d\xb7wV\x99\xa8\xdd\x22)\x9a\xf1P\x00\x00 \
\xdb\x06B\x11\x8d\xfb\xd3\xbc\x9am\xfb\xfa\xe1\xb03\x00\
&\x92\xfa\x90\x18\xfc\x01\x00\x08\xaaX*a.\x19\xee\
\x87\xfb\xb9\x04`\x98\xfe\x07\x00 \xd0\xec\xb0\x97\x01\xf6\
y\x09\xe0\x8c\xe6\xae\xea\x88R[$E\xb2\x96\x09\x00\
\x00d[<\x14Q\xc3\xbe.\x03\xecs\x06 l\x93\
\xe7\x89\xc1\x1f\x00\x80\xa0\x8b&\x07\xed9\xfb\xfa\xc1>\
\x0b\x80gtAv\xf3\x00\x00\x80\x5c0\xd6\xdb\xe7\x98\
\xbew\x01\xb0\xd6X\x99\xf3\xb2\x9e\x08\x00\x00d\x9d\x95\
\xbd`_\xcf\x06\xd8\xab\x00\x9c\xf5\x8b\xaec%M\xcc\
I*\x00\x00\x90m\x93\x1a\xef\xee<j\xcfo\xeeU\
\x00BI\xcb\xf4?\x00\x00y\xc4\x0b\xed=\xb6\xef}\
\x09\xc0\xe8\xfc\x9c\xa4\x01\x00\x009a\xb5\xf7\xda\xbe\xdd\
\x0a\xc0{\x1f\xb41I\xa7\xe4,\x11\x00\x00\xc8\x01s\
\xfa\xa5\x0b\xedn\x9b\xfb\xedV\x00\xe2\xed\x9d'I\x8a\
\xe54\x13\x00\x00\xc8\xb6\xa2\xd6x\xc7\xf1\xbb~c\xb7\
\x02\x90\xf4tZn\xf3\x00\x00\x80\x1c9}\xd7\x7f\xec\
V\x00\x8c\xa1\x00\x00\x00\x90\x97\xbc\xe1\x0a\x80\xb5FV\
\xa7\xe6<\x10\x00\x00\xc8:c\x87)\x00M\xf3\xdb\x0e\
\x95T\x9f\xf3D\x00\x00 \x07LC\xe3\xdd\xdbf\xec\
\xfc\xd7\xbb\x05\xc0x\xe1\x93\xdc\x04\x02\x00\x009\xe1%\
O~\xf7\xcbw\xbfit\x8c\x930\x00\x00 '\x8c\
\xd1\xac\x9d_\xbf[\x00R\xf6o\xdf\x04\x00\x00\xf9\xc7\
Z\xcd\xdc\xf9\xf5\xdf.\x01X;s\xdf/\x07\x00\x00\
\xf9`\xaf\x19\x803\x17n\xaf\x97\xd1xw\x91\x00\x00\
@\xd6Y\x1d4\xf7\xce\xeeZi\xa8\x00\x84\xe3I\xa6\
\xff\x01\x00(\x00\xa9H\xf2hi\xa8\x00Xc\x8fv\
\x1b\x07\x00\x00\xe4\x82M\xd9\xbf\x15\x00#{\x88\xdb8\
\x00\x00 '<;C\xda\xb9\x08\xd0j\x9a\xcb,\x00\
\x00 7\x8c5\xd3\xa5\x9d\x05\xc0P\x00\x00\x00(\x08\
Cc\xfe\xce\xdb\x00\xa7\xbaK\x02\x00\x00r\xc6\xea`\
I2\xe7\xdd\xb5\xbd!\x11Jlq\x9d\x07\x00\x00\xe4\
F4\x12\xaa\xf5\x06C\x03\xd3\x5c\x07\x01\x00\x00\xb9\x93\
\x18\xb0\xd3<k\xccd\xd7A\x00\x00@\x0e\x19;\xd5\
3)\xc3#\x80\x01\x00((\xa9:O\xc6\xd4\xb9\x8e\
\x01\x00\x00r\xc7\xca\xd4y)\x93\xaau\x1d\x04\x00\x00\
\xe4\x8e\xf1L\xadg\xac\xa1\x00\x00\x00PHl\xaa\xd6\
\xb3\x12\x97\x00\x00\x00((\xa6\xce3b\x06\x00\x00\x80\
B\x92\x92j=cm\xb9\xeb \x00\x00 w\x8cT\
\xe1Y\xa3\x98\xeb \x00\x00 \xa7ba\x19\xc5d]\
\xe7\x80+\xb5\xc5\x9e\x8e\xae\x0fkr\x85\xa7)\x15!\
M(\xf3T\x142*\x89\x18\x95F\x8c\x8cq\x9d\x10\
\xc0hY+\xf5&\xac\xfa\x12V\xfdI\xabM=)\
\xad\xedNj]wJ\xafl\x1dTG\x7f\xcauD\
\xb8\x13\x0d\xcb*\xea:\x05r\xeb\x88\xda\xb0\xe6N\x8b\
j\xf6\x84\xb0\xa6V\x84\x5c\xc7\x01\x90E\x15\xb1\xbf\xb5\
\xf8\xa3\xf6X\xf2\xbdf[R\xcb6\x0fj\xd1\xea\xb8\
^o\x1f\xccq2\xb8eb\xa6\xa9\xb9\xa3KR\xa5\
\xeb(\xc8\xae\xa2\xb0\xd1E3\xa2\xbadFL\x93\x19\
\xf4\x01\xecamwR\xf7\xbf9\xa0\x07\xde\x8ak`\
\x90i\xe1\x02\xd0e\x9a\x9a;\xfa$\x15\xbbN\x82\xec\
\x88\x85\x8c>rxL\x1f9\xbcH\x951\xe6\xf3\x01\
\xec_\xd7\x80\xd5\xbd\x7f\xed\xd7\xafW\x0c(\x9e\xa4\x08\
\xe4\xb1>\xd3\xd4\xdc1(\x89\x8f\x84y\xe8\xf8\xf1a\
]\x7fB\x09\x9f\xf8\x01\x8c\xd8\xa6\x9e\x94n]\xd6\xa7\
g6&\x5cGAv$MSs\x07\x15/\xcf\x14\
\x87\x8dn8\xb1D\xe7Ngy\x07\x80\xb1y\xf8\xed\
\xb8n]\xd6\xa7~.\x0b\xe4\x1d\xcfu\x00d\xd6\xf4\
\xaa\x90~|A9\x83?\x80\x8c\xb8\xe0\xe0\xa8~|\
A\xb9\xa6V2\x93\x98o(\x00ydVCX\xb7\
\x9e[\xae)L\xf9\x03\xc8\xa0\xa9\x15!\xfd\xe0\xdcr\
\xcd\xac\xe7oK>\xa1\x00\xe4\x89S\x0f\x8a\xe8\x1bM\
e*\x8d\xb0\xd0\x0f@\xe6\x95E\x8d\xbe\xd1X\xaa\x13\
\xaa\xfa\x5cGA\x86P\x00\xf2\xc0\xb1\xe3\xc2\xfa\xb73\
J\x15\x0d1\xf8\x03\xc8\x9eX$\xa4\x7f?o\x82\x8e\
,\xedq\x1d\x05\x19@\x01\x08\xb8\xf7T\x87\xf4\xff\xce\
*c\xf0\x07\x90\x13\xd1\xb0\xa7\xaf\x9e?^\x93\xc2\xdd\
\xae\xa3`\x8c(\x00\x01V\x1c6\xfa\xd7\xd3K\x99\xf6\
\x07\x90S\xe5E\x11\xfd\xc79u\x8a\xf4\xb7\xbb\x8e\x82\
1\xa0\x00\x04\xd8\x8d'q\x8f?\x007&\xd7\x94\xea\
\xe6\x13K\x14\xefnu\x1d\x05\xa3D\x01\x08\xa8\xb3\xa7\
Du\xce4n\xf5\x03\xe0\xcey3'\xea\xe4\xcan\
J@@Q\x00\x02\xa8$bt\xed\xf1\xec\xde\x0c\xc0\
\xbd\x7f\xba\xf0(\xa9\xf5mJ@\x00Q\x00\x02\xe8c\
G\x16\xa9\xbe\x84_\x1d\x00\xf7\xc6U\x16\xeb\xea3\x0f\
V\xdf\x867(\x01\x01\xc3(\x120\xa5\x11\xa3\x0f\x1c\
\x1as\x1d\x03\x00\xdeu\xd9\xa9\x07\xab\xbc(L\x09\x08\
\x18\x0a@\xc0|\xe8\xb0\x18\xab\xfe\x01\xf8Ji,\xac\
y'O\x93d)\x01\x01B\x01\x08\x10c\xa4\x8bg\
\xf0\xe9\x1f\x80\xff\x5cz\xd24y\x9e\x11% 8(\
\x00\x012{|\x84k\xff\x00|\xa9\xa1\xa2H\xb3\xa7\
\xd5\x0e\xfd\x8b\x12\x10\x04\x8c&\x01\xc2m\x7f\x00\xfc\xec\
\xa2c&\xed\xf2/J\x80\xdfQ\x00\x02\xc2H:a\
B\xd8u\x0c\x00\x18\xd6i\x87\xd4\xef\xf1\x1dJ\x80\x9f\
Q\x00\x02bJeH5E\xfc\xba\x00\xf8W]y\
\x91\xa6\xd5\x95\xed\xf1]J\x80_1\xa2\x04\xc4\xacz\
>\xfd\x03\xf0\xbf\xe3\xa7\xd5\xec\xe3\xbb\x94\x00?\xa2\x00\
\x04\xc4\xd4J\xf6\xfc\x07\xe0\x7f\xd3\xeb\xcb\x87\xf9\x09%\
\xc0o(\x00\x011\xb9\x82_\x15\x00\xff\x9b\xba\xd7%\
\x80]\xbdS\x02\x12\xdby\x8a\xa0\x1f0\xaa\x04\xc4\x84\
2~U\x00\xfcoRu\xc9\x01^a\xd5\xbb\xfeu\
J\x80\x0f0\xaa\x04\x04\xbb\xff\x01\x08\x82\xb2\xa2t\xd6\
+Q\x02\xfc\x80\x02\x10\x10%a\x0a\x00\x00\xff+\x89\
\xa5\xbb`\x99\x12\xe0\x1a\x05  \x22!\x0a\x00\x00\xff\
\x8b\x85G\xb2`\x99\x12\xe0\x12\x05  \xfa\x07\xad\xeb\
\x08\x00p@;\xe2\x83#|\x07%\xc0\x15\x0a@@\
\xec\xa0\x00\x00\x08\x80\xdexr\x14\xef\xa2\x04\xb8@\x01\
\x08\x88\xee\x01\x0a\x00\x00\xff\xeb\xee\x8b\x8f\xf2\x9d\x94\x80\
\x5c\xa3\x00\x04\xc4\x86\x9e\x94\xeb\x08\x00p@k\xdb{\
\xc7\xf0nJ@.Q\x00\x02b]\xf7h\xa6\xd5\x00\
 \xb7V\xb7\xf5\x8c\xf1\x08\x94\x80\x5c\xa1\x00\x04\xc4\xdb\
]\x14\x00\x00\xfe\xb7r\xcb\xf6\x0c\x1c\x85\x12\x90\x0b\x14\
\x80\x80xq\xcbHW\xd6\x02@nY+-[\xd5\
\x96\xa9\xa3Q\x02\xb2\x8c\x02\x10\x10\xed;RZ\xbf\x9d\
Y\x00\x00\xfe\xb5\xaau\xbb\xda{\x062xDJ@\
6Q\x00\x02\xe4\xc9\xf5\x09\xd7\x11\x00`XKVl\
\xc9\xc2Q)\x01\xd9B\x01\x08\x90?\xae\x1e\xed\xed5\
\x00\x90}\x7fxiC\x96\x8eL\x09\xc8\x06\x0a@\x80\
\xbc\xd5\x99\xd4[\x9d\x5c\x06\x00\xe0?\xafo\xda\xa6\x95\
[\xba\xb3x\x06J@\xa6Q\x00\x02\xe6\xd7+\xfa]\
G\x00\x80\xbd\xcc_\xfav\x0e\xceB\x09\xc8$\x0a@\
\xc0\xfciu\x5c\x9b{\xd9\x14\x08\x80\x7fl\xe8\xec\xd3\
#\xafdk\xfa\x7fOV\xbd\x1bVP\x022\x80\x02\
\x100\x83)i\xferf\x01\x00\xf8\xc7O\x17\xbf\xa1\
d*\x87\xdb\x95\xdb\x14% \x03(\x00\x01\xf4\xd0\xdb\
\x03z\xad\x8d}\x01\x00\xb8\xf7\xd2\xda\x0e=\xf0\xe2\xba\
\xdc\x9f\x98\x120f\x14\x80\x00\xb2V\xfa\xfe\xb2>%\
y>\x10\x00\x87\x06\x93)}\xf5\xfeWd]\xfd-\
\xa2\x04\x8c\x09\x05 \xa0\xde\xecH\xea\x8e\x97w\xb8\x8e\
\x01\xa0\x80\xfdh\xd1\x0a\xbd\xb19\x9b+\xff\xd3@\x09\
\x185\x0a@\x80-x\xad_\xcfmbs \x00\xb9\
\xb7\xf4\x8d\xad\xba\xeb\x89\x95\xaec\xbc\x83\x120*\x14\
\x80\x00\xb3V\xfa\xca\x13\xbd<(\x08@N\xbd\xb5u\
\xbb\xbe\xf4\xab\xe7\xddM\xfd\xef\x0b%`\xc4(\x00\x01\
\xd7\x9b\xb0\xfa\x97\x96\x1em\xe1\xd6@\x009\xb0\xa5\xbb\
__\xbc\xeb\x19u\xef\xf0\xe1\xec#%`D(\x00\
y\xa0\xad/\xa5\x7f|l\xbb6v\xb3U0\x80\xec\
\xd9\xd0\xd9\xa7\xcf\xfc\xf7\x93\xda\xbc\xcd\xc7\xeb\x8fv\x96\
\x80\x9e\x0e\xd7I|\x8f\x02\x90'\xd6oO\xe9\x0b\x8f\
l\xd3\x8a\xcd\x99x\x167\x00\xecn\xe5\x96n}\xf2\
\xe7K\xb5\xae\xa3\xd7u\x94\x03\xb3)v\x0cL\x03\x05\
 \x8ft%\xc2\xba\xe1\xb1\x1dzh\xf9f\xd7Q\x00\
\xe4\x91?\xbc\xb8^\x1f\xff\xe9Rm\xed\x0e\xd0&d\
\x5c\x0e8 \xd3\xd4\xdc\xe1\xa7e\x1c\xc8\x80\xd4`\x5c\
\xe7\xd4v\xea\xc6sf\xa84\x16v\x1d\x07@@\xf5\
\x0e\x0c\xea\x9b\x0f.\xd7}\xcf;\xd8\xe8'S\x8c\xa7\
\xd2\x83\x0eS\xa4\xbc\xd6u\x12\xdf\xa1\x00\xe4\xa9\xd4`\
\x5cE\x1do\xea\x8b\x8d\xd3t\xe11\x93d\x8c\xebD\
\x00\x82d\xc9\x8a-\xfa\xcf\xfb_\xd1\x16?_\xefO\
\x17%`\x9f(\x00y,5\x18W\xcf\xdaW5k\
|L\x9f:\xfb\x10\x9dvH\x83\xebH\x00|n\xe9\
\x1b[\xf5\xf3\xc7\xdf\xd4Kk\xf3l\x11\x1d%`/\
\x14\x80<\xb7\xb3\x04\xa4\x06zu\xc4\xc4J}\xe4\xa4\
i:\xf7\xa8\x09*+\x8a\xb8\x8e\x06\xc0'\xb6\xf7'\
\xf4\xc7\xe5\x1b\xf5\xab\xe7\xd6\xe8\xf5\x8d\xdb\x5c\xc7\xc9\x1e\
J\xc0n(\x00\x05`\xd7\x12 I\xd1\xb0\xa73\x0f\
\x1b\xa7Sg\xd4\xeb\x84\xe9u\x9aR[\xea8!\x80\
\x5c[\xdb\xde\xab\xe7\xden\xd3\xd3o\xb5j\xc9\x8a-\
\x8a\x0f\x16\xc8^\x22\x94\x80wQ\x00\x0a\xc4\x9e%`\
W\xb5e1\x1d\x5c_\xae)u\xa5\x9aPU\xac\x8a\
\xe2\xa8J\xa2!EB\xdc$\x02\x04]\x22\x99R_\
<\xa9\xee\x1dqm\xec\xdc\xa1\xb5\xed=Z\xd5\xda\xa3\
\xf6\x9e\x01\xd7\xd1\xdc\xa1\x04H\xa2\x00\x14\x94\xfd\x95\x00\
\x00((\x94\x00\xf6\x01($^8\xaa\xb2)G\xc9\
\x8b1\xe5\x0f\xa0\xc0\xb1O\x00\x05\xa0\xd0P\x02\x00`\
H\x81\x97\x00\x0a@\x01\xa2\x04\x00\xc0\x90\x02.\x01\x14\
\x80\x02E\x09\x00\x80!\x05Z\x02(\x00\x05\x8c\x12\x00\
\x00C\x0a\xb0\x04P\x00\x0a\x1c%\x00\x00\x86\x14X\x09\
\xa0\x00\x80\x12\x00\x00;\x15P\x09\xa0\x00@\x12%\x00\
\x00\xde\xb5\xb3\x04\xf4\xe4\xd9\xf3\x10\xf6@\x01\xc0\xbb(\
\x01\x000\xc4\xa6\xd4\xbb\xfe\xf5\xbc.\x01\x14\x00\xec\x86\
\x12\x00\x00C\xf2\xbc\x04P\x00\xb0\x17J\x00\x00\x0c\xc9\
\xe3\x12@\x01\xc0>Q\x02\x00`H\x9e\x96\x00\x0a\x00\
\x86E\x09\x00\x80!yX\x02(\x00\xd8/J\x00\x00\
\x0c\xc9\xb3\x12@\x01\xc0\x01Q\x02\x00`H\x1e\x95\x00\
\x0a\x00\xd2B\x09\x00\x80!yR\x02(\x00H\x1b%\
\x00\x00\x86\xe4A\x09\xa0\x00`D(\x01\x000$\xe0\
%\x80\x02\x80\x11\xa3\x04\x00\xc0\x90\x00\x97\x00\x0a\x00F\
\x85\x12\x00\x00C\x02Z\x02(\x00\x185J\x00\x00\x0c\
\x09`\x09\xa0\x00`L(\x01\x000$`%\x80\x02\
\x801\xa3\x04\x00\xc0\x90\x00\x95\x00\x0a\x002\x82\x12\x00\
\x00C\x02R\x02(\x00\xc8\x18J\x00\x00\x0c\x09@\x09\
\xa0\x00 \xa3(\x01\x000\xc4\xe7%\x80\x02\x80\x8c\xa3\
\x04\x00\xc0\x10\x1f\x97\x00\x0a\x00\xb2\x82\x12\x00\x00C|\
Z\x02(\x00\xc8\x1aJ\x00\x00\x0c\xf1a\x09\xa0\x00 \
\xab(\x01\x000\xc4g%\x80\x02\x80\xac\xa3\x04\x00\xc0\
\x10\x1f\x95\x00\x0a\x00r\x82\x12\x00\x00C|R\x02(\
\x00\xc8\x19J\x00\x00\x0c\xf1A\x09\xa0\x00 \xa7(\x01\
\x000\xc4q\x09\xa0\x00 \xe7(\x01\x000\xc4a\x09\
\xa0\x00\xc0\x09J\x00\x00\x0cqT\x02(\x00p\x86\x12\
\x00\x00C\x1c\x94\x00\x0a\x00\x9c\xa2\x04\x00\xc0\x90\x1c\x97\
\x00\x0a\x00\x9c\xa3\x04\x00\xc0\x90\x1c\x96\x80p\xd6\xcf\x80\
\xc0\x88\x85\x8c\xc6\x97z*\x0aKeQO\xc5a)\
\xe4\x99\x1c\x9d=*;u\xb6\xfa\xdb\xd6\xc9\x0e\x0e\xe4\
\xe8\x9c@~\x1bL\xa6\xd4\x17Oj{\x7fB;\xe2\
\x83\xda\xd8\xb5C\x03\x89\xa4\xebX8\x90\xa1\x12P:\
\xe9pE\xcaj\xb2v\x1a\x0a@\x81\x0a{\xd2\xe1\xb5\
a\x1d7.\xac\x99\xf5aM\xae\x08\xa9\xa1\xd4S\xae\
\x86\xfb\xe1U\xba\x0e\x00\xe4-k\xa5\xcd\xdbvhu\
[\x8f^X\xd3\xaeeo\xb7k\xf9\x86.\x0d&S\
\xae\xa3aOC%\xa0l\xf2\x91\x0a\x97Ve\xe5\x14\
\xa6\xa9\xb9\xc3f\xe5\xc8\xf0\xa5CkB:ozL\
s\xa7EU\x19s?\xdc\x03p\xab\xa7?\xa1\xc7_\
\xdf\xa2\x07^\x5c\xafg\xdfn\x95eD\xf0\x17\xe3e\
\xad\x04P\x00\x0a\x801\xd2)\x13#\xbazf\xb1\x0e\
\xad\x09\xb9\x8e\x03\xc0\xa7Vn\xd9\xae\xbb\x9eX\xa9\x87\
^\xde\xa0d\x8a\xa1\xc17\xb2T\x02(\x00y\xee\x94\
\x89\x11];\xbbD\x93\xcaY\xef\x09 =k\xdaz\
\xf5\xad\x07\x97k\xe9\x9b[]G\xc1NY(\x01\x14\
\x80<UW\xe2\xe9\xba\x13Jt\xc6\xa4\x88\xeb(\x00\
\x02\xea\xb1\xd76\xe9\xeb\x0f,W\xeb\xf6~\xd7Q \
e\xbc\x04\xf0\xb10\x0f\x1d?>\xac\x9f\x5cP\xce\xe0\
\x0f`L\xe6\x1c9A\xbf\xfc\xc2\xd9:\xfd\x90\x06\xd7\
Q I6\xa5\x9eu\xafi\xb0\xb7+#\x87\xa3\x00\
\xe4\x99\xabg\x16\xeb\x9bs\xcaUS\xc4\xaf\x16\xc0\xd8\
U\x95D\xf5\xfd+O\xd2\xa7\x1b\x0fu\x1d\x05RF\
K\x00\xa3D\x9e\xf0\x8ct\xe3I%\xbazf\x91\x0f\
n\xe5\x03\x90O<c\xf4\xb9\xb9\x87\xe9\x96\x0f\x1e\x9b\
\xc3\xbdA0\xac\x0c\x95\x00\x0a@\x1e0F\xfa_\xa7\
\x96\xea}3b\xae\xa3\x00\xc8c\x97\x1c?Y_\xfe\
\xd0\xb1\xf2\x0c%\xc0\xb9\x0c\x94\x00\x0a@\x1e\xb8\xf6\xb8\
\x12\xcd\x9d\x16u\x1d\x03@\x01\xb8\xf0\x98I\xfa\xa7\x8b\
\x8fv\x1d\x03\xd2\x98K\x00\x05 \xe0\xe6\x1dQ\xa4\x0f\
\x1f\xce'\x7f\x00\xb93\xef\xa4i\xba\xec\xd4\x83]\xc7\
\x804\xa6\x12@\x01\x08\xb0\xc3k\xc3\xfa\xd41\xc5\xae\
c\x00(@7\x9c\x7f\x84fM\xaev\x1d\x03\xd2\xa8\
K\x00\x05 \xa0J#F\xb7\x9cQ\xaa0\xbfA\x00\
\x0e\x84C\x9e\xfes\xde\xf1*\x8d\xf1H\x19_\x18E\
\x09`\xf8\x08\xa8O\x1cS\xac\x86R~}\x00\xdc\x99\
XU\xa2\xbf\x9fs\x98\xeb\x18\xd8\xc9\xa6\xd4\xb3\xfe\xaf\
i\x97\x00F\x90\x00:\xb8*\xa4K\x0e\xe1\xba?\x00\
\xf7>z\xcat\x1d:\xbe\xc2u\x0c\xec\x94J\xa6]\
\x02(\x00\x01\xf4\xd9\xe3\x8a\x15\xe2.\x1c\x00>\x10\xf2\
\x8c>\x7f\xce\xe1\xaec`Wi\x96\x00\x0a@\xc0\xcc\
\xa8\x0e\xe9\x84\x09l\xf1\x0b\xc0?\xce<l\x9c\x8e\x98\
X\xe9:\x06v\x95F\x09\xa0\x00\x04\xcc\xe5G\xb1\xd3\
\x1f\x00\xff\xb9\xea\x8c\xf7\xb8\x8e\x80=\x1d\xa0\x04P\x00\
\x02\xa4<jt\xda$6\xfc\x01\xe0?s\x8e\x9c\xa0\
\xca\x12\xfe>\xf9\xce~J\x00\x05 @\xe6L\x8d*\
\xc2o\x0c\x80\x0fEB\x9e\xe6\x1e9\xc1u\x0c\xec\xcb\
0%\x80\xe1$@\xce\x9eB\xbb\x06\xe0_\xe7\xcd\x9c\
\xe8:\x02\x86\xb3\x8f\x12@\x01\x08\x88X\xc8\xe8\xa8z\
6\xdc\x00\xe0_\xc7N\xa9Q,\x12r\x1d\x03\xc3\xd9\
\xa3\x04P\x00\x02\xe2\xe8\xfa0\xd3\xff\x00|-\x1a\xf6\
4k\x12\xdb\x03\xfb\xda.%\x80!% \x0e\xab\xa5\
U\x03\xf0\xbf\xa3&U\xb9\x8e\x80\x03\x19*\x01\x14\x80\
\x80\x98\x5cN\x01\x00\xe0\x7fS\xebJ]G@:R\
I\x0a@PL\xae\xe0W\x05\xc0\xff\xa6\xd6\x95\xb9\x8e\
\x8041\xaa\x04Dm1\xbf*\x00\xfeW_^\xe4\
:\x02\xd2\xc4\xa8\x12\x10%\x11\xf6\xff\x03\xe0\x7f<\x1e\
88(\x00\x01Q\x1c\xa6\x00\x00\xf0\xbf\x92(\x05 \
((\x00\x00\x00\x14 \x0a@@\xec\x18\xb4\xae#\x00\
\xc0\x01\xf5\xc5\x07]G@\x9a(\x00\x01\xd1\x97\xa0\x00\
\x00\xf0\xbf\xde\x01\x0a@PP\x00\x02\xa2}G\xcau\
\x04\x008\xa0\xd6\xee~\xd7\x11\x90&\x0a@@\xac\xed\
\xa6\x00\x00\xf0\xbf\xd5m=\xae# M\x14\x80\x80X\
\xd7\x9dt\x1d\x01\x00\x0ehM{\xaf\xeb\x08H\x13\x05\
  Vtp]\x0d\x80\xff\xbd\xba\xbe\xd3u\x04\xa4\
\x89\x02\x10\x10\xcb[\x93\x8a'Y\x08\x08\xc0\xbf\xe2\x83\
)\xbd\xbc\x8e\x02\x10\x14\x14\x80\x80\x88'\xad^k\xe3\
2\x00\x00\xffzaM\xbb\xe2\x83\xacW\x0a\x0a\x0a@\
\x80,^\x1bw\x1d\x01\x00\x86\xf5\xe8+\x1b]G\xc0\
\x08P\x00\x02\xa4eM\x5c\x09\xca5\x00\x1f\x8a\x0f\xa6\
\xf4\xa7W7\xb9\x8e\x81\x11\xa0\x00\x04\xc8\xf6\xb8\xd5\x92\
u\xcc\x02\x00\xf0\x9fE\xafm\xd2\xf6\xfe\x84\xeb\x18\x18\
\x01\x0a@\xc0\xdc\xf3Z\xbfX\x0a\x08\xc0O\xac\x95\xee\
X\xb2\xd2u\x0c\x8c\x10\x05 `\xde\xeaL\xea\xd9\x8d\
\xb4l\x00\xfe\xf1\xf8\xeb\x9b\xf5\xe6\xe6n\xd710B\
\x14\x80\x00\xba\xed\x85\x1db\xa1-\x00?H\xa6\xac\xfe\
k\xd1\x0a\xd710\x0a\x14\x80\x00Z\xbd-\xa9\xdf\xbd\
\xc1~\xdb\x00\xdc\x9b\xbf\xf4-\xad\xdc\xc2\xa7\xff \xa2\
\x00\x04\xd4\x1d\xaf\xf4kS\x0f\xd3\x00\x00\xdcY\xdf\xd1\
\xab\x9f\xb5\xbc\xe9:\x06F\x89\x02\x10P}\x09\xab\xaf\
<\xd1\xc3\xa5\x00\x00N\xc4\x07S\xfa\xe7_\xfeE}\
q\xb6)\x0f*\x0a@\x80\xad\xe8H\xea'/\xf4\xb9\
\x8e\x01\xa0\x00}\xfb\xa1W\xf5\xd7\x8d\xdb\x5c\xc7\xc0\x18\
P\x00\x02\xee7+\x06\xb4\xf0\xaf\xac\x07\x00\x90;w\
,Y\xa9{\x9f]\xed:\x06\xc6\x88\x02\x90\x07n{\
a\x87\x1e^A\x13\x07\x90}\xf7\xbd\xb0N?\xf8\xe3\
_]\xc7@\x06P\x00\xf2\x80\x95\xf4\xcd\xbf\xa4t\xcf\
\xf3[]G\x01\x90\xc7~\xf9\xcc*}\xe5\xb7/\xc9\
\xb2\x1bY^\x08\xbb\x0e\x80\xcc\xb0\x92~\xf6zD\xdb\
\xfa7\xe93\xa7\x8e\x97g\x8c\xebH\x00\xf2D*e\
\xf5\x83?\xbd\xae;\xd9\xed/\xaf0\x03\x90g\x16\xae\
.\xd2u\xbfyKm\xdbY\x17\x00`\xec:z\x07\
\xf4\xc5\xbb\x9fa\xf0\xcfC\x14\x80<\xf4\xda@\xad\xae\
\xf9\xc5[\xfa\xe3r\x1e\xcd\x09`\xf4\x1eye\x83\xfe\
\xee\x87\x8f\xeb\xa9\x95\xad\xae\xa3 \x0bLSs\x07W\
s\xf2T\x7f\xeb\x1a\x1dS\xd9\xaf\x7f\xbc\xf0(\x1d\xdc\
P\xee:\x0e\x80\x80X\xb9e\xbb\xbe\xf9\xe0r=\xf7\
v\x9b\xeb(\xc8\x22\x0a@\x9e\xebo]\xa3x\xfbz\
\x9dqX\x83>\xddx\xa8\x8e:\xa8\xcau$\x00>\
\xf5\xe6\xe6n\xdd\xbd\xf4-=\xf8\xf2\x06\xa5R\x0c\x0d\
\xf9\x8e\x02P\x00\xfa[\xd7\xa8\xbfm\x9d$\xe9=\x0d\
\xe5\xba\xe8\xd8I\xba\xe4\xf8\xc9\xaa)\x8d9N\x06\xc0\
\xb5\xee\x1d\x09\xfd\xe9\xd5\x8dz\xe0\xc5\xf5zim\x07\
+\xfc\x0b\x08\x05\xa0@\xecZ\x02$\xc9\xf3\x8c\x8e\x9c\
X\xa9\x13\xa6\xd7\xe9\xb8\xa95\x9a^_\xa6\x89U%\
\xf2<\xee\x1e\x00\xf2U*e\xb5\xb1\xabO\xabZ{\
\xf4\xfc\x9a\x0e-{\xbbM\x7f\xdd\xb4\x8dO\xfb\x05\x8a\
\x02P@\xf6,\x01{\x8a\x84<5T\x14\xa9\xa28\
\xa2\xd2XX!\x8f5\xa2@\xd0%S)\xf5\x0e\x0c\
\xaa{GB[\xbb\xfb\x95H\xf2\x00\x11\xbc\x83}\x00\
\x0aHQ\xfdTI\x1a\xb6\x04$\x92)m\xe8\xec\xd3\
\x86\xce\x5c\xa6\x02\x00\xb8\xc0G\xbc\x02ST?UE\
u\x93]\xc7\x00\x008F\x01(@\x94\x00\x00\x00\x05\
\xa0@Q\x02\x00\xa0\xb0Q\x00\x0a\x18%\x00\x00\x0a\x17\
\x05\xa0\xc0Q\x02\x00\xa00Q\x00@\x09\x00\x80\x02D\
\x01\x80$J\x00\x00\x14\x1a\x0a\x00\xdeE\x09\x00\x80\xc2\
A\x01\xc0n\x8a\xea\xa7*V;\xc9u\x0c\x00@\x96\
Q\x00\xb0\x97\xe2\x86i\x94\x00\x00\xc8s\x14\x00\xec\x13\
%\x00\x00\xf2\x1b\x05\x00\xc3\xa2\x04\x00@\xfe\xa2\x00`\
\xbf(\x01\x00\x90\x9f(\x008 J\x00\x00\xe4\x1f\x0a\
\x00\xd2B\x09\x00\x80\xfcB\x01@\xda(\x01\x00\x90?\
(\x00\x18\x11J\x00\x00\xe4\x07\x0a\x00F\x8c\x12\x00\x00\
\xc1G\x01\xc0\xa8P\x02\x00 \xd8(\x00\x185J\x00\
\x00\x04\x17\x05\x00cB\x09\x00\x80`\xa2\x00`\xcc(\
\x01\x00\x10<\x14\x00d\x04%\x00\x00\x82\x85\x02\x80\x8c\
\xa1\x04\x00@pP\x00\x90Q\x94\x00\x00\x08\x06\x0a\x00\
2\x8e\x12\x00\x00\xfeG\x01@VP\x02\x00\xc0\xdf(\
\x00\xc8\x1aJ\x00\x00\xf8\x17\x05\x00YE\x09\x00\x00\x7f\
\xa2\x00 \xeb(\x01\x00\xe0?\x14\x00\xe4Dq\xc34\
\xc5j&\xba\x8e\x01\x00\x18B\x01@\xce\x14\x8f;\x98\
\x12\x00\x00>A\x01@NQ\x02\x00\xc0\x1f(\x00\xc8\
9J\x00\x00\xb8G\x01\x80\x13\x94\x00\x00p\x8b\x02\x00\
g(\x01\x00\xe0\x0e\x05\x00NQ\x02\x00\xc0\x0d\x0a\x00\
\x9c\xa3\x04\x00@\xeeQ\x00\xe0\x0b\x94\x00\x00\xc8\xad\xb0\
\xeb\x00p\xaf\xa1\xc4\xd3\xe4\x8a\x90&Wx\x1a_\xea\
\xa9$bT\x1a1\xf2L\xae\x93\xccT\xb2\xff`%\
\xe3;r}b oY+\xf5\x0c$\xd4\xd3?\xa8\
\x8d]}Z\xdb\xd6\xabUm=\xda\xb2\x8d\xff\xce\x0a\
\x1d\x05\xa0\x00\x15\x85\x8dN;(\xa2\x13&Dt\xdc\
\xb8\xb0\xc6\x95\xfai\x22(*\xa9\xdau\x08 \xefm\
\xec\xea\xd3\xb2\xb7\xdb\xf5\xd4\xcaV=\xfe\xfaf\xf5'\
\x92\xae#!\xc7LSs\x87u\x1d\x02\xb9qd]\
X\xef\x9b\x11\xd3YS\x22*\x0e\xe7\xfc\xe3=\x00\x9f\
\xea\x1d\x18\xd4c\xafm\xd2\xbd\xcf\xae\xd1\xf2\xf5\x9d\xae\
\xe3 G(\x00\x05\xe0\xb8qa]yt\xb1\x8e\x1d\
\xc7\x84\x0f\x80\xfd{\xf6\xed6\xfd\xbc\xe5\x0d-[\xd5\
\xee:\x0a\xb2\x8c\x02\x90\xc7\xeaJ<}\xfa\x98b\x9d\
;=\xea:\x0a\x80\x80Y\xb2b\x8b\xbe\xf6\xc0+\xda\
\xd4\xc5Z\x81|E\x01\xc8S\xef?$\xa6\xcf\x1eW\
\xac\x22\xa6\xfa\x01\x8c\xd2\x8exR\xdf}\xf8U\xfd\xea\
\xb95\xae\xa3 \x0b(\x00y\xa6$bt\xd3I%\
\x9a3\x95O\xfd\x002c\xf1k\x9bu\xcbo_\xd4\
\xf6\xfe\xe1\xd9\x8cA\x00\x00\x15\xb1IDAT\x84\xeb\
(\xc8 ?-\xff\xc6\x18\xd5\x16{\xba\xf5\xdcr\x06\
\x7f\x00\x19\xd5t\xe4x\xdd\xfe\xe9\xd35\xae\xb2\xd8u\
\x14d\x10\x05 OL\xa9\x08\xe9G\xe7\x95\xeb\xe0\xaa\
\x90\xeb(\x00\xf2\xd0\xc1\x0d\xe5\xfa\x9fO\x9d\xaeiu\
e\xae\xa3 C(\x00y\xa0\xa1\xc4\xd37\xe6\x94\xa9\
\xc1W\xf7\xf3\x03\xc87\x13\xaa\x8au\xdb'N\xd5\x84\
*f\x02\xf2\x01#F\xc0U\xc5\x8c\xbe5\xb7L\x0d\
%\xfc*\x01d_}y\x91~x\xd5)\xaa,\xe1\
Rc\xd01j\x04\x981\xd2\x97N/\xd5\xa4r\xa6\
\xfd\x01\xe4\xce\xf4\xfa2}\xe3\xa3\xb3\xe5\xe5~\xbfp\
d\x10\x05 \xc0\xae:\xbaH\xb3\xc7G\x5c\xc7\x00P\
\x80N\x9c^\xa7k\xce\x9c\xe1:\x06\xc6\x80\x02\x10P\
\x87\xd5\xbe\xb3\xbb\x1f\x00\xb8\xf2\xb99\x87\xe9\x88\x89\x95\
\xaec`\x94(\x00\x01d\x8ct\xdd\x09\xc5\x0e\x9e\xd6\
\x07\x00\x7f\xe3yF_\xbad\x96<\xc3\x1f\xa3 \xa2\
\x00\x04\xd0\xc5\xef\x89\xe9\x88Z\xf6\xf5\x07\xe0\xde\x91\x07\
U\xe9\x92\xe3'\xbb\x8e\x81Q\xa0\x00\x04L\xd8\x93.\
;\xaa\xc8u\x0c\x00x\xd7g\x9a\x0eU$\xc4p\x12\
4\xfc\xc6\x02\xe6\xbc\xe91\x8d\xe3~\x7f\x00>2\xbe\
\xb2X\x17\xcc:\xc8u\x0c\x8c\x10#I\xc0|\xe8\xb0\
\x98\xeb\x08\x00\xb0\x97\xcbO;\xd8u\x04\x8c\x10\x05 \
@\x0e\xa9\x0e\xb1\xd5/\x00_:t|\x85\x0e\x19_\
\xe1:\x06F\x80\x02\x10 \xe7Ng\xe7-\x00\xfeu\
\xd11\x93\x5cG\xc0\x08P\x00\x02\xe4\x94\x83(\x00\x00\
\xfc\xeb\xcc\xc3\xc6\xb9\x8e\x80\x11\xa0\x00\x04Dm\xb1\xa7\
I\xe5\xfc\xba\x00\xf8\xd7\xf4\xfa25Tp\x97RP\
0\xa2\x04\xc4\xf1\xe3\xb8\xef\x1f\x80\xff\x1d?\xad\xd6u\
\x04\xa4\x89\x02\x10\x10\xd3Y\xfc\x07 \x00f\x8c+w\
\x1d\x01i\xa2\x00\x04\xc4\xa4\x0a\x0a\x00\x00\xff\x9bZ[\
\xe6:\x02\xd2D\x01\x08\x88\x83\xca\xf8U\x01\xf0\xbf)\
\xb5\xa5\xae# M\x8c*\x01Q\x11\xe3a\x1b\x00\xfc\
\xaf\xa2\x84\xbb\x95\x82\x82\x02\x10\x10\xc5a\x0a\x00\x00\xff\
+\x8dr\xb92((\x00\x01QD\x01\x00\x10\x00%\
Q\xeeX\x0a\x0a\x0a@@\xc4\x93\xd6u\x04\x008\xa0\
\xfe\xc1\xa4\xeb\x08H\x13\x05  v\x0cR\x00\x00\xf8\
_\xdf\xc0\xa0\xeb\x08H\x13\x05  z\xe2\x14\x00\x00\
\xfe\xb7\xbd\x9f\x02\x10\x14\x14\x80\x80\xd8\xd4\x9br\x1d\x01\
\x00\x0eh}G\xaf\xeb\x08H\x13\x05  \xd6uS\
\x00\x00\xf8\xdf\x9a6\x0a@PP\x00\x02b\xcd6\x16\
\xd6\x00\xf0\xbfU\xad\xdb]G@\x9a(\x00\x01\xf1\xca\
V\xae\xab\x01\xf0\xbf\xe7\xd7\xb4\xbb\x8e\x804Q\x00\x02\
bMwR\xed;\xb8\x0c\x00\xc0\xbfZ\xb7\xf7s\x09\
 @(\x00\x01\xf2\xdc&f\x01\x00\xf8\xd7\xd27\xb6\
\xba\x8e\x80\x11\xa0\x00\x04\xc8\xa2\xd5q\xd7\x11\x00`X\
\x0f\xbe\xb4\xdeu\x04\x8c\x00\x05 @\x9e\xdf\x92\xd0\xd6\
>.\x03\x00\xf0\x9f\xcd\xdbv\xe8\xf9\xd5\x1d\xaec`\
\x04(\x00\x01b\xad\xf4\xc0\x9b\x03\xaec\x00\xc0^\x16\
>\xb3Z)\xcb\x86eAB\x01\x08\x98\xdf\xbc1\xc0\
\xae\x80\x00|\xa5\xa7?\xa1_=\xb7\xc6u\x0c\x8c\x10\
\x05 `\xfa\x12V\xbf}\x83Y\x00\x00\xfe1\xff\xc9\
\xb7\xd5\xd3\x9fp\x1d\x03#D\x01\x08\xa0\x05\xaf\xf5k\
3[\x03\x03\xf0\x81\xcd\xdbv\xe8\xee\xa5o\xb9\x8e\x81\
Q\xa0\x00\x04\xd0\xc0\xa0\xd5\x8f\x9f\xefs\x1d\x03\x00\xf4\
\xf5\x07\x96kG\x9c\x9dJ\x83\x88\x02\x10PK\xd6%\
\xf4\xc7U\xdc\x16\x08\xc0\x9d\x87_\xde\xa0\xc7_\xdf\xec\
:\x06F\x89\x02\x10`\xdf{\xaeOk\xbbi\xde\x00\
roM[\xaf\xfe\xfd\xbe\x97]\xc7\xc0\x18P\x00\x02\
l\xc7\xa0\xd5\x97\x9f\xe8\xe5\xae\x00\x009\xb5mGB\
7-xV}\x03\xecN\x1ad\x14\x80\x80[\xd5\x95\
\xd4\xbf\xb4\xf4\xa8\x7f\x90\x12\x00 \xfb\x06\x12I\xdd\xd8\
\xfc\xacV\xb5\xf6\xb8\x8e\x821\xa2\x00\xe4\x81\xd7\xda\x06\
\xf5\xaf\x8b\xb6\xaa?\xc1\xe5\x00\x00\xd9\xd3\x9fH\xea\xe6\
{\x96\xe9\xc55\xec\xf8\x97\x0f(\x00ybY{T\
\xd7?\xb8U]},\x0c\x04\x90y\xdd;\x12\xba\xf6\
\x8e\xa7\xf5\xe4\x9b<\xf0'_P\x00\xf2\xc8\x9b\xbdE\
\xfa\xc2\x83\xadZ\xb9u\xbb\xeb(\x00\xf2\xc8\x9b\x9b\xbb\
u\xf5O\x97\xe8\xc5\xb5|\xf2\xcf'\x14\x80<\xb31\
^\xa2k\x1f\xec\xd0\xef\x9e_\xe7:\x0a\x80<\xf0\x9b\
ekt\xd5O\x9f\xd0\x9a\xb6^\xd7Q\x90a\xa6\xa9\
\xb9cPR\xc8u\x10d\xd6`\xdf6\x1d\x11\xde\xa2\
\x7f\xb9\xe8(M\xaf/s\x1d\x07@\xc0\xac\xeb\xe8\xd5\
\xd7\x1fX\xce\x94\x7f\x9e\xb2R\xca45w\xf4I*\
v\x1d\x06\x997\xd8\xb7M\xf1M\xaf\xeb\xa3'M\xd1\
\x95\xa7\xbfG\xb5e1\xd7\x91\x00\xf8\x5c{\xcf\x80\xee\
|b\xa5~\xf9\xf4j%\x92l9\x9e\xb7\x8c\xd7o\
\x9a\x9a;\xba$U\xba\xce\x82\xec\x18\xec\xdb\xa6\x9eu\
\xaf)\x16\x92>p\xfc\x14}\xe4\xa4\xa9zOC\xb9\
\xebX\x00|f\xe5\x96\xed\xfa\xd5s\xab\xf5\xbb\xbf\xac\
U|\x90\x81?\xef\x19\xd3c\x9a\x9a;\xb6J\xaaw\
\x9d\x05\xd9\xb3\xb3\x04(\xf5\xcem\x82\x87O\xa8\xd4\x05\
\xb3\x0e\xd2\xa93\xea5c\x5c\x85\x8cq\x1c\x10@\xce\
Y+\xbd\xb9\xa5[O\xadl\xd5\xc3/\xaf\xd7\x8aM\
\xdd\xae#!\x97L\xa8\xc345w\xac\x934\xc9u\
\x16d\xd7\x9e%`\xa7\xea\xd2\xa8\x8e\x9dR\xa3i\xf5\
e\x9aZ[\xa6\x89\xd5%*\x8d\x85U^\x14\x96\xa1\
\x19\x00\x81g\xad\xd5\xf6\xfeA\xf5\x0e\x0cjcg\x9f\
\xd6\xb4\xf7huk\x8f^X\xd3\xc1m\xc3\x05\xcc\x1a\
o\x8bij\xeexK\xd2\xc1\xae\xc3 \xfb\x86+\x01\
\x00\x80\x02c\xbc\xf5\x9e\xb1\x1ap\x9d\x03\xb9\x11.\xa9\
T\xd9\xa4#$\xc3\xdd\x9f\x00P\xc8\x8c1q\xcfJ\
\x5c\xf8) \xe1\xd2*\x95M9J\xf2\xb8\xf3\x13\x00\
\x0a\x95\x95\xb7\xdd\x93\xd4\xe6:\x08r+\x5cR\xa9\xb2\
\xc9GR\x02\x00\xa0@\x19\xcftx2jw\x1d\x04\
\xb9G\x09\x00\x80\x02f\xd5\xe9I\x86\x02P\xa0(\x01\
\x00P\xa0\xbcP\xbbg\x8d\xa5\x00\x140J\x00\x00\x14\
\x1e#\xdb\xc1\x1a\x00P\x02\x00\xa0\xd0xj\xf5\x8c,\
\x05\x00\xdc\x22\x08\x00\x85$\xe5\xb5y^\xca\xaeu\x9d\
\x03\xfe\xc0-\x82\x00P l\xe8-/\x1e\x8d\xadv\
\x9d\x03\xfe\xc1\xe5\x00\x00\xc8\x7f\xa9hh\x85\xb7d^\
y\xab\xa4\x1e\xd7a\xe0\x1f\x94\x00\x00\xc8c&\xd4\xfb\
\xc2\xff>\xabu\xe7\x05\xdf5N\xc3\xc0w(\x01\x00\
\x90\xa7<\xb3A\x92\xde)\x00V\xab]f\x81?Q\
\x02\x00 \xff\x18\xe3\xad\x93\x86\x0a\x805Z\xe56\x0e\
\xfc\x8a\x12\x00\x00y\xc6xk\xa5\x9d3\x002+]\
f\x81\xbfq\x8b \x00\xe4\x11\xe3\xad\x94\x86\x0a\x80g\
\xcc+n\xd3\xc0\xef\xb8E\x10\x00\xf2C\xc8\x84\x9e\x97\
\x86\x0a\x80Ix/\xb9\x8d\x83 \xe0r\x00\x00\x04\x9d\
Q\xaa\xb8|\x994T\x00\x16]]\xd1.i\x93\xd3\
L\x08\x04J\x00\x00\x04\x98\xe7m\xf9\xcb?\x9c\xd0&\
\xbd\xbb\x06@\x92\xf4\xb2\xa38\x08\x18J\x00\x00\x04\x93\
\xf1Bo\xec\xfc\xfa\xdd\x02`%\xd6\x01 m\x94\x00\
\x00\x08\x1ecB\xcbw~\xed\xfd\xed\x0b\xc3\x0c\x00F\
\x84\xbb\x03\x00 `<\xef\xdd\x0f\xfb\xef\xfe\xe5\x1e\x94\
\xf7\xb4\x9b4\x082\xee\x0e\x00\x80\xe0\x88\x86\x8a\x17\xef\
\xfc\xda\xec\xfa\x83\xa6\xe6\xce\xcd\x92\x1d\x97\xfbH\x08\xba\
\xc1\xbem\xeaY\xf7\x9a\x94J\xba\x8e\x02\x00\xd8\x17/\
\xdc\xf1\xc2W.\xac}\xf7\x9f\xbb\xff\xd42\x0b\x80Q\
aM\x00\x00\xf8\x9b\xe7\x85\x97\xed\xf6\xef\xdd~j\xb4\
4\xa7i\x90W(\x01\x00\xe0_&\x12zr\xd7\x7f\
\xefV\x00\x8c\xb1\x14\x00\x8c\x09%\x00\x00\xfc\xc9\x98H\
\xcb\xae\xff\xde\xad\x00\xc4*k\xfe\x22\xa9?\x97\x81\x90\
\x7f(\x01\x00\xe03&4PW6a\xb7\xcb\xfc\xbb\
\x15\x80\x87.4\x032b\x1d\x00\xc6\x8c\x12\x00\x00\xfe\
\xe1\x85\x22/<t\xdd!\x03\xbb}o\xcf\x17\x19\xe9\
\x91\xdcEB>\xa3\x04\x00\x80Ox\xe1G\xf7\xfa\xd6\
\x9e\xdf\xb0I\xf3Pn\xd2\xa0\x10P\x02\x00\xc0\xbdH\
Q\xf1\xef\xf7\xfc\x9e\xd9\xebU\xd6\x9a\xa6\x05\x9d\xeb%\
M\xccE(\x14\x06\xf6\x09\x00\x007L(\xba\xf5\xf9\
/_\xb0\xd7\x1e?{\xef\xe1j\x8c\x95,\x97\x01\x90\
Q\xcc\x04\x00\x80\x1b^8\xbcx\x9f\xdf\xdf\xe7\xab\x8d\
\x1e\xcej\x1a\x14$J\x00\x00\xe4\x9e\xe7\xc5\x1e\xdc\xe7\
\xf7\xf7\xf5M;\xe0=*)\x9e\xd5D(H<@\
\x08\x00r)\x94\x88VW\xde\xbf\xaf\x9f\xec\xf3\xafp\
\xcb5\xd5]\xb2\xfacvC\xa1P\xf1\x00!\x00\xc8\
\x8dP4\xfa\xe7'\xae\x9d\xd5\xb9\xaf\x9f\x0d\xfb1\xcc\
\xca\xdc\x9b\xbdH(t\x5c\x0e\x00\x80\x1c\x88\x16\x0f;\
\x96\x0f[\x00\x8a\x95\xfa\xad\xd8\x15\x10YD\x09\x00\x80\
,2\xa1xY\xac\xf4\x97\xc3\xfdx\xd8\x02\xf0\xd0\x15\
\xb5\xddV\x5c\x06@vQ\x02\x00 ;\xbcH\xe4\xf1\
\x96\x1b\x8f\xeb\x1a\xf6\xe7\xfb}\xb7\xd1\xc2\x8c'\x02\xf6\
@\x09\x00\x80,\x88\x14\xedw\x0c\xdfo\x01(N\xd9\
\xfb$\xf5e4\x10\xb0\x0f\xdc\x1d\x00\x00\x99c\xbcp\
\x7fQC\xc3\xb0\xd3\xff\xd2\x01\x0a\xc0CW\xd4vK\
\xfaUFS\x01\xc3\xe0\xee\x00\x00\xc8\x8cP\xac\xe4\xbe\
\xa5\x9f<|\xfb\xfe^s\xc0\x8f[^J?\xcf\x5c\
$`\xff\xb8\x1c\x00\x00cg\xa3\xb1\x1f\x1f\xe85{\
?\x0b`\x1f\x9a\x9a;^\x95t\xe4\x98\x13\x01i\xe2\
\xd9\x01\x000:\xa1H\xd1\xaae\xffv\xde\xc1\x07z\
]Z\x17\x5c\xad\xb5\xff3\xf6H@\xfa\x98\x09\x00\x80\
\xd1\xb1\xb1\xe2\xb4\xc6\xec\xb4\x0a@(\x19\xb9C\xd2\xc0\
\x18\xf2\x00#F\x09\x00\x80\x112\xa1D\xb8\xa8\xeag\
\xe9\xbc4\xad\x02\xb0\xe8\xea\x8av#\xfdvl\xa9\x80\
\x91\xe3\xee\x00\x00H_(V\xf4\xf037\xcc\xdc\x92\
\xcek\xd3\xfe\xab\x9a\xf2\xbco\x8f>\x120z\xdc\x1d\
\x00\x00\xe90\x8a\x95\x94}3\xddW\xa7]\x00Z>\
V\xb5\xcc\x1a-\x19](`l\xb8\x1c\x00\x00\xfb\xe7\
\xc5\x8a\x9f]z\xd3\xc9i\x8f\xd3#\x9aW5\xd60\
\x0b\x00g(\x01\x000\xbcP\xac\xe4[#y\xfd\x88\
\x0a\xc0\xe2\xcb\xaa\xee\x93\xf4\xfa\x88\x12\x01\x19D\x09\x00\
\x80\xbdy\xd1\x92\xd5\x17\xf6\x9d\xfa\xeb\x11\xbdgDg\
0\xc6\x1a\xe9\xd6\x11\xbd\x07\xc80J\x00\x00\xec\xce\xc4\
\x8a\xbe\x7f\xcb-&5\x92\xf7\x8cxiuiO\xff\
\x9d\x92Ik\x85!\x90-\xdc\x1d\x00\x00\xef0\x91X\
kY\xc3A?\x19\xe9\xfbF\xfc\xd7\xf3\xfe\xcfN\xec\
\x93R_\x1f\xe9\xfb\x80L\xe3\xee\x00\x00\x90\xc2Ee\
\xdfn\xb9fz\xffH\xdf7\xaa\x8fO6\xde\xfdc\
I\xebG\xf3^ \x93\xb8\x1c\x00\xa0\x90y\x91\xd8\xe6\
\xda\x99\xa7}oT\xef\x1d\xcd\x9bZ\xae\x99\xdeo\xad\
\xbe6\x9a\xf7\x02\x99F\x09\x00P\xa8B\xc5\x15\xdfx\
\xe8B3\xaa\x9dzG}\x01\xb5>Z\xfd3I\xab\
F\xfb~ \x93(\x01\x00\x0a\x8d\x17\x89m\x9a:\xed\
\x94\x1f\x8d\xfa\xfd\xa3}\xe3\xbd\xf3L\xdcX\xfb\xd5\xd1\
\xbe\x1f\xc84\x16\x06\x02($\xa6\xb8\xf2?\xee\x9dg\
\xe2\xa3}\xff\x98\xfeR\xa6\x0e\xaa\xb9]F\xcb\xc7r\
\x0c \x93X\x18\x08\xa0\x10x\xd1\xe2\xb7\xcbN<\xf9\
\xb61\x1dc,oni2\x83Jy7\x8c\xe5\x18\
@\xa6q9\x00@~3\x8a\x94V\xdd\xd8\xd2d\x06\
\xc7r\x941\xcf\x95.\xbe\xa2j\x91\xa4\x07\xc7z\x1c\
 \x93(\x01\x00\xf2U\xb8\xb8\xfc\x8fO\xdf|\xe2}\
c=NF.\x96\xdaT\xe8zI\xa3\xbe\x0e\x01d\
\x03%\x00@\xde\xf1\xc2\x89PU\xed\xf5\x199T&\
\x0e\xd2re\xe5Jk\xec\x7fe\xe2X@&Q\x02\
\x00\xe4\x93pi\xf9\xcf\x9e\xfe\xfc\xcc\xbff\xe2X\x19\
[.=hC_\x91\xec\xd6L\x1d\x0f\xc8\x14\xee\x0e\
\x00\x90\x0f\xbcHQ{i\xc3\xa4/e\xecx\x99:\
\xd0\x13\x97Wu\xca\x9a\x1b3u< \x93\xb8;\x00\
@\xb0\x19E\xcb\xaaoj\xb9fzW\xe6\x8e\x98a\
\x8d\xcd\x1d\xf7\x19\xe9}\x99>.\x90\x09\x83}\xdb\xd4\
\xb3\xee5)\x95t\x1d\x05\x00\xd2\x16.\xa9jy\xee\
\x7f\x9f\xd5\x94\xc9cf|N4\x9c\xd4\x17$m\xcf\
\xf4q\x81L`M\x00\x80\xa01\xe1ho\xa8\xba\xfe\
\x9aL\x1f7\xe3\x05\xe0OW\xd5\xac\xb52\xff7\xd3\
\xc7\x052\x85\x12\x00 H\xc2\xa5\xd5_~\xfasG\
\xac\xce\xf4q\xb3\xb2*\xaa\xf1\xcd\xaa\x1fHz:\x1b\
\xc7\x062\x81\x85\x81\x00\x82 T\x5c\xf1\xfc\x85\xbd'\
};\x1b\xc7\xce\xf8\x1a\x80\x9d\x1a\xef\xde6\xc3x\xc9\
\xe7%\x95g\xeb\x1c\xc0X\xb1&\x00\x80_\x99pd\
G\xe9\xf8q',\xf9\xfb\xe3_\xcb\xc6\xf1\xb3\xf6\xf1\
\xa7\xe5\xca\xca\x95\x92\xfe![\xc7\x072\x81\xcb\x01\x00\
\xfc\xc9(\x5cZ\xf3O\xd9\x1a\xfc\xdf9C\x9655\
w.\x94\xec\xa5\xd9>\x0f0\x16\xcc\x04\x00\xf0\x93p\
Y\xf5#\xcf\xfd\xcb\x99\x17d\xf3\x1cY\xbf\x00jM\
\xe8ZI\x9b\xb2}\x1e`,\x98\x09\x00\xe0\x17&R\
\xb4\xb5\xa8d\xfc\x95\xd9>O\xd6\x0b@\xcbe\x15m\
\x9e\xb1WK\xb2\xd9>\x170\x16\x94\x00\x00\xcey\xa1\
T\xa4l\xfc5K\xae;\xa45\xeb\xa7\xca\xf6\x09$\
i\xd1e\xb5\x7f\xb4V_\xcf\xc5\xb9\x80\xb1\xa0\x04\x00\
p)RR\xfd\xfdgn\x9e\x95\x93'\xec\xe6\xec\x1e\
\xa8\xc6\x95\xd5_\x92\xd5\xc3\xb9:\x1f0Z\x94\x00\x00\
.\x84J\xaa\x96N=\xf8\xd4\x7f\xcc\xd5\xf9\xb2\xbe\x08\
pW\xe7/\xdcV\x13O$\x97I\x9a\x9e\xcb\xf3\x02\
\xa3\xc1\xc2@\x00\xb9\xe2E\x8b7\xc5\xea\xa7\x1f\xfb\xe4\
\xe7f\xe4\xec\xa1z9\xdd\x05\xe5\x91y\x95\x1dV\xe6\
C\x92v\xe4\xf2\xbc\xc0h0\x13\x00 \x17L(\x1c\
\x8f\x95\x8f\xfbp.\x07\x7f)\xc7\x05@\x92Z.\xaf\
~\xd1\xc8|6\xd7\xe7\x05F\x83\x1d\x03\x01d\x95\xf1\
TT9\xe1\xc6'o\x9c\xf5T\xaeO\xed\xe4\xaf\xda\
c\x97W\xdf-\xd9[]\x9c\x1b\x18)\x1e%\x0c \
[\xc2e5?}\xf2\xa6\xe3\xfe\xcb\xc5\xb9\x9d}\xac\
9\xfb\xcd\x9a\x1b\x8d\xf4;W\xe7\x07F\x82\xcb\x01\x00\
2-RV\xfb\xd8\xb4\xe9\xa7^\xeb\xea\xfc9]\x04\
\xb8\xa7S\x17\xae+.J\x94>&\xe9\x14\x979\x80\
t\xb10\x10@&\x84be\xaf\xd6L=\xf2\xe4G\
\xaf\x1a\xdf\xeb*\x83\xd3\x0b\x9bO\xcd\x9b\xbc\xc3F\x06\
?(i\x8d\xcb\x1c@\xba\x98\x09\x000V^\xb4x\
Cq\xc3\xf8s]\x0e\xfe\x92\xe3\x02 I-\xf3\x1a\
6\xcb\xd8\x8b$u\xb9\xce\x02\xa4\x83\x85\x81\x00F\xcb\
\x84\xa3\xdd\xb1\xca\x86\x0b\x96|\xf6H\xe7[\xe4\xfb\xe2\
/\xd8\xe2\xcbj_\xb5\xd6\xbeWR\x8f\xeb,@:\
X\x18\x08`\xa4L8\xd6_T;\xe1\x83O^\x7f\
\xccr\xd7Y$\x9f\x14\x00Ij\xb9\xa2\xf6ic\xbc\
\xf7K\xeaw\x9d\x05H\x07\x97\x03\x00\xa4\xcbx\x91\x81\
X\xc5\xf8\x0f>\xf9\xc5c\x1es\x9de'\xdf\x14\x00\
Iz\xec\xb2\xaa\xc7$\xfb\x01I\x03\xae\xb3\x00\xe9\xa0\
\x04\x008\x10\x13\x0a\x0fFj\xc6]\xfe\xd4M\xc7\xf8\
j;|_\x15\x00IZ|y\xed#\x92\xb9L\xd2\
\xa0\xeb,@:(\x01\x00\x86\xe5\x85R\xd1\x8aq\x9f\
~\xe6\x86\xe3\x7f\xed:\xca\x9e|W\x00$i\xf1\xe5\
\xd5\xbf\x91\xcc'%q\xaf\x15\x02\x81\x85\x81\x00\xf6\xe2\
\x85R\xb1\x9a\xf1\x7f\xff\xf4\xcd\xb3\xefp\x1de_\x9c\
\xee\x03p M\xcd\x9d\xef\x97\xec/%\xc5\x5cg\x01\
\xd2\xc1>\x01\x00$I^8\x11\xad\xa8\xff\xe43\xff\
p\xe2\xdd\xae\xa3\x0c\xc7\xd7\x05@\x92\x9a\x9a;.\x94\
\xf4+I\xc5\xae\xb3\x00\xe9\xa0\x04\x00\x85\xcdx\xe1D\
\xb4f\xe2\x95O\xdfp\xec/]g\xd9\x1f\xdf\x17\x00\
IjZ\xd0y\xb6\xac\xbd_R\xb9\xeb,@:(\
\x01@a2\xe1\xd8\x8epe\xc3\xa5\xcf\xdex\xdc\x1f\
\x5cg9\x90@\x14\x00Ij\x9a\xdfq\xba\x8c\x1e\x90\
T\xe5:\x0b\x90\x8e\xc1\xde\xaewJ\x80M\xb9\x8e\x02\
 \x07L8\xda]\x5c3\xf9\xe2\xa5\xd7\x1d\xb5\xc4u\
\x96t\x04\xa6\x00HR\xd3\x82\xf6\xa3d\xcd\x03\x92\xa6\
\xb9\xce\x02\xa4\x83\x99\x00\xa00x\xd1\xe2\x0d\xd1\xeaq\
\xef}\xea\x8b\xb3^q\x9d%]\x81*\x00\x92\xd4\xb8\
p\xebx%\x22\xf7\x19\xd9\x13]g\x01\xd2A\x09\x00\
\xf2\x9b\x17+}\xa5\xa4a\xc2\xf9~\xd8\xdew$\x02\
w\xcfR\xcb\xbc\x86\xcd\xd1\xe4@\x93\xa4\xdf\xbb\xce\x02\
\xa4\x83}\x02\x80\xfc\x15*\xa9xtb\xc3\x11\xa7\x04\
m\xf0\x97\x02X\x00$\xe9\xd1\xab\xc6\xf7\xd6E\xaa?\
,\xd9[]g\x01\xd2\xc1>\x01@\x9e1\x9e\xa2\x15\
\xe3n\xbb8~\xf6{\xef\xff\xec\xc4>\xd7qF#\
p\x97\x00\xf64\xa7\xb9\xf3J+\xfb\x13I%\xae\xb3\
\x00\x07\xc2\xe5\x00 \xf8L(\x12\x8fU6\xdc\xfc\xd4\
M\xb3\x7f\xe8:\xcbX\x04\xbe\x00H\xd2Y\xf7t\x1e\
\x17J\xd9_K\x9a\xee:\x0bp \x94\x00 \xb8\xbc\
h\xc9\xe6\xd2\xcaq\x1f\xfe\xf3\xf53\x9ft\x9de\xac\
\xf2\xa2\x00H\xd2\xdc;\xbbkS\xe1\xc1\x05\x92\xces\
\x9d\x058\x10J\x00\x10<\xa1\xa2\x8a?WN\x9e\xf1\
\xa1EWOjw\x9d%\x13\xf2\xe6\x82\xe4\xa2\xab+\
\xda\xeb\x22\xd5\x17\xca\xe8\xab\x92\xac\xeb<\xc0\xfe\xb0&\
\x00\x08\x10/\x94\x8aT\x8e\xfb\xce\xc5\x83g7\xe5\xcb\
\xe0/\xe5\xd1\x0c\xc0\xae\x9a\xe6w\xcd\x95\x97\xbaSV\
\x07\xb9\xce\x02\xec\x0f3\x01\x80\xbfy\x91\xe2\xf6pU\
\xdd'\x9f\xb9\xfe\xb8\xbc\xbb\xf3,/\x0b\x80$5\xde\
\xdeY\xe5E\xed\x8f\xad\xf4Q\xd7Y\x80\xfd\xa1\x04\x00\
\xfe\x14**{\xb4\xb8b\xf2\x15K\xae;\xa4\xd5u\
\x96l\xc8\xdb\x02\xb0SSs\xe7U\x92\xfd\x91\xa42\
\xd7Y\x80\xe1P\x02\x00\xff0^t R\xd5p\xcb\
37\x1d\xff5\xd7Y\xb2)\xef\x0b\x80$5\xdd\xdd\
z\x98\xbc\xd0\x1d\x92Nq\x9d\x05\x18\x0e\xcf\x0e\x00\xdc\
\x0b\x15W<\x1f\xa9\x9bp\xf9S\x9f=\xecu\xd7Y\
\xb2\xad \x0a\x80$\xc9Z\xd3\xb4\xa0\xf3\xd3\x92\xbe%\
\x9e*\x08\x9fb&\x00p\xc3\x84c;\x22\x15\xb5\xdf\
\x9c2i\xf6W\xee\x9dg\x0a\xe2?\xc0\xc2)\x00C\
\xce\xbd\xa7ub\xc2z?4\xd6|\xd0u\x16`_\
(\x01@.\x19\x85\x8a\xcaZJ*'|\xe2\xcf_\
<|\x95\xeb4\xb9Tp\x05`\xa79\x0b:>f\
\xad\xfd\x9ed\x1a\x5cg\x01\xf6\xc4\xe5\x00 \xfb\xbcH\
Q{\xb4\xac\xfa\xa6\xa7n>\xf1.\xd7Y\x5c(\xd8\
\x02 \xbd{\xa7\xc0\xbfX\xe9\x06I1\xd7y\x80]\
1\x13\x00d\x87\x09\x85\x07\xc3\xc5\xe5w\x95\x8c\x9bt\
s\xcb5\xd3\xbb\x5c\xe7q\xa5\xa0\x0b\xc0Ng5o\
;$\xa4\xd4\x7fH\xf6R\xd7Y\x80]Q\x02\x80L\
2\x0a\x17W<YTZ\xf3\xb9%7\xcc|\xd9u\
\x1a\xd7(\x00\xbbh\x9a\xdf5\xd7\x98\xd4w\xad4\xd3\
u\x16`'J\x000v\xa1h\xc9\xaaHY\xf5\xcd\
O\xdd4\xfb\xb7\xae\xb3\xf8\x05\x05`\x0f\x8d\x8bmX\
\x1b;\xae62\xffG\xd24\xd7y\x00\x895\x01\xc0\
hy\xd1\xa2\x0d\xa6\xa8\xe2\xab\xd3\xa7\x9d\xfc\x93BY\
\xdd\x9f.\x0a\xc00f\xdff#\x15e]\x1f\x93\xec\
-\xe2)\x83\xf0\x01f\x02\x80\xf4y\xe1\xe8\x96Pq\
\xf9\x0fjg\x9e\xf6\xad\x87.4\x03\xae\xf3\xf8\x11\x05\
\xe0\x00.]h\xa3m\x89\xce\x8fK\xfa7I\x13\x1d\
\xc7A\x81\xa3\x04\x00\xfbg\x22\xd1\xceHI\xd5\x0f\x8b\
\xeb\xc6\xfdg\xcb5\xd3\xfb]\xe7\xf13\x0a@\x9a\xde\
\xfb\xa0\x8d\xf5wv\xfd\x9dd\xffY\xd2\x91\xae\xf3\xa0\
pQ\x02\x80\xbdy\xd1\xa2u\xa1X\xe9m\xc9\xaa\xd8\
w\xff\xf2\xd9\x13\xfa\x5c\xe7\x09\x02\x0a\xc0HYk\x1a\
\x17\xb4\xcf\xf5\xe4]o\xa5\x8b]\xc7Aa\xa2\x04\x00\
\x92d\xe4E\x8b^\x88\x96V}o\xd2\xe4\x13\x9a\xb9\
\xc6?2\x14\x801\x98;\xbf\xed\xc4\x94\xbc\x1be\xf4\
!\xb1\x8f\x00r\x8c\x85\x81(\x5c\xa1D\xa8\xa8\xe8\xe1\
hi\xf5W\x9f\xbc\xf1\xf8\xa7\x5c\xa7\x09*\x0a@\x06\
4\xde\xdeYe\xa2v\x9e\x8c\xae\x95\xd51\xae\xf3\xa0\
p0\x13\x80BbB\xd1\xd5^\xa4h\x81\xa9\xae\xff\
\xc1s\x9f?j\xb3\xeb<AG\x01\xc8\xb0\xa6\xe6\xae\
\xd9R\xea3\x92.\x13\x8f F\x0eP\x02\x90\xd7L\
(\x1e\x8a\xc6\x1e\xf3J\xca\x7f\xf4\xecM'\xfdA\xc6\
X\xd7\x91\xf2\x05\x05 KN]\xb8\xae\xb8x\xb0\xf4\
\x1cku\xa9\xa4\x0fI*u\x9d\x09\xf9\x8b\x12\x80\xfc\
\x12J\x84\xa2\xd1\xa5&Rt\xafW:~\xfe3\xd7\
\x1d\xd2\xed:Q>\xa2\x00\xe4\xc0\xfbn\xdbX\xd2[\
^4\xd7Zs\xa5d/\x11\xeb\x05\x90\x05\x94\x00\x04\
\x9b\x970\xe1\xc8\x93\xa1X\xc9\xc2\xd2\xa2\xb2\x05-7\
\x1eW\xb0{\xf4\xe7\x0a\x05 \xc7\xceY\xd8Q9\x18\
\xb7\xe7z\xc6;\xdf\xca^ i\x92\xebL\xc8\x1f,\
\x0cD\x90x^x\x8b\x89D[\xbcH\xec\xc1\x92X\
\xd9}\x0c\xfa\xb9E\x01p\xec\xac\xf9\x1d3C\x9e.\
\x90\xb5\xe7K\xe64I\xc5\xae3!\xd8(\x01\xf0-\
\x13\x1a\xf0B\x91\x17\xe4\x85\x1f\x8d\x14\x15\xff\xfe\xe9\x7f\
:\xf5y\xd7\x91\x0a\x19\x05\xc0G\x1a\x17\xdb\xb0\xd9\xb8\
\xed\x18+{\x86\x91\x9d-\xe9lIS\x5c\xe7B\xf0\
p9\x00\xbe`B\x1d&\x14~\xc5\x84BO*\x1c\
i)\x1f?\xe5\xcf\xec\xce\xe7\x1f\x14\x00\x9fk\xbc{\
\xdb\x0cy\xc9\x93\x8d\xd1,\xa54KFG\x8b\xcb\x06\
H\x033\x01\xc8)/\xb4\xc5x\xa17\x8d\x17Z.\
\xe3\xbd\x1c\x89\x96\xb4<\xfd\xcf\xa7\xfe\xd5u,\x0c\x8f\
\x02\x10@g4wUG\x8c\x9deS\xf6h\xcf\xd8\
C\xac1\xd3e5M\xef<\xbd\xb0\xc2m:\xf8\x09\
%\x00\x19eB\xbd\xf2\xcc\x06c\xccz\xa3\xd0Z\x85\
\xbc7\x8c\x17~\xd1\xc6\xca\x9e\xfb\xcb?\x9c\xd0\xe6:\
\x1eF\x86\x02\x90g\xe6\xde\xd9]\x9b\x0a\xa7\xa6Yc\
'{\xa9T\xbd\x95\xa93\x9e\xa9\xb5J\xd5\x19kj\
\xadU\x8d\x8c\xaa$\x15\x0d\xbd\xa5J\xef\xfc\xff *\
nU\xccK\x94\x00\xec\xce\xf4\x1b)a\x8dII\xa6\
G\x92\x8c\xd1\x80\x95\xb7]F\x9d\x9eQ\xa7\x8c\xd7a\
\xadi7\x9eiMI[\xbdT\xf8\xedXi\xf4\x8d\
'\xff\xf1\xf4\xad\xae\xd3#s\xfe? !\xdc\xe8T\
\x16\xed\x84\x00\x00\x00\x00IEND\xaeB`\x82\
\x00\x00n\xd6\
\x89\
PNG\x0d\x0a\x1a\x0a\x00\x00\x00\x0dIHDR\x00\
\x00\x02\x00\x00\x00\x02\x00\x08\x06\x00\x00\x00\xf4x\xd4\xfa\
\x00\x00\x00\x04sBIT\x08\x08\x08\x08|\x08d\x88\
\x00\x00\x00\x09pHYs\x00\x00\x0e\xc4\x00\x00\x0e\xc4\
\x01\x95+\x0e\x1b\x00\x00\x00\x19tEXtSof\
tware\x00www.inksca\
pe.org\x9b\xee<\x1a\x00\x00 \x00ID\
ATx\x9c\xec\xddw\x9c\x15\xd5\xd9\x07\xf0\xdf\x99\x99\
[w\xefVX\x9a\x08\x02\x16^+\xf6\x1eT\xd8\x05\
\xac\x89!\xb1\xbc6X\x08\x1a5\x9aj4F,1\
\xfa&\xe6\x8d\x89&j\x8c%F\xa3\xf1\xd5\xd8\xc5\xde\
c\xd7\xd8bh\x22mi[o/3s\xde?.\
 e\xfb-\xcf\xcc\x9c\xe7\xfb\xf9\xf8\x09l\xb9\xcf/\
\xcb\xdd;\xcf=\xe7\xcc9\x02\x8c1G\x93s\xf7\xf3\
\xc1\xac\x1b\x0ahC!0\x02\x9a\xac\x81-\xab\xa1i\
5\x90\xb2\x06@5 j\x00\x19\x01\x10\x04P\x09\xc0\
\x07\xa0\x06\x12:\x04\xaa\xb7y\xc8j\x00\x1a\x00\xe0\x83\
\xd7\xf3\x1f\x11\x02\xd04\xb9\xd5W\xe9\x86\x05@B\xd3\
s\x10\xc2\x86\xd0\xb2\xd0D\x0eB\xa4 \xf4\x04\x04b\
\xd0\x8c\x0e\x08\xd1\x0e!Z\xa1i\xeb!\xf4\xc5\x10\xd6\
\x12\x18\xc9\x85\xe2\xf1\x96d)\x7f.\x8c\xb1\xc2\x18\xd4\
\x01\x18S\x95\x04\x04fM\x1d\x01C\x8c\x86\x94#!\
\xc5h\x00;\x00\x18\x05`4\x80\xa1\x00\x1a`\xa3.\
\x7f\xb9\x96\x9b\xbf\x11B\x00Rn\xfdh\xdd\x11\xfd\x0d\
#\x01\xcb\xda\xfa\xab-k\xd3\xeb\x83\xaf\x9f\x8f\xb2\xf5\
C\x1eP%\xa1\xeb9\x18\xbe\x14t\xbd\x03\xba\xb1\x0e\
\x9a\xb6\x1a\xba\xbe\x18\xba\xbe\x10R\xfeK<\xbd\xe4\xc3\
\xc1<6c\xacp\xfd}y`\x8c\x0d\x82\x9c9S\
GUt'\x00\xbbB\x93\xe3`\x8b\xf1\x10r<\x84\
\x1c\x07)\xc6!\xff\x8e\x9d\xce\xa6\x11\x00*B\x03\x02\
\x81\x0c\x0c_'\x0c\xa3\x05\xba\xbe\x14\xba\xfe)`\xbc\
\x8e\x88\xef5\xf1\xe0gY\xda\x80\x8cy\x177\x00\x8c\
\x15\x81\x9c?\xd9\xc0J\xffn\x10\xd8\x1d\xc0D@N\
\x04\xc4n\x00v\x05\x10 \x8e\xd73\xea\x06\xa07\x9a\
\x06\xf8\x83)\x18\xfeV\xf8|Ka\xe8\xff\x02|/\
cD\xe6\x19q\xd7\x97i\xeax\x8c\xb9\x1d7\x00\x8c\
\x0d\x90<}z\x15\x82\xd6>\xd0\xb07$\xf6\x06\xb0\
\x0f\x80=\xe0\xe4\x0b}O\x9c\xdc\x00\xf4Dh@ \
\x98D \xb0\x0a\x86\xf114\xdf\xcb\xf0U<\x22\x9e\
\xf8h5u4\xc6\xdc\x84\x1b\x00\xc6z!\xe7O6\
\xb0:\xb0+$\xf6\x03\xe4a\x10\xf2pH\xb1\x1b6\
-\xa2s;76\x00=1|6\x82\x15-\x08\xf8\
\xde\x85\xae?\x8f\xa0}\x9fx\xe4\xcbN\xeaX\x8c9\
\x157\x00\x8cmA\x9e3}(4\xeb0h8\x12\
6\x0e\x85\xc0$\x00~\xea\x5c%\xe3\xa5\x06`[\x9a\
\x06\x04Bq\x04\x82\x0b\xa1\xfb\x9e\x85\xcf\x7f\x97x\xea\
?\x8b\xa8c1\xe6\x14\xdc\x000\xa5\xc9yG\x8f\x82\
\xe9;\x06\xc0\x11\x80<\x0c\xc0D\xeaLe\xe5\xe5\x06\
\xa0;\xc1@\x06\xfe\xf02\xf8\x82\xaf\xc0\x10\xb7\xf2]\
\x08Le\xdc\x000\xa5\xc8\xf3&W\x22\x178\x18\xb6\
=\x05BL\x01\xb0/T\xfe=P\xad\x01\xd8\x96?\
\x90C0\xbc\x04~\xdf\x02\x84+o\x16\x8f|\xba\x94\
:\x12c\xe5\xa2\xee\x0b\x1fS\x82\x9c?_C\xcb?\
\x0f\x80\x943 1\x1d\x10\xfb\x02\xd0\xa9s9\x86\xea\
\x0d\xc0V\x04\x10\x0a'\x10\x08\xbe\x87`\xf0n$G\
\xdd#^~\xd9\xa4N\xc5X\xa9p\x03\xc0<G\xce\
n\xaa\x03\xecc6\xbe\xc3?\x0e\xc0H\xeaL\x8e\xc5\
\x0d@\xcft\xc3F\xa8\xb2\x05\xfe\xc0S\x08E\xae\x13\
\x8f\x7f\xbc\x8c:\x12c\xc5\xc4\x0d\x00\xf3\x04yN\xe3\
h\xe8\x98\x0e\xe0x\x00M\x18\xe4\xeeu\xca\xe1\x06\xa0\
\x9f\x04\x10\x0aG\x11\x0e\xbf\x00=\xf0K\xb1`\xd1\xbb\
\xd4\x89\x18+\x147\x00\xcc\xb5d\xf3\x94\x89\x80\xf8z\
\xfe?\xec\x07~>\x0f\x1c7\x00\x83\x13\x0a'\x10\x0a\
\xbf\x01#x\xa3X\xb0\xe8)\xea8\x8c\x0d\x06\xbf`\
2W\x91s\xa7\xec\x08)\xbe\x0e)f\x028\x8c:\
\x8f\xebq\x03P\xb8`(\x83`\xf8-\x04\x83\xbf\x10\
O-~\x8e:\x0ec\xfd\xc5\x0d\x00s<9\xef\xe8\
Q\xc8\x19\xdf\x82\xc0)\x00\x0e\xa4\xce\xe3)\xdc\x00\x14\
W\xa8\x22\x8eP\xf8y\xf8|W\xf1-\x86\xcc\xe9\xb8\
\x01`\x8e$\xcf\x9e\x1c\x84\xee;\x1eB\x9c\x09`\x1a\
\xf8\xe4\xca\xd2\xe0\x06\xa04\x84\x00\x82\xe1(\xc2\x95\x8f\
Ah?\x10\xcf.]O\x1d\x89\xb1mq\x03\xc0\x1c\
E67\xee\x07\xe0L\x00\xff\x0d\xa0\x8e8\x8e\xf7q\
\x03Pz\x9a.QQ\xb9\x0c\xc1\xca[\xf1\xcc\xe2_\
\x0b\xc0\xa6\x8e\xc4\x18\xc0\x0d\x00s\x00y\xce\xf4\xa1\xd0\
\xad\xb3!1\x07\x02;S\xe7Q\x0a7\x00\xe5\x15\x08\
fQ\x11y\x16\xfe\xd0\x0fx[bF\x8d\x1b\x00F\
f\xe3\xbb\xfd\xb9\x00\xce\x00\x10\x22\x8e\xa3&n\x00h\
\x08\x0d\xa8\xa8Z\x85P\xc5\xefyT\x80Q\xe1\x06\x80\
\x95\x95\x9c;\xa5\x1a\x966\x0bB\xcc\x03\xe4.\xd4y\
\x94\xc7\x0d\x00\xbd\xfc\xa8\xc0S\xa8\x88\x5c(\x1e\xfdt\
%u\x1c\xa6\x0en\x00XY\xc8\xefL\xdd\x19\x968\
\x1f\xc0,\x00\x95\xd4y\xd8F\xdc\x008\x87\xa6KT\
V\xfd\x07\xa1\x8aK\xc5\xd3\x8b\x1e\xa1\x8e\xc3\xbc\x8f\x1b\
\x00V2r\xfe|\x0d+\xffy,\x04.\x000\x05\
\xfc|s\x1en\x00\x9c\xa9\x22\xd2\x86P\xe4&dw\
\xb8\x86\xcf#`\xa5\xc2/\xc8\xac\xe8\xe4\xcc\x99~T\
GO\x81\xb0\x7f\x02)\xfe\x8b:\x0f\xeb\x057\x00\xce\
\xe6\x0f\xe4\x10\xa9z\x025V\xb3xpU;u\x1c\
\xe6-\xdc\x00\xb0\xa2\x91\xa7O\xafB\xd8<\x07R\xfc\
\x08\xc0(\xea<\xac\x1f\xb8\x01p\x07\xc3g\xa3\xb2\xea\
5TU\xcf\xe6#\x8bY\xb1p\x03\xc0\x0a&gM\
\x1d\x09M\xfc\x08@3x~\xdf]\xb8\x01p\x17M\
\x93\xa8\xaa\xfd\x00\xc1`\xb3xj\xf1\xbf\xa8\xe30w\
\xe3\x06\x80\x0d\x9a\x9c;eG\xd8\xda\x0f\x00\xcc\x01\xdf\
\xc6\xe7N\xdc\x00\xb8\x93\xd0\x80\xca\xc8\x17\xa8\xacj\x16\
O.|\x89:\x0es'n\x00\xd8\x80\xc9y\xd3\xc6\
\xc2\xb4/F\xfe\x1e\xfe u\x1eV\x00n\x00\xdcM\
\x08\xa0\xb2\xea\x0bTT\xce\xe3\x83\x88\xd8@q\x03\xc0\
\xfaM\xce\x9e1\x06\x22w\x05 \xce\x00\xef\xcd\xef\x0d\
\xdc\x00x\x83\x10@\xa4f!\x22\xa1\xb3\xc5\xe3K\xde\
\xa2\x8e\xc3\xdc\x81\x1b\x00\xd6'y\xce\xf4\xa1\xd0\xcc\x1f\
@\x88\xef\x81\xdf\xf1{\x0b7\x00\xde\x224 R\xfd\
9\xc2\xe1\xd3x\x8d\x00\xeb\x0b7\x00\xacGrvS\
\x1d\x84\xbc\x10\xc0\xf7\x01D\xa8\xf3\xb0\x12\xe0\x06\xc0\x9b\
4\x1d\xa8\xae~\x0b\xe1\xba\xd3\xc4\xe3\x1f/\xa3\x8e\xc3\
\x9c\x89\x1b\x00\xb6\x1d9s\xa6\x1f5\x9d\xe7B\x8a\xf9\
\x00j\xa8\xf3\xb0\x12\xe2\x06\xc0\xdbt]\xa2\xaa~\x01\
\x228M<\xf2e'u\x1c\xe6,\xdc\x00\xb0\xcd$\
 0{\xea7!\xc4\xf5\x00v\xa2\xce\xc3\xca\x80\x1b\
\x005\xf8\xfd\x16\x22\xb5\x7fCMx\xb6x\xf0\xb3,\
u\x1c\xe6\x0c\xdc\x000\x00\x80\x9c=\xf5\x18\x08\xedW\
\x80\x9cD\x9d\x85\x95\x117\x00j\x09\x86\x93\x88T\xff\
\x5c<\xb3\xf4\x06\xea(\x8c\x1e7\x00\x8a\x93\xb3\x9b&\
@\xc3\xb5\x90r&u\x16F\x80\x1b\x005UV\xad\
C\xa4\xfaT\xdeC@m\xdc\x00(J\xce=>\x0c\
;\xf3c\x00?\x01\xaf\xecW\x177\x00\xea\x12\x02\xa8\
\xaa\xfd\x08\xb5\xc3\xa6\x8b\x87\xdf_C\x1d\x87\x95\x9fF\
\x1d\x80\x95\x97\x04\x84\x9c=u&\xec\xcc\xe7\x00\xae\x00\
_\xfc\x19S\x93\x94@W\xfb\xdeX\xbdd\xa5\x9c\xb2\
\xd3\xad\x92\xaf\x07\xca\xe1\x11\x00\x85\xc8\xd9\x8d{\x00\xe2\
\x8f\x10\xf2p\xea,\xcc!x\x04\x80m\x12\xae\xecB\
E\xedY\xe2\x99\x85\x8fRGa\xe5\xc1\x0d\x80\x02\xb6\
\x18\xee\xff)\x00?u\x1e\xe6 \xdc\x00\xb0-m\x9a\
\x16\x88\xf8\x9a\xc4c\xcb\xd6Q\xc7a\xa5\xc5C>\x1e\
'g7\x1e\x0f+\xf3\x19\xf2\xc3\xfd|\xf1g\x8c\xf5\
l\xd3\xb4\xc0\xba\x8e\xd5\xb2q\xfc\xaf\xa8\xe3\xb0\xd2\xe2\
\x11\x00\x8f\x92\xf3\x8e\x1e\x05\xcb\xb8\x09\x12'Qga\
\x0e\xc6#\x00\xac7\x95U-\xa8\x8c\x1c\xcb\xdb\x0a{\
\x13\x8f\x00x\x90\x9c=u&L\xe3c\xbe\xf83\xc6\
\x0a\x12\x8f\x8e\xc4\x86\xb5\x1f\xc8\xa9;\xdd\xc3\x8b\x04\xbd\
\x87G\x00<d\xe31\xbd\xb7\x01\x98J\x9d\x85\xb9\x04\
\x8f\x00\xb0\xfe\x0aWv\xa1\xaaz&\x1f;\xec\x1d\xdc\
\x00x\x80\x9c?_\xc3\xea7.\x80\x14\xbf\x00PA\
\x9d\x87\xb9\x087\x00l 4]\xa2\xa6\xee\x1f0w\
\xfa\xb6x\xf9e\x93:\x0e+\x0c7\x00.'g\xcf\
\x18\x03\x91\xbb\x0b\x10\x93\xa9\xb30\x17\xe2\x06\x80\x0dF\
\xb8\x22\x86\xca\xda\xaf\x8b\x05\x8b^\xa0\x8e\xc2\x06\x8f\xe7\
t\x5cL67\x9d\x09a~\xc2\x17\x7f\xc6XY%\
\x13\x11\xb4\xb6<\xc7k\x03\xdc\x8dG\x00\x5cH6\x1f\
3\x0c\xd2\xb8\x0dB\x9e@\x9d\x85\xb9\x1c\x8f\x00\xb0B\
UDZQ\x19i\x14O/\xf9\x90:\x0a\x1b\x18\xee\
\xdc\x5cF\xcei:\x19\xd0?\xe3\x8b?c\xcc\x11\x12\
\xb1!h]\xff\x9el\x1c\xf7K\xea(l`x\x04\
\xc0%\xe4\xc5\x87\x84\x10\x8b\x5c\x07\xe0B\xea,\xccC\
x\x04\x80\x15S\xa4\xfa\x0b\x04\xc2\x87\x88g\x97\xae\xa7\
\x8e\xc2\xfa\xc6#\x00. \xe74\xed\x8eX\xe4m\xf0\
\xc5\x9f1\xe6d\xb1\xaeq\x88\xb7\xaf\x90\xd3v\xe5\xe3\
\xc5]\x80\x1b\x00\x07\x93\x80\x90\xcd\x8ds!\xe5;\x00\
\xf6\xa4\xce\xc3\x18c}Jg\x02\xd8\xb0\xfa\xefr\xea\
\x98\x87y\x81\xa0\xb3\xf1\x14\x80C\xc9s\x8f\xadE\xd6\
\xbc\x8b\xe7\xfaYI\xf1\x14\x00+\xa5\xca\xaa\x16\xd4\x0e\
9X<\xfa\xe9J\xea(l{\xdc\x9d9\x90\x9c\xdb\
\xb4/r\xb9w\xf9\xe2\xcf\x18s\xb5xt$\xd6\xad\
\xfaB\xce\xd8\xf9\x1c\xea(l{\xdc\x008\x8cln\
:\x13\xb6|\x1d\xc0x\xea,\x8c1V\xb0l\xd6\xc0\
\xfa5w\xc8\xa9c\x1e\xa6\x8e\xc2\xb6\xc6S\x00\x0e!\
\xcf\x9b\x5c\x89\x8c\xffO\x108\x85:\x0bS\x08O\x01\
\xb0r\xe2\xbb\x04\x1c\x85G\x00\x1c@\xcen\x9a\x80\xac\
\xffM\xbe\xf83\xc6<-\xd65\x0e\xf1\xce\xe5r\xfa\
\x84\xafQGa\xdc\x00\x90\x93\xb3\x9b\xa6A\xc8w\x00\
\xecA\x9d\x851\xc6J.\x9d\x0a\xa2u\xfdKr\xda\
\x84\x9fRGQ\x1d7\x00D$ \xe4\x9c\xa6\x9f@\
\xc8'\x00\xd4R\xe7a\x8c\xb1\xb2\xb1L\x81\xf5k\xae\
\x95\xc7\x8c}\x8ao\x15\xa4\xc3k\x00\x08\xc83\x1a+\
\x10\x14wBJ\xde,\x83\xd1\xe25\x00\x8cZe\xcd\
\x0aTW\xee'\x1e_\xd4J\x1dE5\xdcy\x95\x99\
\x9c5u$\x02x\x85/\xfe\x8c1\x06 \xde\xb9#\
\xda\xdaW\xc8\xe3'\x1cL\x1dE5\xdc\x00\x94\x91\x9c\
3u\x1fh\xe2-\x00\xfbQga\x8c1\xc7H'\
CX\xb7\xe1\x0d9m\x97\xb3\xa8\xa3\xa8\x84\x1b\x802\
\x91\xcd\x8d\xdf\x84\x14o\x00\x18M\x9d\x851\xc6\x1c\xc7\
\xcci\xd8\xd0r\x97\x9c\xba\xd3\xef\xa9\xa3\xa8\x82\xd7\x00\
\x94\x98\x04\x04\xe64^\x06\x89\xab\xc0?oV(\xdb\
\x06,\x130M\xc0\xca\x01\xe6\xc6\xffr\xe6\xc6\x8f\xe7\
\xf2\x1f\xb7l\xc0\xb6\xf2\xdfcY\x80\x94\x1b\xbf\xdf\xdc\
\xf8\xbf\x12\xb0-|\xb2&\x09M\x00b\xe3SS\xd7\
\xf3\x9f\x16\x10\xd06>[5\x01h\x9a\x80.\x04\x0c\
\x0d\xd07\xfdY\x170\xc4\xc6\xbf\xeb\x02\x86&\xf8\x09\
\xce\x8a\xa3n\xc8\xb3\xe2\xf9\x15M\xd41\xbc\x8e\x7f_\
KH\xce\x9fl`\xa5\xff\x0f\x10\x98C\x9d\x85\xb9\x84\
\xb4\x81\x5c\x16H\xa7\x81\xec\xa6\xff\xb2\x80\xb9\xc5\xc7\x8a\
\xe8\x935\xc9\xa2>\x9e.\x04\xfcF\xbe9\xf0i\xf9\
?\xfb5\x0d~C \xa0\x0bh\x1a\xbf\xe4\xb0~\x8a\
\xd4.A\x95\xdc[<\xdeR\xdc')\xdb\x8c\x7f\x1b\
KD\x9e7\xb9\x12Y\xff\x03\x00fPga\x0ed\
\x9a@:\x01$\x13@:\x09\xa4\x92@&\x9d\xbf\xd0\
\x97Q\xb1\x1b\x80\xbe\x18\xba\x80_\x13\x08\xfa\xb4\xfc\x7f\
\x86\x86\xa0/?\xa2\xc0\xd8v*\x22m\xa8\x1e\xbe\xb7\
x\xe2\xa3\xd5\xd4Q\xbc\x88\x7f\xebJ@\x9e=c8\
\x0c\xf3\x09\xf0b?&%\x90I\xe5/\xf4\xa9M\xff\
%\x81\x5c\x86:\x19\x80\xf27\x00=\xf1\xe9b\x8b\x86\
@C\xd0\x10\x08\xe8\x1a\xb8/`\x08\x86\xd2\xa8\xad9\
\x5c<\xb9\xf4}\xea(^\xc3\xbf^E&g7M\
\x80\x90O\x03\x98@\x9d\x85\x11\xb0- \x1e\x03\x12Q\
 \x19\x07\xe2]\xf99x\x87rJ\x03\xd0\x1dM\x00\
A\x9f\x86\x0a\x9f\x8ep@C\x85O\x83\xceS\x08j\
\xf2\x07L\xd4\x0c=Q,X\xf4\x14u\x14/\xe1\xdf\
\xa6\x22\x92\xb3\x9b\x0e\x84\x90O\x01\xa8\xa7\xce\xc2\xca$\
\x97\xcd_\xecc\xd1\xfc\xff\xa6\x12_-\xb8s\x01'\
7\x00\xdd\xf1\x1b\x02a\x9f\x8e\x0a\xbf\x86\xb0??b\
\xc0\x14\xa1\x1b6\xea\x1a\xce\x16\xcf,\xb9\x87:\x8aW\
p\x03P$\xb2y\xdad\x08\xfbQHTQga\
%d\x99@\xb4\x03\xe8\xea\x00b\x9d\xf9\x06\xc0\xc5\xdc\
\xd6\x00l\xcb\xa7\x09T\x06tD\x02:*\x83\x1a\xaf\
%\xf0:M\x07\x86\x0e\xbbD<\xbd\xe4z\xea(^\
\xc0\xbf-E \xe7L=\x01R<\x00 H\x9d\x85\
\x95@*\x09t\xb5\x03\xf1N \xd6\xe5\xaaw\xf8}\
q{\x03\xb0%!\x80\xa0\xa1\xa1\xd2\xaf#\x12\xcc\x8f\
\x120\x0f\xd24\xa0n\xd8\xaf\xc5\xb3K\x7fD\x1d\xc5\
\xed\xb8\x01(\x90\x9c\xddt\x06\x84\xbc\x03\x80A\x9d\x85\
\x15\x89e\xe5/\xf8\xd1\x0e \xd6\x01\xe4r\xd4\x89J\
\xc6K\x0d\xc0\xb6\x0c] \xe2\xd7Q\x19\xd4\x11\xf1\xf3\
\xfa\x01o\x11@}\xc3\xdd\xe2\xb9egS'q3\
\xfe\x8d(\x80\x9c\xddx1\x04n\x00\xff\x1c\xdd\xcf\xb6\
\xf3C\xfa\x1d\xad@g\xdbW\x9b\xe8x\x9c\x97\x1b\x80\
-\x09\x00\x95A\x1d\xd5A\x1d\xd5\x01\x9d\xf7#\xf0\x8a\
\xba\xa1\x0f\x8b\xe7\x97\x9fL\x1d\xc3\xad\xf8\xb7`\x90d\
s\xe3\x8f\x00\xfc\x0fu\x0eV\x00E/\xfa[R\xa5\
\x01\xd8\x92\x10@e\x80\x9b\x01\xcf\xa8\x19\xf2\x82xq\
\xc5\x14\xea\x18n\xc4\xcf\xfcA\x90s\x9a~\x02)\xaf\
\xa3\xce\xc1\x06A\xda@g{\xfe\x82\xdf\xd5\xae\xe4E\
\x7fK*6\x00[\xd2\x04\x10\x09\xe8\xa8\x09\x19\x88\x04\
u~At\xab\xda\xa1/\x8b\x17\x96\x1fE\x1d\xc3m\
\xf8\xf9>@|\xf1w\xa9L\x0ah[\x07\xb4\xae\xcb\
\xef\x97\xcf\x00p\x03\xb0%]\x08T\x87t\xd4W\x18\
|{\xa1\x1b\xd5\xd6\xbd%^Xu\x08u\x0c7\xe1\
\x06`\x00ds\xd3U\x80\xbc\x9c:\x07\xeb'i\xe7\
\xdf\xe5\xb7\xae\x05\xa2\x9d\xd4i\x1c\x89\x1b\x80\xee\x85|\
\x1a\xea\xc2\x06jB\x06x\x86\xc0Ej\xea\xde\x11/\
\xae:\x88:\x86[\xf0S\xbb\x9fds\xe35\x00.\
\xa3\xce\xc1\xfa!\x9d\x02\xda\xd7\x01\x1b\xd6\xe6\xef\xdbg\
=\xe2\x06\xa0w\x9a&P\x13\xd4Q\x176\x10\xf2\xf1\
\xa8\x80+T\xd7\xbd'^Zu\x00u\x0c7\xe0\x06\
\xa0\x1f\xf8\x9d\xbf\x0bH\x09t\xb6\x02\xebZ\x80d\x8c\
:\x8dkp\x03\xd0\x7fa\xbf\x86\xfa\xb0\x81\xea\xa0\xc1\
g\x148]M\xfd+\xe2\xc5\x95\x93\xa9c8\x1d?\
\x8d\xfb\xc0\xab\xfd\x1d\xce\xb6\xf2\xf3\xfa\xebW\x03Yg\
\x1c\xb0\xe3&\xdc\x00\x0c\x9c\xa1\x0b\xd4\x85\x0d\x0c\xa90\
x\xe7A'\xe3\xbb\x03\xfa\xc4\xcf\xde^\xc89S\xbf\
\x0f)n\xa0\xce\xc1\xbaaf\xf3C\xfc\x1bZ\xf2G\
\xeb\xb2A\xe1\x06`\xf04M\xa06\xa4ch\x85\x0f\
>\x9d_J\x1d\xa9n\xc8\xb3\xe2\xf9\x15M\xd41\x9c\
\x8a\x9f\xb5=\xd8\xb8\xc9\xcfo\xa8s\xb0m\xa4\x12\xc0\
\xba\xd5@\xc7\x06Om\xc9K\x85\x1b\x80\xc2\x09\x01T\
\x05u\x0c\x09\xfb\x10\xe6\xed\x87\x9d\x877\x0b\xea\x117\
\x00\xdd\x90\xcdMg\x02\xf2.\xf0\xcf\xc79\x12Q\xa0\
eE~\xe3\x1eV4\xdc\x00\x14W$\xa0\xa3\xa1\x92\
\x1b\x01\xc7\xa9\x1f\xc6\xdb\x06w\x83/p\xdb\x90\xcdM\
'\x02\xf2\xff\xc0{\xfb;C*\x09\xacY\x91_\xe0\
\xc7\x8a\x8e\x1b\x80\xd2\xa8\xf4\xeb\x18^\xe5\xe3;\x07\x1c\
C\x00\xf5\x0d7\x88\xe7\x96\xfd\x90:\x89\x93p\x03\xb0\
\x05\xd9\xdcx4\x80'\xc1\xa7\xfa\xd1\xe3\x0b\x7fYp\
\x03PZ\xdc\x088\x88\xd0\x80\xa1\xc3/\x15\x0b\x96\xfc\
\x92:\x8aSp\x03\xb0\x91\x9c\xddt \x84|\x1e@\
\x84:\x8b\xd2\xd2)`\xedJ\xa0}\x03\x00\x9e\xe3/\
5n\x00\xca\xa3:\xa4cX\xa5\x0f\x01\xdea\x90\x96\
\xa6\x03C\x1a\xe6\x89\x05Ko\xa5\x8e\xe2\x04\xdc\x00\x00\
\x90s\x1bw\x83\x8d\xd7\x01\xd4SgQV6\x03\xac\
Y\x0e\xb4\xf1\x85\xbf\x9c\xb8\x01(\x1f!\x80\x9a\x90\x81\
a\x11\x1f|\xbc\xbd \x1d\xdd\xb01\xa4a\xbaxz\
\xc9\xb3\xd4Q\xa8)\xff,\x94\xe7L\x1f\x0a\xdd\xfa'\
\x80\x09\xd4Y\x94d[\xc0\xfa5\xc0\xba\x95\x80\xa5\xf6\
\xc1<\x14\xb8\x01(?M\x00\xf5a\x1f\x1a\x22>\xde\
f\x98\x8a?`\xa2\xa6a?\xb1`\xe1\xc7\xd4Q(\
)\xfd\xf4\x93\xb3N\x88@K\xbf\x0c`_\xea,J\
\xeaj\x07V}\x01d\xd2\xd4I\x94\xc5\x0d\x00\x1d\x9f\
&0\xac\xca\x87\xda\x10\xaf7&\x11\x0c'1$2\
N<\xb6l\x1du\x14*\xca6\x00r\xee~>\xd8\
C\x1e\x07$o\x12Qn\xc9x\xfe\xc2\x1f\x8fR'\
Q\x1e7\x00\xf4\xc2~\x0d#\xaa\xfc\x08\xf3B\xc1\xf2\
\xab\x88l\xc0\xf8\xd0\x8e\xe2\xae/\x95|\x17\xa2d\xeb\
)\x01\x01\xbb\xeeV\xbe\xf8\x97Y.\x9b_\xd9\xdf\xb6\
\x8e7\xf1al\xa3d\xd6\xc6\xd2\xd64jB\x06F\
D|0xW\xc1\xf2I\xc4\x86b\xb9\xf1\x11\x80]\
\xa9\xa3PP\xb3\xe5l\x9e\xfa3@\x9cC\x1dC\x1d\
2\xbfW\xff\xbf\xdf\xcf\x1f\xcd\xcb\x17\x7f\xc6\xb6\xd3\x99\
2\xb1\xb05\x8d\xd6\x84\xc9\xbf\x22\xe5\xd4\xd5\xb1\x8b\x9c\
\xb2\xe3\x02\xea\x18\x14\x94k5\xe5\x9c\xa6\x93!\xe5\xdf\
\xa1j\xf3Sn\xa9$\xb0b1\x90\xe0\x13\xfa\x9c\x88\
\xa7\x00\x9c)\xe4\xd30\xaa\xda\xcf\xfb\x07\x94S\xfd\xf0\
\x1b\xc5s_\x5cD\x1d\xa3\x9c\x94j\x00\xe4\xdc\xa6}\
a\xcbW\x01TPg\xf1<)\xf3{\xf6\xafY\x01\
H\x9b:\x0d\xeb\x017\x00\xce%\x040$\xec\xc3\xb0\
*\x9fZ/\xd4T\x84\x06\x0c\x1b1K<\xb5\xf8N\
\xea(\xe5\xa2\xcc\xf3J\xce\x9a:\x12\x9ax\x1b\xc0\x0e\
\xd4Y</\x11\x05\x96/\xceo\xea\xc3\x1c\x8d\x1b\x00\
\xe7\xf3\xeb\x02;T\xfbQ\x11\xd0\xa9\xa3x\x9f\xe1\xb3\
Q7\xec`\xb1`\xd1\xbb\xd4Q\xcaA\x89\x06@\x9e\
\xd1X\x81\x80x\x0d\x90\x93\xa8\xb3x\x9am\x01\xab\x97\
\x03\xadkx\x9e\xdf%\xb8\x01p\x8f\xbap~\x91\xa0\
\xc6\x9b\x07\x94V0\x9cD}\xdd\x18\xf1\xf8\x22\xcf\xef\
C\xee\xf9\xbb\x00$ \x10\xc0\x9f\xf9\xe2_b\xb1\xce\
\xfc\xbb\xfel\x86:\x09c\x9e\xd4\x9e4\x11K[\xd8\
\xa1\xd6\x8fJ?\x8f\x06\x94L:\x19F\x97\xf1\x91\x04\
F\x0b\xc0\xd3\xf3\x97\xde_a\xd2<\xf5\xa7\x00\xbeM\
\x1d\xc3\xb3l\x1bh\xf9\x12X\xf2\x19_\xfc\x19+\xb1\
\x9c-\xb1\xac-\x83\x96h\x967\xcc.\xa5xt$\
\xa6\x8cy\x94:F\xa9y\xba\x01\x90\xcd\x8dS\x01q\
\x15u\x0e\xcfJ\xa7\x80\x85\x1f\x01kW\xf1\x90?c\
e\xd4\x960\xb1dC\x1ai\xd3\xd3oPiu\xb4\
\x1e'\x9b\xc6_N\x1d\xa3\x94<;\x99$\xbf3u\
gX\xe2\x1d\x005\xd4Y<\xa9u-\xb0jY~\
\xde\x9f\xb9\x16\xaf\x01p7!\x80\xe1\x11?\x86Tx\
~6\x97\x86nH4\x8c8F<\xb9\xf0%\xea(\
\xa5\xe0\xc9\x06@\x9e7\xb9\x12Y\xff[\x00v\xa7\xce\
\xe29f.?\xd7\xdf\xd5N\x9d\x84\x15\x017\x00\xde\
P\x19\xd01\xba\xda\xcf\xbb\x08\x96B0\x9cB}\xdd\
\x8e^\x5c\x14\xe8\xcd)\x80\x9c\xef\x0f\xe0\x8b\x7f\xf1E\
;\x80\xcf?\xe0\x8b?c\x0e\x13\xcfXX\xdc\x96F\
,\xc3#rE\x97N\x86\x10\x8b\xbfG\x1d\xa3\x14<\
\xd7\x00\xc89\x8d\xe7A\x8a3\xa8sx\xce\xdaU\xc0\
\xd2\x7f\x03\xb9\x1cu\x12\xc6X7LK\xe2\xcb\xf6\x0c\
\xd6F\xf9w\xb4\xe8\xa2\x9dcd\xe3\xd8\xbb\xa9c\x14\
\x9b\xa7\xc6\x8b\xe4\xac\xa6\xbd\xa1\xc97\x01\x84\xa8\xb3x\
\x86e\x02\xcb\x16\xe6\xdf\xfd3\xcf\xe1)\x00o\x8a\x04\
t\x8c\xae\xf5C\x17\x9ez\x89\xa7\x95\xdf)\xf0t\xf1\
\xd4\xe2\xfb\xa8\xa3\x14\x8bg\x9e\x1d\xf2\xec\xc950\xfc\
\xef\x03\x18G\x9d\xc53\x92\x09\xe0\x8b\xcf\x81\xac\x92'\
e*\x81\x1b\x00\xef\xf2\xe9\x02cj\x03|\x9e@1\
\xf9\x039\x0c\x1b5^<\xfa\xe9J\xea(\xc5\xe0\x89\
g\x86\x04\x04\xf4\xc0\xdd\xe0\x8b\x7f\xf1\xb4o\x00\x16}\
\xcc\x17\x7f\xc6\x5c*gI,mK\xa3#eRG\
\xf1\x8el\xc6\x87\x8e\xd6\xb7\xa4G\xae\x9d\x9e\xf8?\x81\
9S/\x84\x90'P\xc7\xf0\x04)\xf3\x1b\xfb|\xb9\
\x90o\xf1c\xcc\xe5\xa4\x04Vuf\xb1\xba\x8b7\x0e\
*\x9axt$\x1a\xc7zb\x1a\xc0\xf5S\x00rv\
\xe3\x1e\x10x\x07<\xef_83\x97\x1f\xf2\x8fG\xa9\
\x93\xb02\xe1)\x00uT\xf85\xecX\x1b\x80\xc1g\
\x09\x14Nh\xc0\xd0Q\xdf\x12\x0b\x16>H\x1d\xa5\x10\
\xae\x1e\x01\x90gO\x0eB\xe0>\xf0\xc5\xbfp\xe9d\
~W?\xbe\xf83\xe6I\x89\xac\x8d\xa5\xadidx\
\xf7\xc0\xc2I\x1b\x88\xb6\xde#g\xeePG\x1d\xa5\x10\
\xaen\x00\xa0\xfb\x7f\x07`O\xea\x18\xae\x17\xeb\xca_\
\xfc3<\xdf\xcf\x98\x97e-\x89\xa5\xad\x19$x\xbf\
\x80\xc2\xa5S\x01l\xc0+\xd41\x0a\xe1\xda\x06@\xce\
i:\x19\x02s\xa8s\xb8^\xdb\xfa\xfcA>\x16\xbf\
 0\xa6\x02KJ,k\xcf\xa0\x93\x17\x07\x16.\xda\
\xbe\x87l\x1c\xf7K\xea\x18\x83\xe5\xca\xc9 9\xb7i\
\x04l\xf9\x09\x80z\xea,\xae\xb6fE\xfe?\xa6,\
^\x03\xa0\xb6\x86\x88\x0f\xc3*}\xd41\xdcM7l\
\xd4\x8f\x98$\x16,\xfc\x98:\xca@\xb9s\x04@\xda\
\x7f\x02_\xfc\x07O\xda\xc0\xf2E|\xf1gLq\xeb\
c9\xac\xe2;\x04\x0ac\x99\x1a\x92]\xcfR\xc7\x18\
\x0c\xd75\x00\xb2\xb9q.\xa48\x96:\x87kY\x16\
\xb0\xf8\xb3\xfc\xd0?cLy\x1dI\x13_\xb6e`\
\xdb\xdc\x06\x0cZ<:LN\x19w\x07u\x8c\x81r\
\xd5\x14\x80ln\xdc\x09\xc0G\x00\x22\xd4Y\x5c\xc94\
\xf3\xf3\xfd\xc9\x18u\x12\xe6\x10<\x05\xc06\x09\xf94\
\x8c\xad\xe3\xdb\x04\x07M\xd3%\x86\x8dt\xd5\xd1\xc1\xae\
\x19\x01\x90\xf3\xe7k\x00\xee\x04_\xfc\x07\xc7\xcc\x01\x8b\
?\xe6\x8b?c\xac[\xa9\x9c\x8d/\xda2\xc8\xf1H\
\xc0\xe0\xd8\x96@g\xc7#r\xf2d\x83:J\x7f\xb9\
\xa6\x01\xc0\xea7.\x00\xf05\xea\x18\xae\x94\xcd\xe4\xb7\
\xf5M\xf1\xbb=\xc6X\xcf2\xa6\x8d/Z\xd3\xc8Z\
\xdc\x04\x0cJ*^\x05\xdf\xb2\xbfQ\xc7\xe8/W4\
\x00r\xde\xb4\xb1\x90\xe2\x1a\xea\x1c\xae\x94I\x03\x8b>\
\x01\xd2)\xea$\x8c1\x17\xc8Z\x12_\xb4\xa5\x91\xe1\
&`p:\xda\xbf)\xa7Op\xc5\x9bU\xc77\x00\
\x12\x100\xed\xdb\x00TRgq\x9dt*?\xec\xcf\
\x07\xfa0\xc6\x06 \xb7\xb1\x09H\xe7x\xd7\xc0\x01\xb3\
- \xd6\xf5\x0f7\x1c\x18\xe4\xf8\x80\x98\xd3\xd4\x0c`\
*u\x0c\xd7I%6\x9e\xe6\x97\xa5N\xc2\x18s!\
\xd3\x92\xf8\xa2=\x83d\x96\x9b\x80\x01K&j\xd18\
\xeeO\xd41\xfa\xe2\xe8\xe5\x9er\xd6\xd4\x91\xd0\xc4\xa7\
\x00j\xa9\xb3\xb8J2\x0e,\xfe\x84w\xf7c}\xe2\
\xbb\x00X_t!\xb0S}\x00!\x9f\xf3\xdf/:\
\x8a\xaeK44\x1c \x9e\x5c\xfa>u\x94\x9e8\xfb\
_T\x177\x83/\xfe\x03\x93I\xf1\xd6\xbe\x8c\xb1\xa2\
\xb1\xa4\xc4\x97\xed\x19>Dh\xa0,K \x9e|\x94\
:Fo\x1c\xdb\x00\xc89\x8d\xd3!q\x12u\x0eW\
\xc9\xa4\xf2\x0b\xfe\xcc\x1cu\x12\xc6\x98\x87\x98v~:\
\x80\x9b\x80\x01\x8au\x8d\x92\x8d\xe3\xaf\xa6\x8e\xd1\x13G\
N\x01\xc8\xb9\xc7\x87ag>\x05\xb0\x13u\x16\xd7\xc8\
f\xf2\xc3\xfe|\xa2\x1f\xeb\x8e\xa6#\xb5\xd7\xc1H\x1e\
6\x1d\xe9=\x0fBn\xe4X\xd8\x91\x1a,o\xed\x82\
.\x01=\x97\x86o\xd5\x17\xf0?\xf9\x00\x8c\x7f\xdc\x0d\
\xc9kGX7|\xba\xc0\xf8\xfa |\xba#/\x1d\
\xce\xe4\xf3\x9b\xa8\xae\x1f%\x9e]\xea\xb8\xedW\x1d\xf9\
\xaf(\x9b\x1b\xff\x07\xc0\x8f\xa8s\xb8Fn\xe3&?\
|\xab\x1f\xdb\x86\x0c\x84\xd0\xf5\xcdy\xe8<\xe5\xbb\xb0\
j\x86l\xf7\xf9\x15kZ\xb7\xfb\x98\x0e\xa0\xe2\x83W\
\x11\xf8\xf9\xb9\x90]\x1deH\xc9\xdc$\xa0\x0b\x8c\xab\
\x0f\xc2\xe0&\xa0\xffj\x86\xbc)^\x5cq(u\x8c\
m9\xee_P\xcei\xda\x1dR~\x08\x80\x8f\xa8\xea\
\x0f\xd3\xcc\xaf\xf6O\xf3b.\xb6\xb5\xf8\xd1_G\xdb\
\xf9\xd7\xc2\x1c:\xa2\xc7\xaf\xe9\xae\x01\xd8D\x87D\xe4\
\xe1;`\xfc\xef\xe5\xa5\x88\xc7\x5c,\xe8\xd30\xae.\
\x00\x9d\xb7\x0d\xee\x1f!\x80\x86\x1df\x8a\xa7\x17\xfe\x1f\
u\x94-9j\x0d\x80\x04\x04\xa4\xbc\x15|\xf1\xef\x1f\
\xcb\x02\x96|\xca\x17\x7f\xb65!\xd0>\xeb\x12\xac\x9b\
\x7fG\xaf\x17\xff\xbeX\x10\xe8\xfc\xc6l\xa4\xee|\x06\
\xd2p\xcd\xee\xa6\xac\x0c\xd29\x1b\xcb\xda\xf9\x00\xa1~\
\x93\x12\x88u\xdc\xee\xb4\xbd\x01\x1c\x15\x06\xb3\x9b\xfe\x1b\
\xc0a\xd41\x5cAJ`\xd9\xe7\xf9[\xfe\x18\xdbD\
\xd3\xb0n\xfe\x1d\xe88\xe7\x92\xfc\xbb\x8e\x22HL\xd8\
\x13\xc9\x87\xdf\xe3&\x80m%\x95\xb3\xf1e'\x1f%\
\xdco\xc9x5\xa6\xeet#u\x8c-9\xa6\x01\x90\
\xe7M\xae\x84\x90\xd7Q\xe7p\x8d\xe5\x8b\x81h'u\
\x0a\xe60ms/G\xfc\xe8\xaf\x17\xfdqS\xb5\x0d\
\xc8\xdc\xe2\xe8;\x9a\x18\x81D\xc6\xc2\xeaN^0\xda\
o\xd1\x8ese\xe3\xf8\x06\xea\x18\x9b8\xa6\x01@\xc6\
\xf73\x00#\xa9c\xb8\xc2\x9a\x15@\xbb\xe3\x16\x942\
b\xf1\xa3\xbf\x8e\xce\xd3/.\xdd\xe3\xef:\x09\xe6E\
W\x95\xec\xf1\x99;u\xa4L\xac\x8f\xf3\xad\xc7\xfd\x92\
\xcb\xea\xb0r\x0fQ\xc7\xd8\xc4\x11+8\xe4\xdc\xe9\xe3\
a[\x9f\x01\x08Pgq\xbc\xf6\x0d\xc0\x97\x0b\xa9S\
0\x87\x91\x81\x10V\xdc\xf7\x1e\xcc\x86Q\x03\xfa\xbe\xde\
\x16\x01vG\x17@\xed\xf1{\x02\x1dm\x03\xfa>\xe6\
}\xa3k\xfc\xa8\x09\xf14Q\x9f4\x0dh\x18\xd1(\
\x9eZ\xfc\x1cy\x14\xea\x00\x00\x00\xdb\xfa-\xf8\xe2\xdf\
\xb7x\x17\xb0b1u\x0a\xe6@\x9d3\xcf\x1d\xf0\xc5\
\x7f0,\x09d\xe7\xdf\x5c\xf2:\xcc}Vue\x11\
\xcf\xf2\x0e\xa4}\xb2m \x1e\xbb\x8b:\x06\xe0\x80\x06\
@\xcej:\x0a\xc0q\xd49\x1c/\x9d\x02\xbe\xf8<\
\xff\xe4alK\x9a\x8e\xaeo\x9fW\xb6r\x89}\x8f\
\x80\xf0\xfb\xcbV\x8f\xb9\x83\x94\xc0\x8a\x8e,\xef\x16\xd8\
\x1f\xf1\xe8H\xd98\xfe\x87\xd41H\x1b\x009\x7f\xbe\
\x06M\xfe\x9a2\x83+\x98&\xb0\xf4\xdf\xf9\xffel\
\x1b\xa9\xbd\x0f\xe9v\x93\x9fR\xb1 `\x9dtF\xd9\
\xea1\xf7\xb0\xec\xfc\xb9\x01\xa6\xc5\xf7\x06\xf4)\xdeu\
\x95\x9c<\x99t\xce\x84v\x04`\xd5\x9b\xff\x0d`_\
\xd2\x0cN'e\xfe\x9d\x7f\x86w\xf9c\xddK\x1e6\
\xbd\xec5\xb3\xc7\x9eR\xf6\x9a\xcc\x1d\xb2\x96\xc4\xf2\x8e\
\x0c\xdf\x1e\xd8\x97t2\x04\xdf\xf2\xff\xa5\x8c@\xd6\x00\
\xc8\xb3'\x07\x01\xe9\xd8C\x12\x1cc\xd5\x17\xf9\xb9\x7f\
\xc6z\x90\xde\xf3\xa0\xb2\xd7\xcc\xed0\xbe\xec5\x99{\
$s6\xd6D\xf9\xf6\xc0>\xc5:\xe7\xc9\xe9\x13\xaa\
\xa8\xca\xd3\x8d\x00\x18\xfe\x8b\x00\xecHV\xdf\x0d\xda7\
\x00\x1b\xd6P\xa7`\x0e\x97\x1b9\xb6\xec5M?\xaf\
\xd9e\xbdkK\x98\xe8H\xf2\xb4e\xaf\xb2\x19\x03\xa6\
\xf5W\xaa\xf2$\x0d\x80\x9c\xddT\x07\xe0'\x14\xb5]\
#\x95\x00V,\xa1N\xc1\x5c\xc0\xae(\xff\x1b\x08[\
\x90\xaf\x1ff.\xd0\x12\xcd\x22\x95\xe3E\x81\xbd\xeal\
=N\x1e\xbf\x17\xc9\xc9\xb74\xbf\xc5\x1a~\x02\xa0\x86\
\xa4\xb6\x1b\x98&\xb0\xf4s\xc0\xe6[jX\xdf\xa4\xaf\
\xfc+\xf2\xa5\xe4\x19^\xd67[\x02+:2\xb0\xf8\
\xcc\x80\x9eY\x96@\xa2\x93d\x14\xa0\xec\x0d\x80\x9c\xdb\
4\x02R\x9e_\xee\xba\xae!%\xb0|!\x90MS\
'a\x8c\xb1\x82e-\x89\x95]\xbc\x1e\xa0W\xd1\x8e\
C\xe5\xb1\xe3\xf7(w\xd9\xf2\x8f\x00\xd8\xb8\x0c@\xb8\
\xecu\xddb\xed\x0a\x80\xcf`g\x8cyH,ma\
}\x8c\xb7\x0b\xee\x91m\x01\xa9\xcc_\xca]\xb6\xac\x0d\
\x80\x9c=c\x0c \x9b\xcbY\xd3U\xa2\x1d\xc0\x9a\x95\
\xd4)\x18c\xac\xe8\xd6\xc5s\x88gxZ\xb3G]\
\x9d\x93\xe4\x8c\x9d\xcbzKOyG\x00D\xee\x0a\xf0\
\x96\xbf\xdd3s\xc0\x97\xbc\xcd/c\xcc\xbbVvf\
y\x93\xa0\x9eH\x1bH&\xef,g\xc9\xb25\x00r\
\xd6\x94q\x80\xe0\xed\xc3z\xb2|1`\xf2<\x19c\
\xcc\xbbL[b\x15\xaf\x07\xe8Y\xacs\xa2\x9c\xb6\xcb\
\xe1\xe5*W\xbe\x11\x00M\xbb\x14\x00\x1f\x15\xd5\x9d\xf5\
-@W;u\x0a\xc6\x18+\xb9X\xc6B;\xef\x0f\
\xd0=)\x81t\xf2\x96r\x95+K\x03 \xcfi\x1c\
\x0d\x80\xdf\xfdw'\x9d\x04Z\xbe\xa4N\xc1\x18ce\
\xd3\x12\xcd\x22\xcd\xfb\x03t/\xde\xb9\xbb<v\xfc~\
\xe5(U\x9e\x11\x00\x1d?\x05\xc0\xc7\x87m\xcb\xb6\x81\
e\x0b\xf9\x84?\xc6\x98R\xa4\xcc\x1f\x1f\xcc\xab\x01\xba\
a\xdb@\x22s{9J\x95\xbc\x01\x90s\x9bF\x00\
8\xbb\xd4u\x5c\xa9ey~\xc7?\xc6\x18SL*\
gc\x1d\xdf\x1a\xd8\xbdX\xe7>r\xc6\xce\xfb\x94\xba\
L\xe9G\x00l\xf9c\x00\xa1\x92\xd7q\x9bX'\xb0\
~5u\x0a\xc6\x18#\xb3!\x9eC<\xcb\xb7\x06n\
G\xda@:uk\xa9\xcb\x94\xb4\x01\x90\xe7\x1e[\x0b\
\x80\xef\xfb\xdf\x96m\xe5W\xfd3\xc6\x98\xe2Vuf\
a\xf3V\xc1\xdb\x8bv\x1e gL\x1cS\xca\x12\xa5\
\x1d\x01\xc8\xe5\xce\x03PY\xd2\x1an\xb4\xfaK \x9b\
\xa1N\xc1\x18c\xe4r\x96\xc4Z\x9e\x0a\xd8\x9em\x0b\
d\x937\x97\xb2D\xc9\x1a\x00y\xc1\xf4\x00\x80\xef\x96\
\xea\xf1]+\x11\x05Z\xd7R\xa7`\x8c1\xc7hK\
\x9aHfy1\xf4vb]\xd3\xe4\xe4\xddK\xf6&\
\xbat#\x00)\xeb,\x00#J\xf6\xf8nd\xdb\xc0\
\xf2%\xf9%\xb0\x8c1\xc66[\xd5\x95\xe5\x97\xc6m\
\xe5\xb2:\xfc\xc9\xdf\x96\xea\xe1K\xd2\x00H@\x00\xb8\
\xa8\x14\x8f\xedjkW\xe6\xef\xfbg\x8c1\xb6\x95\x8c\
ic}\x82\xa7\x02\xb6\x13\xed<CN\x9e\x5c\x92M\
\xf4J3\x020\xbb\xf18\x00\x13K\xf2\xd8n\x95J\
\x02\xebVQ\xa7`\x8c1\xc7\xda\x10\xcb!m\xf2T\
\xc0V\xb2\x19?\xfc+/)\xc5C\x97\xa6\x01\x10\xb8\
\xb0$\x8f\xebVR\x02+x\xe8\x9f1\xc6z#\x01\
\xac\xe6\xa9\x80\xed\xa5\xe2%\xb9\xa6\x16\xbd\x01\x90\xcdS\
&\x028\xa6\xd8\x8f\xebj\x1bZ\xf2\x8b\xff\x18c\x8c\
\xf5*\x99\xb5\xd1\x9e\xe2\xb3\x02\xb6\x92\x88\x0d\x95\xd3v\
\x99Q\xec\x87-\xc1\x08\x80v\x01\xf2k\x00\x18\x90?\
\xe6\xb7e\x05u\x0a\xc6\x18s\x8d\xb5\xb1\x1c\x1f\x1b\xbc\
\xadL\xf2\xdab?dQ\x1b\x00y\xf6\xe4\x1a\xf0\xa1\
?[[\xbd,\xbf\xf1\x0fc\x8c\xb1~\xb1m\x89u\
q^\x10\xb8\x95X\xe7^\xf2\xc4=F\x17\xf3!\x8b\
;\x02\xe0\xf3\xcd\x02o\xfc\xf3\x95d\x1ch\xdf@\x9d\
\x821\xc6\x5c\xa7=i\x22\xc5'\x06~\xc5\xb6\x05\x92\
\xb1\x1b\x8b\xf9\x90Ek\x00$  \xb5\xef\x14\xeb\xf1\
<a\xd5\x17\xbc\xf0\x8f1\xc6\x06\xa9\xa5+K\x1d\xc1\
Yb\xd1ce\x11\xaf\xdb\xc5\x1b\x01hn<\x0a\x90\
\xbb\x14\xed\xf1\xdc\xae}\x03\x10\xe7\x85\x7f\x8c16X\
\xc9\x9c\x8d\xae\x14O\xa1n\x96\xcd\xf8\xd18\xbeh;\
\xec\x16s\x0a`n\x11\x1f\xcb\xddl\x1bh\xf9\x92:\
\x05c\x8c\xb9\xde\x9aX\x16|V\xd0\x162\xc9\xef\x17\
\xeb\xa1\x8a\xb2\xbb\x90\x9c;y\x08l\x9cT\x8c\xc7\xf2\
\x84\xb5\xab\xf8\xb0\x1f\x17\xc8N\xd8\x03\xf1c\xbe\x81\xcc\
\xf8\xdd\x91\x1b5\x1e\xe6\xf0\xd1\x10\x99\x14\xb4T\x02z\
\xc7\x06\x04?~\x13\xa1\x8f\xfe\x89\xd0\xbb/CK\xc6\
\xa8\xe3\xb2\x01\xb0\x1bF\xc2>m\x1er\xfb\x1f\x81\xdc\
\xa8\x9d`\x19>Hh\x90\x02\xd0m\x0bF\xbc\x0b\xc6\
\x9a\xe5\xf0\xdfw\x0b\xb4\x17\x1e\xa3\x8e\xcbz\x91\xb3$\
Z\xe394D|\xd4Q\x9c!\x11\x1b+\x1b\xf7\xdc\
M<\xfb\xc9\x7f\x0a}\xa8\xa2\xdc\xae'gO\xfd1\
\x84\xb8\xbe\x18\x8f\xe5z\xd9\x0c\xf0\xef\x0fx\xe5\xbfC\
I\x9f\x1f\xd1\xe3\xcfB\xf4\xa4\xd9\xc8\xee\xb4[\xbf\xbe\
GKDQ\xf5\xc8\x1d\xa8y\xf0\x16\xe8m\xce;\xc8\
i\xe9k\x9d\x83\xfe\xde\x15kZ\x07\xfd\xbdC\x8e\x18\
9\xe8\xef-\x15{\xd7=\x91\xfd\xe9\x0dHN\xd8\xa3\
\xdf\xef\x1a}\xb6\x89\xd0\x1b\xcf\xc2\x7f\xd5\x85\xbcU\xb7\
Ci\x02\xd8eh\x08>\x9d\xef0\x07\x00\xd4\x0ey\
T\xbc\xb0\xa2\xe07\xdd\x05O\x01\xe4\xf7\xfd\x17\xcd\x85\
>\x8eg\xacY\xce\x17\x7f\x87J\xefy\x10V\xde\xf5\
O\xb4^\xfc\xab~_\xfc\x01\xc0\xae\xa8B\xe7\xe9\x17\
a\xf9\x03\x1f\x22z\xd2\xec\x12&d\x83\xa6i\xc8\x5c\
w\x07:n\x7f\x16\xf1\xf1\xfd\xbf\xf8\x03@N3\x10\
=b\x06:\x9fY\x08\xeb\xebg\x96.#\x1b4[\
\x02\xeb\xf8\xc8\xe0\xaf$b\xd3\x8b\xf10\x85\xaf\x01h\
n:x\xeaY[\x00\x00 \x00IDAT\x1c\x02\
;\x17!\x8b\xfb\xa5S|\xdb\x9f\x13\x09\x81\xceS/\
\xc4\xea\x9b\x9eBn\xc7\x09\x83~\x18\x19\x08a\xc3\x0f\
n\xc0\xdak\xef\x85]Y]\xc4\x80\xac #\xc7 \
\xfe\xc4'\x88\x1d6\x0d\x12\x83\x9f,65\x1d\x9d\xdf\
\xbf\x0e\x99\xdf\xde\x0fh\xa5;(\x95\x0dNg\xdaD\
\x86\xcf\x09\xc8\xcbf\xfc\xb2iB\xc1o\xbc\x8b\xf0,\
\x97g\x15\xfe\x18\x1e\xb1f\x05\xdf\xf6\xe70v\xb8\x12\
\xeb\xae\xbc\x13m\xe7]\x05hzQ\x1e3q\xc4\xb1\
h\xb9\xf11\xd8\x91\xda\xa2<\x1e\x1b<{\xf4xt\
\xdd\xf7*\xd2E\xfa\xb7\x90\x00b\xfb\x1d\x89\xc4#\x1f\
@\xd6\x0e-\xcac\xb2\xe2\x90\x12X\x1f\xe7-\x827\
\xcb\xa6/.\xf4!\x0aj\x00\xe4\xc5\x87\x84\x00\x9c\x5c\
h\x08OH'\x81\xce\xc1\xcf\xa7\xb2\xe2\xcb\xed0\x0e\
\xaboy\x0e\xf1\xa3\x8a\xbf>5\xb3\xcb\xdeX\xf3\xcb\
{!}\xfe\xa2?6\xeb\xa7`\x18\xc9;\x9eFN\
/\xfe\xe2\xb0Tm\x03\xba\x1e\xf9\x00\xf6\xe1ME\x7f\
l6x\x9d)\x13i\xde\x1c(/\xde5Q\xce\xdc\
\xa1\xae\x90\x87(l\x04 \x1e\xf9\x06\x80\x9a\x82\x1e\xc3\
+V/\xe7w\xff\x0e\x92<\xb8\x11\xabn{\x11\xd9\
\x9dJw*uz\xefC\xd1q\xf6\x8fK\xf6\xf8\xac\
w\xe9?<\x84t\xb0t\x1b\x8f\x9a\x9a\x8e\xce\xeb\xee\
\x84y\xc1\xcfKV\x83\x0d\xdc\xfa\x04\xaf\x05\x00\x00X\
\x96@\xd4\x7fy!\x0fQX\x03 \xc1\xc3\xff@~\
\xcb\xdf\xae6\xea\x14l\xa3\xce\xd3\xbe\x875\xd7\xdf\x0f\
;R\xfa\xde\xb4\xf3\xf4\x8b\x90\x1d\xbbk\xc9\xeb\xb0\xad\
\xc9c\x8eG|\x97\xbdK^\xc7\x96@\xd7\xb7\xe6!\
\xf3\xbf\x7f+y-\xd6?])\x0bi^\x0b\x90\x97\
L\x9e^\xc8\xb7\x0f\xba\x01\x90\xf3\x8e\x1e\x05\xe0\xe8B\
\x8a{\xc6\x9a\xe5\xd4\x09\x18\x00h\x1aZ\xbfw=\xda\
\xce\xbd\xb2l\x8b\xb8\xa4n\xa0\xbd\xf9ge\xa9\xc5\xbe\
\x92\xf8\xc1u(`\xbd\xdf\x80H\x00\xb1\xfd\xbf\x86\xd4\
=/B\x1aE\xd9:\x85\x15h]\x94G\x01\x00\x00\
\xc9\xd8P9m\xd7\xbd\x06\xfb\xed\x83\x7f\x954}\xa7\
\x00(\xce\xaa*7KD\x81\xae\x0e\xea\x14\xca\x93\xfe\
\x00\xd6\xfd\xfcvt}\xb3\xfc\xc7Q$\x0f\x9f\x0e\xab\
\xb6\xa1\xecuU%\xc7\xed\x86tU\xf9\x17`&\xc6\
\xee\x86\xe4\xa3\x1fBT\xf3\xe2Oj\xd1\x8c\x85d\x96\
G\x01 %`\xa5\x07=\x0dP\xc0\xdb$\xfb\xdb\x83\
\xff^\x0fiYA\x9d@yve5\xd6\xdc\xf00\
\xe2\xc7|\x83\xa4\xbe\xd4\x0d\xc4\x8f:\x91\xa4\xb6\x8ar\
\xe7^Z\xb6w\xff\xdbJU\xd5#\xfa\xd0;\xc0\x88\
\xa2\x9e\xca\xca\x06a=\x1f\x17\x9c\x97L6\x0e\xf6[\
\x07\xd5\x00\xc8YS\xc6\x01b\xff\xc1\x16\xf5\x8cT\x02\
\x88\x0d~\x176V8\xb3a$V\xff\xe1\x19\xa4\xf6\
9\x8c4G\xe2k\xc7\x93\xd6WIf\xd2!\xb4\xf5\
\x03\x15\xe8\xfc\xdb\xeb\xb0w\xdd\x934\x87\xeab\x19^\
\x0b\x00\x00H%\xaa\xe4\xb4]\x0e\x1f\xcc\xb7\x0en\x04\
@\xd3NE\x91\xb6\x11v\xb5u\xab\xa8\x13(\xcdl\
\x18\x89\x96\x1b\x9f\x18\xd0\xae~\xa5\x92\xdb\x91\x0f\xc2,\
\x97\x5c\xb0\x82:\x02L\xdd\x87\xe8\x9f\x9e\x86\x9cX\xfa\
\x85\x88\xacg\xad\x09\xde\x17\x00\x00`f.\x19\xcc\xb7\
\x0dv\x0a\x80\x87\xff\xb3\x19\xa0\x83\xef\xfb\xa7\xb2\xe9\xe2\
\x9f\xdba\x1cu\x14\x00\x809d8\xecP\xe9nI\
c\x1b\x0d\xdf\xc11'\xc3\x99BC\xd7\xadOr\x13\
@\xa83e\x22g9\xe4\x09A)\x998j0\xdf\
6\xe0\x06@6O\x99\x08\x80\xc7\xbe\xd6\xb7\xf0}\xff\
D\x9cv\xf1\xdf\xc4\xaa\xe3\x9d\xe3JM\x8es\xd6-\
\x97\x9b\x9a\x00\x9e\x0e\xa0!%\xd0\xc6\xa3\x00@:\x19\
\x96\xd3v9f\xa0\xdf6\xf0\x11\x00\xa1\xf1\xce\x7f\xb6\
\x058\xf0T8\x158\xf5\xe2\x0f\x00Z:E\x1d\xc1\
\xfb\xa2\xce[sc\x0a\x8d\xa7\x03\x08\xb5\xa5LXN\
\x19\x16\xa2df\x06\xbc5\xf0\xc0\x1b\x00\x89\xe2\xef\xab\
\xea6\xadk\x01\x8bO\xfc+7\xab~\xb8c/\xfe\
\x00 \x92q\xea\x08\x9e'\xda\x9d9\xedf\x0a\x0d]\
\xb7<\x019\x8e~=\x8ajl[\xa2#\xc5\xaf\xc7\
H%\x8f\x1c\xe8\xb7\x0c\xa8\x01\x90\xcd\xd3w\x00\xb0\xef\
@\x8bx\x8a\x94\xf9\xe1\x7fVVv\xa8\x12k~\xf5\
w\xc7^\xfc\xf5h;\xb4t\x82:\x86\xe7\xc9\xf5\xab\
\xa1\x09g\xae?65\x1d\xd1?/\x80\xac\xe7=!\
\xca\xad5\x9e\xe3\x19\xd9T\x22\x22\xa7\xedr\xc0@\xbe\
e\x80#\x00\xd67\xa0\xfa\xea\xff\x8e\xd6\xfc\x02@V\
6\xd2\xf0a\xdd5w#\xb3\xf3\xa07\xbc*\xb9\xe0\
Go\xf2\x9a\x902\x10\xa6\x09\x7f\xcc\xb9\x1bo\xe5\x0c\
?\x12\xf7\xbe\x02\x04\x82\xd4Q\x94\x92\xb3%\xba2<\
\x0a\x00+\xfb\xfd\x81|\xf9\xc0\x1a\x00\xc1\xc3\xff\xfc\xee\
\xbf\xcc\x84\xc0\x86\x9f\xfc\x0e\xc9\x03\x07\xbc\xbe\xa5\xac\x82\
\x1f\xbfI\x1dA\x19\xfeE\x1fSG\xe8U\xba\xa2\x1a\
\xc9{_)\xdbv\xd4,\xaf\x8d\x0f\x09\x02\xd2\xa9\xa9\
\x03\xf9\xf2~?C\xe5\xec\xa6:H\x1c1\xf0D\x1e\
\x92J\x00\xc9\x18u\x0a\xa5\xb4\xcf\xf9\x19b\xd3N\xa5\
\x8e\xd1+a\xe6P\xf9\xe2\xc3\xd41\x94\xe1\xbb\xedz\
\x08\x87N\x03l\x92\x1c6\x1a\xe9[\x1e\xa5\x8e\xa1\x94\
d\xd6\xe6\x8d\x81\x92\xf1z9c\xe2\x98\xfe~y\xff\
[Ta7\x01P\xfb$\x8cV^\xf9_N\xd1\xe3\
\xcfB\xc7\x19?\xa0\x8e\xd1\xa7\xcag\xff\x0e\x83G\x86\
\xcaF|\xf6!B\x1bVS\xc7\xe8S|\xe2~\xc8\
^q\x13u\x0c\xa5\xb4'\x15\xbf%PJ\xc0L}\
\xaf\xbf_>\x80\x06\x00\xd3\x07\x15\xc8+l\x1b\xe8\xd8\
@\x9dB\x19\xe9=\x0eD\xeb\xc5\xbf\xa2\x8e\xd1'\x91\
\xcb\xa2\xe6\xbe\x1b\xa9c('x\xe3\xcf]\xb1\x1a)\
6\xf5dX'\xfe7u\x0cet&-\xc7l\x14\
E&\x9b=\xae\xbf_\xda\xaf\x06@\xce\x9f\xafA\x8a\
\xa6\xc1'\xf2\x80\xceV\xc0T\xbc\xbb,\x13\xab\xb6\x01\
\xeb\xae\xba\x1b\xd2\xe7\xa7\x8e\xd2\xa7\xba\xdb\xae\x86\x7f\xf9\
\x22\xea\x18\xca\xd1^~\x0a\x91\x0f_\xa7\x8e\xd1')\
%\xba~x=o\x14T&\x96\x94\x88\xa6\x15\x7f\x9d\
N&\xc6\xcb~^\xdb\xfb7\x02\xb0\xea\xf5\x03\x01\xa8\
}o\xcb\x06\x1e\xfe/\x07i\xf8\xb0\xf6\x9a\xbba\x0e\
\x1dA\x1d\xa5O\xe1w_D\xcd\xdfo\xa6\x8e\xa1,\
\xff\xc5\xa7!\x90r\xfe\xde\x0b6\x04\x127?\xccw\
\x06\x94\x89\xf2\xd3\x00fN\xc3\x8c\x9dO\xe9\xcf\x97\xf6\
\xaf\x01\x10B\xed\xe1\xfft\x0aHD\xa9S(\xa1\xed\
\x82k\x91\xde\x8b\xf6\xb4\xb7\xfe\x08,\xfe\x04\xc3\xae\x98\
\x9d\x9f\x1ab$\x84i\x22r\xd61\xf0\x99Y\xea(\
}\xca\x04*\x90\xbe\xfd)\xea\x18JHdmdT\
_\x0c\x98\xce\xcc\xea\xcf\x97\xf5\xaf\x01\x90\x8a\xcf\xff\xf3\
\xe2\xbf\xb2\x885}\x1b]\xdf\x98C\x1d\xa3O\xe1w\
^\xc0\xc8\x0b\x8e\x85\xe6\xe0\xfb\xd1\x95\xb1f%\xaaO\
;\x02\xc1\x94\xf3\xef\xce\x89\x8f\xdd\x0d\xb9\x1f_O\x1d\
C\x09\xca\xef\x0c\x98M\x1d\xd8\x9f/\xeb\xb3\x01\x90g\
O\xae\x01\x84\xba\xbb\xff\xd96\xd0\xbe\x8e:\x85\xe7\xe5\
F\x8eE\xeb\x0fn\xa0\x8e\xd1\xa7\xaa\xc7\xee\xc2\xf0\x9f\
\x9c\x02\x8dG\x84\x9cc\xcdJD\x8e\xdb\x13\x15K>\
\xa1N\xd2\xa7\xe8\x09g\xc0>p\xc0;\xb6\xb2\x01\xea\
H\x9aPz-`*\x19\x91\xc7\xed=\xaa\xaf/\xeb\
{\x04\xc0\x08\x1e\x0d@/F&W\xeaj\xe7\xc5\x7f\
\xa5\xa6i\xd8\xf0\xd3\x9b\x1d}\x9c\xae\x96\x8cc\xd8\x15\
\xe7`\xe8\xaf.\x820y\xc3\x11\xa7\x91\xd9,B\xe7\
4\xa1\xe6\xfe?@s\xf0\xdd\x01R\x02\xf1_\xde\x09\
\xe1w\xfe\x02W73m\x89\x98\xca;\x03J\x09\xe4\
\x12s\xfb\xfa\xb2\xbe\x1b\x00i;{\x0b\xb6R\xebp\
\xe6\xe1#^\xd2q\xc6\x0f\x91\xda\xe70\xea\x18=\xf2\
\xad\xfa\x02\xa3\xcemD\xe5\x8b\xff\xa0\x8e\xc2\xfa`\xdc\
|\x0dj/9\x0b\x86\xed\xdc\x17\xff\xac?\x84\xf4\x0d\
\x7f\xa5\x8e\xe1y]\xaaO\x03\xe4\xd2\xc7\xf7\xf5%}\
7\x00\x02\xea6\x00\xb6\x05Dy\x9e\xb7\x942\x13\xf7\
E\xc7\xd9?\xa2\x8e\xd1\xa3\xd0\x87\xafc\x87\xb9G\xc3\
\xff\xc5\xbf\xa9\xa3\xb0~\x12\xaf?\x87\x9aS\x0fG \
\x93\xa4\x8e\xd2\xa3\xf8\xa4#`7\xf1\xc9\xea\xa5\x14\xcd\
(\xbe'@*5\xb1\xaf/\xe9\xb5\x01\x90\xf3\x8e\x1e\
\x05`\xd7\xa2\x05r\x9b\xce\xf6|\x13\xc0JB\x06\xc3\
Xw\xf9m\x90\x86\x8f:J\xb7*^}\x02#~\
4\x13Z\xccyg\xd0\xb3>\xb4,G\xe5\x89\x93\x10\
\xeaXO\x9d\xa4[RJD/\xfb-Du-u\
\x14\xcf\xb2m\x89\xb8\xca\xd3\x00\x99TPN\xdb\xb5\xd7\
\x13\xd4z\x1f\x01\xc8\xf9\x8e.j \xb7\xe9\xe4\xe1\xff\
Rj\x9f})r\xa3'P\xc7\xe8V\xf5\xff\xdd\x82\
\xe1\x97\x9f\x09\x91IQGa\x83$\x121\x84\xbf\xb1\
?*V.\xa1\x8e\xd2-S\xe8H\xde\xf8\x00u\x0c\
O\xebT}S +\xdb\xebmU\xbd7\x00\x02\xea\
.W\xe5\xe1\xff\x92\xca\xec\xbc'\xbaf\xce\xa3\x8e\xd1\
\xad\xfa[\xae\xc4\x90\x1b/\xe1{\xfc=@\x98&B\
\xa7\x1d\x89\xc8G\xce<\xad11a\x0f\xc8c\xfa\x9c\
\xaae\x83\x14K+>\x0d\x90\xcb\x1d\xd5\xdb\xa7\xfbX\
\x03 \x0f/f\x16W\xe9l\xe7\x0b@\xa9h\x1aZ\
\xbf\x7f\x03\xa4\xee\xbc\xb3\xa5\xean\xbb\x1a5\xf7\xfe/\
u\x0cVd\x81\xf3OF\xe4\xdd\x97\xa9clO\x02\
\xb1K\x7f\xcbG\x07\x97\x88-\xa1\xf6\xdd\x00\x99\xd4\xf8\
\xde>\xdd\xe3\xb3N\xce\x9d<\x04*\xcf\xff\xf3\xc1?\
%\x13=\xe1l\xa4\xf7\xe8\xd7>\x15eUw\xdb\xd5\
\xa8\xbd\xc7\xf9{\x11lK\xe4\xca\xbf\x13\x9e\xd3\x8f\xe3\
\xedN\xe0\xfb\xa79\xb2\x09\xc8\xfaC\xc8^\xfe;\xea\
\x18\x9e\xd5\x99Rx\x1a \x93\x0a\xca\x93\xf6\xe8\xb1\x09\
\xe8\xb9\xed\x94\xbe#\xe0\x8a\xf3\xb6J\xc0\xb2\x00^\xf8\
U\x12Vm\x03\xda\xe6\xfe\x9c:\xc6v\xdcz\xf1\x07\
@\xb2)\x91&\xdd9:\xe6\xd4& >\xe5\x1b\xc0\
\xd8]\xa8cxR,c\xc1Ry\x1e \x95>\xb3\
\xa7O\xf52\xee$\x8e(E\x16W\xe8\xe2\xe1\xffR\
i\xfb\xee\xd5\xb0#5\xd41\xb6R\xfb\x97_\xbb\xf6\
\xe2\x0f\x00\xbe\xd5\xcb\xca^S\xcf\xa6\xcb^\xb3X\x02\
\xdf?\x0d\x95\x8b?\xa2\x8e\xb1\x15\x1b@\x92\xf7\x06(\
\x09)\x81xF\xe1\xd7\xf3\x5c\xa6\xc7\x93|{\x19\x01\
\x80swf)5^\xfcW\x12\x99\xdd&!\xd6\xf8\
-\xea\x18[\xa9|\xeeA\xd4\xdd\xfe\x0b\xea\x18\x05\x09\
~\xfav\xd9k\xfaV.-{\xcdb\x0a6\x1f\x8b\
\xd0\xfaU\xd41\xb6\x92l\xd8\x01\xd6\xf4oR\xc7\xf0\
$\xa5\xd7\x01d\xd3\xff\xd5\xd3\xa7\xbam\x00\xe4\x05\xd3\
\x03\x00\xf6.Y '\x93\x92\x1b\x80\x12i\xfb\xce\x15\
\x80\x83\xe6\x8eC\x1f\xbc\x8a\x86_~7\xffo\xeeb\
\x15\xaf\x95\xff\x949\xff\xe3\xf7\x95\xbdfQ\xd96*\
N\x9f\x8c@\xd2Yg:$/\xba\x86:\x82'\xc5\
\xb2\x0a7\x00\xa9TDN\xde\xbd\xdb}\xd6\xbb\x1f\x01\
\xc8X\xfb\x00\x08\x942\x93c\xa5\x12\x00\xef\xf5^t\
\xa9\xfd\x8fBj\xff\xc9\xd416\x0b,\xfe\x18\xc3/\
9\x8dd\x01]\xb1\x05?y\x1bz\x19\x17\xad\xea\x90\
\xd0\x1e\xf5\xc0pu:\x89\xca\xd3'\xc3g9\xe7\xf7\
=\x13\xae\x82u\xc6\x05\xd41<\xc7\xb4$\xd2\xaa\x1e\
\x11,m \x989\xa9\xbbOu\xdf\x00H8o\x89\
v\xb9\xf0\xbb\xff\xe2\x13\x02m\xf3\xae\xa0N\xb1\x99\x16\
\xeb\xc0\xb0\x9f\x9d\x01-\x15\xa7\x8eR\x1c\xb6\x85\x9a\xfb\
o*[\xb9\xf0\xbb\xaf@x\xe4\x80,\xd1\xba\x16\x91\
\x0b\xbf\xe9\xa8\x03\x84\xe2\xb3\x7f\x08i8\xef\x16Y\xb7\
\x8b\xa5\x15\x1e\x05\xb0\xccc\xbb\xfbp\x0fk\x00\xe4\x01\
\xa5\xcc\xe2h]\xdc\x00\x14[\xfc\x98\x93\x91\xd9u\x1f\
\xea\x18y\xb6\x85a\xf3\x9b\xe1kYN\x9d\xa4\xa8\xaa\
\xff\xefV\x18\xebJ?\xa7\xadC\x22x\xe5wK^\
\xa7\x9c\xb4\x8f\xdfE\xf5\xad\xd7:\xe6\x9e\xa7\x9c\xee\x83\
y\xd1U\xd41<G\xe9u\x00\xb9\xec~\xdd}\xb8\
\x87\x11\x00\xa1\xe6\x08\x80i\x02\x89\x18u\x0aO\x91\xba\
\x81\xf6\xe6\xcb\xa8clV\xff\xc7\xf9\x08\xbf\xf3\x02u\
\x8c\xa2\x13\xd94\xeao\xbe\xac\xe4\xeb\x19*\x1f\xbc\x0d\
\xd2\x83M\xb2~\xcfM\xa8z\xffU\xea\x18\x9b%N\
8\x13\x08\x04\xa9cxJ2g\xc3r\xf9z\x9fA\
\xcbfv\xec\xee\xc3\xdb5\x00\xf2\xf4\xe9U\x00v.\
y '\x8av\x00P\xf4\x09R\x22\x89\xa3\xbf\x8e\xdc\
\xa8\x9d\xa8c\x00\x00*_z\x045\x0f\x94o\xa8\xbc\
\xdc*_z\x14\xb5\x7f\xfdM\xe9\x1e\xff\xf3\xf7\xe1\xfb\
\xdd\x95%{|j\xfe\x8bOC\xa8\xab\x8d:\x06\x00\
\xc0\x14\x1ar\xdf\xf3\xee\xcf\x9a\x82\xd2\xb7\x03f\xd2\x01\
\xf9\x8d\xfdFl\xfb\xe1\xedG\x00\xc2\xe6\xa4n?\xae\
\x02\x9e\xff/.!\xd0y\xea\x85\xd4)\x00\x00\xc6\x86\
5\x18\xfa\xab\x8b]\xbf\xe2\xbf/u\xb7\xff\x02\x95/\
<\x5c\xf4\xc7\x0d\xb5\xafG\xe0\xbc\xaf\x17\xfdq\x1d\xc5\
\xb6Q1g\x06t\x87\xbc\x09H\xce8\x95\xb7\x08.\
2eO\x07\x94\x12Hw\x9c\xb8\xed\x87\xb7\x7fvI\
\xa1\xe6\xed\x7f\x00\xef\xfeWd\xc9\x83\x1b\x91\xd9yO\
\xea\x18\x80m\xa3\xe1\x9a\xef@\x8b)\xd0\xe0\xd96\x86\
]9\x1b\xb5w^W\xb4f\xa7b\xc9'\x08\x9f\xbc\
\xbfg\x16\xfe\xf5j\xcdJT\xdd~=u\x0a\x00@\
N7`\x9d\xf3}\xea\x18\x9e\xa2\xf4:\x80\xac\xbd\xdd\
\xc1@\xdb7\x00B\xd1\xfb\xff\xb3i\xc0\x03\xb7\x849\
I\xc7\xe9\xdf\xa3\x8e\x00\x00\xa8y\xf0\x0f\x08}\xe0\x9c\
\xf9\xdd\x92\x93\x12uw\x5c\x87\xe1??\x0b\xc6\xfa\xd5\
\x83~\x18\x03\x12\xd5\x0f\xde\x8a\xd09Mj\x5c\xfc7\
\xd2\xef\xfe\x1d*\x96/\xa4\x8e\x01\x00H\x9e\xfa\x1d\xea\
\x08\x9e\x92\xb3$r\x963Fx\xca\xce\xcc\xed\xb5\xed\
\x87\xba\x19\x01\x80C\x96k\x97Y\xccY\x1b\x82\xb8]\
z\xcf\x83\x90\xde\xfbP\xea\x18\xf0/\xfb\x0f\xean\xbb\
\x9a:\x06\x89\x8a\x97\x1f\xc3\x8e\xa7\xee\x87\xfa?\xfc\x1c\
z\xc7\xfa~\x7f\x9f\x0e\x89\xc8{\xaf\xa0z\xc6\x7fy\
z\xce\xbf7\xc1sO\x82!\xe9\xdf-f\x02\x15\xb0\
O<\x9d:\x86\xa7$r\x8a\xae\x03\xc8eGo\xfb\
\xa1\xadn|\x91\xf3'\x1bX\xe5\x8f\x01Po\xf9\xe9\
\x8a%@\xebZ\xea\x14\x9e\xb1\xf6\xda{\x918\xa2\xdb\
[O\xcbGJ\x8c:\x7f\x06\x82\x1f;\xf3,\xf8\xb2\
\xd24\xa4\xf78\x08\x89#f \xbd\xfb\x81\xc8\xed\xb0\
\x13\xec\xca\x1a\xach\x8bA\x936\x8cl\x06\xbe\x95K\
\xe0{\xe2~h\x8f\xfcE\xa9w\xfc=\xb1N\x9d\x87\
\x8e\xf3\xe8\x0f\xae\x0avm@\xe5qj\x0e\xcc\x96B\
}\x85\x81\x91U~\xea\x18\xe5'4`\xdc\x98\x80x\
\xf0\xb3\xcdC\xdd[\xef6\xb1\xd2\xbf\x1b\x84\x82\x17\x7f\
\x00 8Q\xcd\xab\xac\xfa\xe1H\x1e\xda\xe3\xf9\x13e\
S\xf5\xe4_\xf9\xe2\xbf\x89m#\xf8\xf1\x9b\xdb\xfd<\
\x12k\x92D\x81\x9cO\xff\xdb-\x08\xcd\x9c\x85\xd4\xd0\
\x1dHs\xa4k\x86\x22\xbc\xeb\x9e\xd0\x16~B\x9a\xc3\
+\x12\xaa\xde\x09 m \x96\x9b\x02`\xf3\xde\xe1[\
O\x01h\xd8\xa3\xdc\x99\x1c\xc1\xb2\x80t\x8a:\x85g\
D\x8f;\x13R\xa7\xdd\xc9L\x8f\xb6\xa3\xee\x96\xf9\xa4\
\x19\x98\xfb\x85\xbew*\xfd.\x81\x12\xc8\x9d\x7f9q\
\x08\xefH\x9b\xb6\xba\xc7\x03\xdb\xd6V\x0b\x01\xb7Y\x03\
 '\x963\x8bc$\xa2\x9e\xbf=\xacl4\x0d\xd1\
\xe3\xce\xa0N\x81\xfa\x9b/\x87\xee\x90{\xba\x99{i\
+\x97\x22\xf2\xfc#\xd41\x90\xda\xfbP\xbe%\xb0\x88\
R\xaa\xae\x030s\x93\xb6\xfc\xeb6\xcf(M\xcd\x06\
 \xdeE\x9d\xc03\x92\x07\x1c\x0ds\xf8vkM\xca\
\xca\xbf\xf43D\x16\xfc\x8d4\x03\xf3\x0e\xe3\x9a\x0b\xc9\
\x0f\x0c2\x85\x06\xebtom\xc1LI\xd9\x85\x80V\
n\xfc\x96\x7f\xdd\xba\x01\x90\xaa\x8e\x00\xf0\xf6\xbf\xc5\x12\
=\xfe,\xea\x08\xa8\xff\xe3\x15\x80\xad\xe8/8+:\
a\x9a\xa8\xb8\xff\x8f\xd41\x90\x9e9\x9b:\x82g$\
U]\x07\x90\xcb\x0d\xdb\xf2\xaf\x9b\x1b\x009s\xa6\x0e\
`B\xd9\x03Q\x93\x12Hx\xe4T8bVm\x03\
\x92\x87M#\xcd\x10\xfa\xf05\x84\xdf~\x9e4\x03\xf3\
\x1e\xe3\x96\xeb\x10\xc8$H3\xa4\xeb\x86A\x8eQ\xef\
%\xba\x14\x929K\xcdY\xdfl&$'O\xde\xbc\
@\xeb\xab\x11\x80\xba\xceqP\xf1\xf6\xbft\x0a\xb0\xe9\
\xef\xf7\xf5\x82\xf8Q'B\x1a>\xba\x00R\xa2\xeeV\
>E\x8d\x95F\xc5\xef\xe7\x93\xd6\x97R\x22\xd7\xfcC\
\xd2\x0c^aK k)8\x0a`[@\xb0\xe5\xe0\
M\x7f\xfd\xaa\x010\xb5]H\x02QK\xd1v\xf5^\
\x928j\xbb\xad\xa6\xcb*\xfc\xe63\x08~\xf6.i\
\x06\xe6]\xda\xa3\xf7\x22\x98\xa0\xdd.<{\xe0v\xbb\
\xb9\xb2AJ\x9b*\x0e\x01\x00\x90\xf6\x91\x9b\xfe\xf8U\
\x03 \xe4\xf8n\xbf\xd8\xeb\xd2\xdc\x00\x14\x83U\xdb\x80\
\xd4^\x87\x90f\xa8\xbd\xf7F\xd2\xfa\xcc\xfb\x82w\xfd\
\x96\xb4~\xba\x22\x02\x8cU\xf3\xbdZ\xb1\xa5U]\x08\
h\x9b\x9b\x0fh\xf9\xaa\x01\x90b\x1cI\x18j<\x02\
P\x14\x89\xaf\x1d\x0fh:Y\xfd\xe0g\xef\xf2\xa6?\
\xac\xe4\x8c\xfboC \x9b\xa6\x0b \x81\xdc\xd9\x17\xd1\
\xd5\xf7\x10e\x1b\x00\xcb\xdc\xfcf\x9fG\x00\xb8\x01(\
\x8a\xf8\xd1'\x91\xd6\xaf\xfd\xcb\x0d\xa4\xf5\x99:B\x8f\
\xdcEZ?s\xe81\xa4\xf5\xbd\x22e*\xda\x00\x98\
\xe6\xa8M\x7f\xdc\xf26@\xf5\x1a\x00\xcb\x04\xb2|\x02\
`\xa1\xac\x9a!H\x13\x0e\xff\xfb\x97/B\xf8\xcdg\
\xc8\xea3\xb5\xe8\x7f\xbc\x16\x86\xa4\xbbx\xa4\xc3\x11\xd8\
\xa3\xd5{\xb9.\xb6\x9c%a\xa9x+\x80i\xd6n\
\xfa\xa3\x06\x002\x7f(\xd0X\xaa<d\xf8\xdd\x7fQ\
$\x0f:\x86t\xeb\xdf\xc8\xe3w\xf3N\x8e\xacl\x84\
i\x22\xfc\xe1\xebt\x01$`\x9f\xd2LW\xdfC\xd2\
9\x05_7\xb2\x99\xcdw\xfb\xe5G\x00fM\x1d\x01\
 D\x95\x87L\x92\x1b\x80bH\xedO\xb72Y\xe4\
\xb2\x88<\xf3\x00Y}\xa6&\xdfo~\x06!\xe8\x0e\
\x09\xc8\x1e\xc4w\x03\x14\x83\x92\xeb\x00lK\xc8\xc6=\
w\x0365\x00\x86\xa0\xdd\xbb\x95\x0a\xdf\x01P\x14\xa9\
}\x8f\xec\xfb\x8bJ\xa4\xe2\x95\xc7\xa0w\xb6\x92\xd5g\
j\x12\xcb\x97 \xd8\xbe\x8e\xac~v\x98\x9a/\xd9\xc5\
\x96Vu\x1d\x80\x96\x98\x04lj\x00\xa4\xa0=\xef\x92\
J\x8aO\x00,Tv\xcc.0\x1bF\x92\xd5\xafz\
\xf4.\xb2\xdaLm\xc1\x87\xee \xabmB@\xf2b\
\xc0\x82eTm\x00\xa4\xd8\x1d\xd8\xbc\x08\xd0V\xb3\x01\
\xc8p\x03P\xa8\xd4\x01G\x93\xd56\xd6\xb7 \xf4\xd1\
\x1bd\xf5\x99\xda\xb4{\xff\x00\x9d\xf0\xa8\xe0\xdcq\xa7\
\xd1\x15\xf7\x88\xac\xb2\x9b\x01Y\x13\x80\xafF\x00F\xf5\
\xfa\xc5^d\xdb\x80I{\xc2\x97\x17\xa4\xf6\x9fLV\
\xbb\xf2\xa5\x7f\xf0\xe2?FF\x98&\x82+\x16\x93\xd5\
\xcf\xee}\x10Ym\xaf\xc8\xd9\x12J\xbe\x82\x98\xf6\x8e\
\xc0\xe6\x11\x00\x05\xa7\x00\xb2\x19\xea\x04\xee\xa7iH\xed\
s(Y\xf9\x8aW\x1e#\xab\xcd\x18\x00\xf8\x1f\xfd+\
Y\xedlU=\xa0i}\x7f!\xebU\xd6R\xb0\x05\
\xb0r\xc3\x81\xcd\x0d\x80To\x04\x80r7/\x8f\xc8\
\x8e\x9e\x00\xbb\xa2\x8a\xa4\xb6\xb1\xbe\x05\xc1O\xdf!\xa9\
\xcd\xd8&\xdaCw\x92M\x03\xd8\x90\xb0\x0f\xfa\x1aM\
q\x0f\xc9\xa9\xb8\x0e\xc0\xca\xef\x05\xb0i\x04`8e\
\x16\x12\x19n\x00\x0a\x95\xd9m\x12Y\xed\x8aW\x1f\xe3\
\xe1\x7fFN\x98&\x82\xab\x96\x92\xd5\xb7\x8e\x9cNV\
\xdb+\x94\x1c\x01\xb0\xed\x10\xf0\xd5\x08@\x03e\x16\x12\
<\x02P\xb0\xcc\xc4\xfd\xc8j\x87\xdf~\x91\xac6c\
[\xf2\xbdF\xb7\x0b\xa5\xb9\xc7\xfed\xb5\xbdB\xc9\x06\
 \x97\xf3\x01\x80&g\xce\xf4\x03\xa8&\x8eS~\xbc\
\x06\xa0`\x99\x89\xfb\x92\xd4\x15\xb9,\x82\x1f\xff\x93\xa4\
6c\xdb\xd2\x1f\xb8=\xbf\x97*\x81\xdc\x8814\x85\
=D\xc9)\x00\xdb\xd2\xe4\xd9c\x83\x1a\xaa\xe3\x0d \
{\xfa\x12\xe2)\x80\x82H\xc3\x87\xcc\xf8\xddIj\x07\
?{\x17Z2NR\x9b\xb1m\x89\xd6\xb5\x08\x10\xbd\
\x9e\x98\x81\x10\x10\x08\xf6\xfd\x85\xacGY[\xc1\x11\x00\
)\x81\x0d\xfa\x04\x0d\x9a\xad\xde\xf0?\xc0\x0d@\x81\xb2\
;M\x84\x0c\xd0\xec\x1e\x1dz\xffU\x92\xba\x8c\xf5\xc4\
\xb7\xf8\x13\x92\xba6\x00y\xf8T\x92\xda^\xa1\xec^\
\x00\xd0v\xd1`\xdaC\xa8c\x94\x9dm\xe7O\x02d\
\x83\x96\x1b\xbb+Y\xed\xd0\x87\xaf\x91\xd5f\xac;\xbe\
W\x17\x90\xd56'\xd1\x9d\xc4\xe9\x05\xa6\xba{\x01\xec\
\xa4AC=u\x8e\xb23\xf9\xe2_\xa8\xec\x8e\x13h\
\x0a\xdb\x16\xfc\x8b>\xa2\xa9\xcdX\x0f\xb4g\x1e\x22\x9b\
G\xb5\xc6M$\xaa\xec\x1d\x96\x8a\x0b\x01\xa55J\x03\
D\x0du\x8e\xb2\xb3x\x07\xc0B\xe5F\xd1\x9cG\xee\
\xffr!4>\xc6\x999\x8ch[\x0f\xc3\xa6yc\
a\x0fWo\x1f\xb7b3U\x5c\x07\x00\xd4kP\xf1\
\x0e\x00\x1e\x01(Xn4M\x03\x10\xf8\xfc\x03\x92\xba\
\x8c\xf5\xc5h[KR\xd7\xacQo\x10\xb7\xd8T\x1c\
\x00\x80-\xeb\x14m\x00\xb2\xd4\x09\x5c/\xb7\xc38\x92\
\xba\xc1\xffp\x03\xc0\x9c\xc9X\xf4)I]\xd3\xc7w\
\x01\x14J\xc9\x11\x00)k4@*8\x05\xc0#\x00\
\x85\xb0j\x86\xc0\xae\xa4\xe9\x1b\xfdK?#\xa9\xcbX\
_\x8c\x0f\xdf$\xa9k\x03\xb0\x89F\xe4\xbc\xc2R\xb2\
\x01\xb0\xab4@Sp\x04\x80\x1b\x80B\xe4F\xedD\
V\xdb\xb7\x92n\xdbU\xc6z\xa3\x115\x00\x00\x80}\
\x0f\xa6\xab\xed\x01J\x8e\x00XVD\x03d\x84:G\
\xd9\xf11\xc0\x05\xb1\xea\x87\x91\xd4\xd5\x12Q\xe8\x9d\xad\
$\xb5\x19\xeb\x8bX\xf4)4\xaa\x83\x81F\x8d\xa5)\
\xec\x11j\x8e\x00\xc8\x90\x06 L\x9d\xa3\xec\xb8\x01(\
\x88U;\x94\xa4\xaeo\xc5\x12\x92\xba\x8c\xf5\x97A\xb4\
\xbeH6\xa8w\xa0k1)\xb9\x08PJ\x9f\x06\x80\
f;7J<\x05P\x10\xab\x86\xa8\x01X\xfd\x05I\
]\xc6\xfaK\x8fv\x92\xd4\xb5\x87\xd0\x8c\xcay\x85\x92\
S\x00\xb6\xf4i\x10\x0a\x8e\x00\xd8\x16u\x02W\xb3j\
i6\x8f\xf4\xad]AR\x97\xb1\xfe\xd2\xda\xd7\x93\xd4\
\xb5k\xeaH\xeaz\x85\xadb\x03 mC\x83\x14\xea\
\x8d\x00\xa8\xf8\x8f]DTS\x00z\x07\xcf\xff3g\
\xd3\xdai\x9e\xa3vD\xbd\x9b\xb9\x8aI\xcd+\x82\xa5\
k\x80T\xaf\x01\x90\x0a\x1e\xffXDd\x0d\x00\xd1\xbb\
+\xc6\xfaK\xb4\xd2l\x06d\x87+H\xeaz\x85T\
\xb1\x03\xb0\xa1k\x80\x82#\x00\xdc\x00\x14\xc4\x22z\xb7\
\xc1w\x000\xa7\xd3\xd6\xac$\xa9k\xfb\x02$u\xbd\
B\xcd\x06\xc0\xd64@\xfa\xa8s\x94\x1dO\x01\x14D\
\x12\x9d?\xce#\x00\xcc\xe9\xc4\xea/I\xeaJM#\
\xa9\xeb\x15\xb6\x8a\x1d\x80\x94B\x03\xa0S\xe7(?\x05\
\xff\xb1\x8bH\x12\xbd\xdb\xd0\x921\x92\xba\x8c\xf5\x97h\
\xdf@T\x98\xea,BoP\xf3\x8a \xa1f\x03\xc0\
S\x00\x05\x91~?I]\x91\xe53\x1c\x98\xb3\x89\x04\
M\x93\x9a\x7f/\xc7\x06K\xc9\x06@B\xd1\x06\xc0\xe6\
\x06\xa0\x10T#\x00\x22\x97!\xa9\xcbX\x7f\xc9x\x9c\
\xa6.IU\xefP\xf2=\xa1\xb2S\x00*\xce\xf7\x14\
\x91\xf4\x11\x8d\x00\xe4x\x04\x809\x9b \x9a\xa6\xe2W\
\xb4\xc2H%\x7f\x82\xf9)\x00\xf5\xc6\x8ex\x11`A\
\xa4\x9fh\x04 \xcb#\x00\xcc\xd9D<JR\x97_\
\xd1\x0a\xa3\xea\xcfO\xbd\x8b?c\x8c\x95\x88 \x1aK\
\x16\xaa^\xc1XA4\xe4\x8f\x93V\x0b\xd5\x91]\x1e\
A5\x14O5\xf5\xc0X\x7f\xc9\x0a\x9a\xc3U\xf9\x15\
\xad0\xaa\xfe\xfc4\x00\xeam\x8c\xcf\xb7\xcc\x14D\x10\
\x9d\xa6(\x0d\xf5\xb6\xac`.\x13\xaa$*\xcc\xafi\
\x85\x10J\xfe\xfc\x84\xa2\x0d\x00o\x9aQ\x10\xb2\x11\x00\
\xa2\xb5\x07\x8c\xf5\x97\xac\xa4\x1a\x01Po \xb7\x98\x94\
\xbc\x8bR\x08\xa9f\x03\xa0\xe4\xbfv\xf1P\xdd\x8fO\
\xb5\x03!c\xfdVYERV\xc5\xf7\xaf\xc5\xa4\xe4\
\xcfO\xa8:\x05\xa0\xe6?w\xd1\x08\x93\xa6\x01\xb0\xaa\
\xf8\xc8S\xe6lr\xe4\x8eD\x85y\x15`!\xd4\xbc\
\x22\x08h\x80\xa0\x99\xd0\xa5\xc4\x8b\x00\x0b\xa2\x11\xedv\
fs\x03\xc0\x1cN\x0e\xdb\x81\xa4\xaef\x99$u\xbd\
BSq]X~\x0a@\xa6\xa8s\x94\x1dO\x01\x14\
D\xebj#\xa9k\xd5\xd6\x93\xd4e\xac\xbf\xec\xa1#\
H\xea\x8al\x9a\xa4\xaeW\xa8x\xfd\x87\xa6\xd9\x1a \
\xb8\x01`\x03\xa2w\xb5\x93\xd4\xb5\xaa\xb9\x01`\xce&\
\xeb\x87\x92\xd4\xd5\xd2\xea\xbd\x8c\x17\x93\x9a\x0d\x00,\x0d\
B\xc1\x11\x00\x9e\x02(\x88N4\x02`6\x8c\x22\xa9\
\xcbX\x7f\xd9\xc3h\x9e\xa3Z\xbc\x8b\xa4\xaeW\xa8y\
E\xd0-\x0d\x12I\xea\x18e\xa7\xabw\xfcA1Q\
M\x01\x98\xc3\x89\x16X1\xd6OV}\x03I]-\
\xc6\x0d@!4\x15\xdf\x14\x0a\xcd\xd4\x00\xa87\x02\xa0\
\xf3\x862\x85\xd0\xa3\x1d$us#\xc6\x90\xd4e\xac\
\xbf\xcc\x0a\xa2\xdb\x00;h\x9ar\xaf0Tl\x004\
\x91\xd3\x00\x05G\x00xG\xb9\x82\x18\xebV\x91\xd45\
G\xf0\x08\x00s6K\xa7\xd9\xaeZ[\xb1\x98\xa4\xae\
W\xe8*6\x00\x22\xdf\x00\xd0\x1c_EI7\xa8\x13\
\xb8\x9a\xb1v\x05I]\xab\xba\x1eV\xcd\x10\x92\xda\x8c\
\xf5E\xee\xb2\x07l\xa2s\xe5\xb4\xff|BR\xd7+\
\x0c\x05\xaf\xff\x10\x22\xa9A\xa2\x93:G\xd9\x19\xdc\x00\
\x14\xc2\xd7\xb2\x9c\xacvv\xdc\x7f\x91\xd5f\xac7\xd6\
aS\xc9j\x8b\x8f\xdf!\xab\xed\x05J\x8e\x00hz\
L\x83\x06\xf5V\x8f\xf8x\x0a\xa0\x10Z\x22\x0a-F\
\xd37f'\xecAR\x97\xb1\xbeX{\x1dHRW\
\x13\x80h[OR\xdb+\x94\x5c\x03 \xb4\xa8\x06\x08\
\xf5\x1a\x00^\x03P0\x1f\xd14@\x86G\x00\x98C\
Yc&\x90\xd45\xb2\x19\x92\xba^\xa2\xe4\x08\x80\xae\
wj\x80\x82#\x00\xbc\x06\xa0`\xbeU\xcbH\xeaf\
v\x9bDR\x97\xb1\xbe\xe4\xea\x87\x91\xd4\xd5\xf9\x16\xc0\
\x82\xe9j\xee\x0d\xd7\xae\x01R\xc15\x00<\x02P(\
\xff\xb2\xcfI\xeafw\x9a\x08\x9b\xe8V+\xc6z4\
r\x0cL\x8d\xe6\x8d\x85\xb1r)I]/1T\xdc\
\x0aPh\x1b4X\x92f_WJ<\x02P0\xff\
\xd2Oi\x0ak\x1a\xd2\xbb\x1f@S\x9b\xb1\x1eX'\
\x9eN\xb4\xfe\x1f\xd0?{\x8f\xa8\xb2w(9\x05 \
\xb0V\x83\x0e\xf5V\x8fh\x1a\xdf\x09P \xff\xd2\xcf\
\xc8j\xa7\xf7:\x88\xac6c\xdd\xc9\x1dp$Ym\
\xed\xcd\x17\xc8j{\x81\xa1\x0bE\xcf\x02\xd0\x97j\xb0\
\x14l\x00\x00\xc0\x1f\xa4N\xe0j\xbe5\xcb\xa1%\xe3\
$\xb5S\xfb\x1cNR\x97\xb1\x9e\xe4\xc6\xeeBRW\
\x13\x80\xf61\x8f\x00\x14\xc2\xaf\xabx\xf5\x07\x00{\x91\
\x06\xa3}\x03@6zE\x87\x1b\x80\xc2\xd86\xfc_\
\xfc\x9b\xa4tf\x8f\x03aWV\x93\xd4fl;#\
\xc7 \xeb\xa3y=1\xd2)\xc0\xb6Ij{\x85_\
\xc9\xe1\x7f\x01T\x06\x96h\xe2\xb6\xf7s\x00h6w\
\xa7\x14\x08P'p\xbd\xc0\xa2\x8fH\xeaJ\xdd@\xf2\
\x80\xc9$\xb5\x19\xdbV\xee\xb4\xef\x90\xbd\x83\xf2\xad\xa7\
\xd9\x96\xdbK|\x86\x82\xb7\x00\xe8\xba-\x1e\xfc,\xbb\
\xe9\xff\xb9z\xd3\x00<\x02P\xb0\xe0\xa7o\x93\xd5N\
\x1d8\x85\xac6c[\xca\x1eJ\xf7\x5c4\xde\x7f\x83\
\xac\xb6W(9\x05`\xf8r\x00\xc0\x0d\x00\x1b\xb4\xe0\
't\x0d@\xe2\x90\xa9\xf9\xc5\x9c\x8c\x11\x12~?\xb2\
Cw \xabo<\xf5\x00Ym\xafP\xb2\x01\xd0\xb4\
$\xf0U\x03\xa0\xde8R\x80\x1b\x80B\x19kW\xc2\
X\xbf\x9a\xa4\xb6U?\x1c\xa9\xbd\x0e%\xa9\xcd\xd8&\
\xe6\xa9\xf3`\x11\xd5\xd6aC|N3\x0d\xe7%~\
%\xa7\x00\x8c\x0e`S\x03 \x84z\x0d\x80\x9f\xd7\x00\
\x14\x03\xe5(@\xfc\x98\xaf\x93\xd5f\x0c\x002\xc7\x9d\
FV;\xd0\xba\x96\xac\xb6\x97\xf8T\x1c\x01\xd0}k\
\x81M\x0d\x80\x944o\xe3(i\x1a`\xd0\x9c\xdd\xed\
%\xc1O\xde\x22\xab\x9d\xf8\xda\x09\x90\xbc\xa9\x13\xa3\x12\
\x0c#=bG\xb2\xf2\xc6\xbf? \xab\xed\x15>]\
@\xc1\xcb?\xa0k+\x80\xcdS\x00\x9az#\x00\x00\
\x10\xe4i\x80B\x85\xdfy\x91\xac\xb6U;\x14\xa9\x03\
\x8e\x22\xab\xcf\xd4f\x9ds\x11l\xc2\x1b\xa8\x8d\x7f\xfc\
\x85\xae\xb8G(9\xff\x0f\x00\x9a\xb1\x08\xf8j\x04@\
\xd1\x06 L\x9d\xc0\xf5|+\x97\xc0\xb7\x9a\xe6` \
\x00\x88\x1ew&Ym\xa6\xb6\xd4\xf1\xa7\x93\xd56\xa4\
\x0d\xed\xbd\xd7\xc9\xea{E\xd0\xa7\xe0\xfc?\x00H\xed\
\xdf\xc0\xa6\x06@\xc7J\xd20T\xb8\x01(\x8a\xf0;\
t[\x91&\x0f\x9f\x0e\xab~8Y}\xa6&\xb9\xcb\
\x1eHW\xd5\x92\xd5\x0f\xacXLV\xdbK\x82*.\
\x00\x04\x00C\xfb\x10\xd8\xd4\x00\xdc\xf6\xccZ\x00)\xca\
<$B\x15\xd4\x09<!\xf4\xf6\xf3d\xb5\xa5n \
6\xed\x14\xb2\xfaLM\xd9\xef]E\xba\x7f\xaa\xff\xa5\
'\xe9\x8a{\x88\x92#\x00\x9a&\xc5S\xff\xf9j\x0a\
@\x00\x12B\xd2\x8d\xe3R\x09WR'\xf0\x84\xd0\x07\
\xafAd3d\xf5\xbbN\x9c\xc5\x8b\x01Y\xf9\x04\xc3\
H\x11\x1eH% `\xfc\xdf\x9f\xc9\xea{IP\xc5\
5\x00\xfe`z\xd3\x1f\xbfj\x7f\xa4\xf8\x82$\x0c%\
]\x07||;`\xa1\xb4T\x02\xa1\x0f^!\xabo\
\x8e\xd8\x11\x89\xc9'\x90\xd5gj1/\xba\x12&\xe1\
\xda\xf1`\xbc\x03\xb2K\xbd\xdd\xdb\x8b\xcd\xaf\x0bh*\
\x9e\x03`\x18\x9b\x9f<[6\x00KI\xc2P\xe3i\
\x80\xa2\xa8|\xe1\x1f\xa4\xf5;O\xbd\x90\xb4>SG\
b\xda\xb7H\xeb\xfb_~\x82\xb4\xbeW\xa8;\xffo\
l^\xf4\xff\xd5O@\x93\x8a6\x00\xbc\x10\xb0\x18*\
^{\x92t\x1a \xb3\xeb>HM\xe2c\x82Yi\
Yg]\x88\x9c\xee#\xab/ `\xfc\xf97d\xf5\
\xbdD\xc9\xf9\x7f\x00\xd0\x8c\xcd\xd7\xfa-F\x00Tm\
\x00x\x04\xa0\x18\xb4D\x94tO\x00\x00\xe88\xfb\xc7\
\xa4\xf5\x99\xf7%\xcf\xb8\x80\xb4~\xb0\xab\x15\x82w\x00\
,\x0a\x85G\x00>\xd9\xf4\xc7-\x1a\x00m\x11I\x18\
j\xdc\x00\x14M\xe5\x8b\x0f\x93\xd6O\xed{$R\x93\
\x8e \xcd\xc0\xbc\xcb<\xe7bd\x02\xb4\xaf\x17\xfe\x97\
\x1e'\xad\xef%A\x9f\x82\xf3\xff\x00\xa0\x1b\x9b\x17l\
}\xd5\x00D\xab\x96\x01Hw\xf7\xf5\x9e\x16\x0c\x01\x9a\
N\x9d\xc2\x13\xc2\xaf?\x0d-\x95 \xcd\xd0\xde|)\
i}\xe6]\xd4\xef\xfe\x85\x00\x8c;\xfe\x974\x83W\
h\x02\xf0\xeb\x0a\x8e\x00h:\x90\x18\xfe\xce\xe6\xbfn\
\xfa\x83x\xf0A\x0b\x80z\xbbK\x08\xc1\xb7\x03\x16\x89\
\x96\x8a\xa3\xe2\xa5GH3\xa4\xf7:\x04\xc9\x83\xa7\x92\
f`\xdec\x9ew\x19\xb2>\xda\xad\xc3CkV@\
tl \xcd\xe0\x15a\x9f\x0e\xa1\xe2\x00\x80?\x90\x14\
/\xbfln\xfa\xeb6-\x90\xfc\xbc\xdcy\x1c!R\
E\x9d\xc03\xaa\x9e\xa0\xdf\x9f\xbc\xed\xfc_@\x1at\
\x0b\xb5\x98\xb7\xc8P\x05\xe2\xa7\x9cK\x1d\x03\x81\xbf\xdc\
H\x1d\xc13\xc2\x01\x05\xdf\xfd\x03\x80\xcf\xb7~\xcb\xbf\
n\xf3S\x10j6\x00\x15\xdc\x00\x14K\xf0\x93\xb7\xe1\
_F\xfb4\xca\x8e\xd9\x05\xd1\x93f\x93f`\xde\x91\
\xbd\xf6v\x98\x82\xf6\x82aX9\xe8\x8f\xff\x8d4\x83\
\x97T\xa8z\x07\x80\xe1_\xb2\xe5_\xb7\xfd)\xa8\xd9\
\x00TV\x01j\x1e\x0aY\x12U\x8f\xd3\x8f\x02\xb4\xcf\
\xba\x04Vu=u\x0c\xe6rr\xdcnH\x1c\xf05\
\xea\x18\x08\xbdEw\xde\x86\xd7\x08\x01\x84Um\x00t\
\xe3\xc3-\xff\xba\xf5OA\x88O\xcb\x1a\xc6)4\x1d\
\x08\x85\xa8SxFd\xc1\xfd\x10\x19\xda\xa3%\xecH\
\x0d\xda\xce\xbd\x924\x03s\xbf\xd4\x0d\x7f%=\xf2\x17\
\xc8\xbfH\x07~\xc7\xcf\xe5b\x09\x1a\x9a\x9a;\x00\x02\
\x80alu\xaf\xf6\xd6\x0d\xc0\xa8\xccB\xa8x'\x00\
\x00TVS'\xf0\x0c-\xd6\x81\xc8\x82\xfb\xa9c \
6\xe3t\xa4\xf6\x9fL\x1d\x83\xb9\x94u\xc6\xf9H\x0e\
\x19I\x1d\x03\xa1\xd5K\x81\x96\xe5\xd41<C\xd9w\
\xff\x9a\x0e$Glur\xdbV?\x091\xffe\x13\
\x80\x9a\xa3\x00\xbc\x0e\xa0\xa8j\xfe~3`\xdb\xb4!\
\x84\xc0\x86\x1f\xdd\x08\x9b\xf7z`\x03U[\x8f\xd8\x9c\
K\xa8S@\x00\x08\xfe\xf6r\xea\x18\x9eR\x11P\xf4\
\xb6\xef@0\xbe\xe5\x1d\x00\xc0\xf6k\x00\x00\xe0\xa32\
\xc5q\x96\x8a\x08u\x02O\xf1\xadX\x82\x8a\x7f>C\
\x1d\x03\xb9\x91c\xd01\xfb\xa7\xd41\x98\xcb\xa4~\xf7\
 \xf9\xc2?\x00\x08F\xdb \xdez\x99:\x86\xa7(\
;\x02\xe0\x0f\xac\xd8\xf6C\xdb\xff$\x84\xa2\x0d@ \
\x08\xf8\xfd\xd4)<\xa5\xfa\x81\x9b\xa8#\x00\x00:g\
\x9e\x87\xd4~\xf4\x0b\xb9\x98;\x98g_\x84\xe4\xd8\xdd\
\xa8c\x00\x00\x82w\xdc@\x1d\xc1S|\xba\x80O\xc5\
#\x80\x01\xc00>\xde\xf6C\xdb7\x00R\xfc/}\
\xd0\xe3\x00\x00 \x00IDAT\xab,a\x9c(R\
C\x9d\xc0SB\xffz\x03\x81\xcf\xdf\xa7\x8e\x01h\x1a\
\xd6_\xfaG\xd8\x91Z\xea$\xcc\xe1\xe4\x98\x09\x885\
\xff\x18\xc4\xeb\xfe\x00\x00\x81l\x1a\xfaCwQ\xc7\xf0\
\x94\x88\xaa\xc3\xff\x00\xa0\xeb/o\xfb\xa1\xed\x1b\x80\x94\
\xf6\x11\x00\xe2\xc9[\x22U|\x81(\xb6\xba;\xff\x87\
:\x02\x00\xc0l\x18\x89\xf5?\xe6\x8dTX/4\x0d\
\x89?>\x0a\xcb\x09W\x7f\x00\xe1{o\xa6\x8e\xe09\
\xca6\x00B\x00\xe1\x9a\xc7\xb6\xfd\xf0v\x0d\x80\xb8\xf7\
\xe9(\x80\x85e\x09\xe54\x91Z\xa8\xb9?d\xe9\x84\
\xdf|\x06\xc1\xcf\xde\xa5\x8e\x01\x00HL>\x01]\xdf\
:\x8f:\x06s\xa8\xcco\xeeC\xda!\xa3D\xfel\
\x0a:\x0f\xff\x17\x95\x10@\x85_\xd5\xf9\xff`Z<\
\xfc\xfe\x9am?\xdc\xd3O\xe3\x9d\x1e>\xeem\x86\xc1\
\x8b\x01K\xa0\xee\xf6k\xa9#l\xd6v\xdeUHM\
:\x9c:\x06s\x18\xf3\xf4\xef\x22\xb6\xff\x91\xd416\
\x0b\xdf\xf1\x1b\xea\x08\x9e\x13\xf6i\xd0U\xbd\xff?\x18\
\xdcn\x01 \xd0c\x03 \x9d\xf1\x96\x8d\x82C\xde\x01\
xI\xe8\xbd\x97\x10\xfa\xf0u\xea\x18\x00\x00\xa9\x1bX\
w\xe5\x1d0\x1b\xe8\xef\xeff\xce \xf7\xd8\x0f\xb1y\
\x97\xc1\x11\x13\xff\x00\x02\xe98\x0c\x1e\xfe/:e\x87\
\xff\x01@\xf7w{M\xef\xbe\x01\x10\xba\x9a#\x00\x00\
P\xcd\x0d@)\xd4\xde\xf1K\xea\x08\x9bY\xb5\x0dX\
{\xcd_y\x7f\x00\x06Y\xdf\x80\xd8\xef\x1f\x82E\x1d\
d\x0b\xe1[\x9c3b\xe6%\x91\xa0\xc2\x0d\x80!\x9e\
\xec\xee\xc3\xdd7\x00\x9d\x91\x8f\x00dJ\x99\xc7\xb1\xc2\
\x95\x00\x9f$Wt\xa1\x7f\xbd\x81\x8a\xd7\xba}\x0e\x92\
\xc8L\xdc\x17\xeb\xae\xbc#\xbf;\x16S\x92\xf0\xfb\x91\
\xb8\xe7%d\x0d\xe7\xdc\xfe\x1b\xeaX\xcf+\xffK\xc0\
\xd0\x05\x82\x86\xa2\xf3\xffB\x03|\xe9G\xbb\xfbT\xb7\
?\x11\xf1\xe0\x83YH\xa8{; \x8f\x02\x94D\xfd\
M\x97Ad\x9d\xb3\xd3t\xf2\x90&l\xf8\xfe\xaf\xa9\
c0\x22\xc9\xbb\x9es\xcc\xa2?\x00\x10\x10\x08_1\
\x8f:\x86'E\xfc\x0a7\xfa\xc1PT<\xde\x92\xec\
\xeeS=\xb7DB:c\xd2\x96\x82\x83^\x14\xbc\xc4\
\xd7\xf2%\xaa\x1f\xbc\x85:\xc6V\xa2'\x9e\x83\xce\xd3\
/\xa2\x8e\xc1\xca,s\xd3CH\x8c\xde\x99:\xc6V\
*\xff\xf3>\xc4\x87oQ\xc7\xf0$\xa5\xe7\xff\xfd\x81\
\x7f\xf7\xf4\xa9\x9e\x1b\x00)\xd4m\x00j\xea\xf2\xc3&\
\xac\xe8j\xef\xfe5\xf4\xb6\xb5\xd41\xb6\xd26o>\
:O9\x9f:\x06+\x93\xccuw \xb6\xf7!\xd4\
1\xb6\xa2\x0b\xc0\xff\xe3s\xa8cx\x92\x10@$\xa0\
\xf0\xeb\xb9/\xd8\xe3\x9e\xec=\xffT\xf4\xec\xebp\xcc\
\xba\xd82\xd3t\x9e\x06(\x11-\x15G\xfd\xadWQ\
\xc7\xd8N\xdbyW#6\xe3t\xea\x18\xac\xc4rW\
\xfc\x1e\xb1\xc3\xa6Q\xc7\xd8N\xe5\xe3\x7f\x85\xe8\xd8@\
\x1d\xc3\x93\xaa\x02\xba\xba\xc7\xff\x0a\x01\x84\x83\xf7\xf4\xf4\
\xe9\x1e\x1b\x00q\xdb\xcb\xad\x00\xfeS\x92PnP;\
\x84:\x81gE\x16\xfc\x0d\xa1\x0f^\xa5\x8e\xb15!\
\xb0\xfe'\xbf\xe3&\xc0\xc3rW\xfc\x1e\xd1)'S\
\xc7\xd8N \x19\x85\xef\xfa\x1fS\xc7\xf0\xac\xea\xa0A\
\x1d\x81N \x98\x16\x8f|\xba\xb4\xa7O\xf7>.\x22\
\xa1\xee4@U\x1d\xa0)<lTJRb\xe8\xf5\
\x17@K%\xa8\x93lM\xd3\xb1\xfe\x92\x9bx\xb7@\
\x0f\xca^{;\xa2SNv\xdc\x90\xa6\x06\xa0\xe2\xb2\
f\xea\x18\x9e\xa5\x09\xc5o\xff\xf3\x87\x96\xf4\xf6\xe9\xde\
\xafpB:\xecmZ\x19\xe9:P]G\x9d\xc2\xb3\
|-\xcbQ{\x973\xce\x09\xd8\x8a\x10h\xbd\xe0Z\
^\x18\xe8!\x99\x9b\x1eB\xf4\x88\x19\x8e\xbb\xf8\x03@\
\xc5\xdb/B{O\xdd\xf7Y\xa5V\x15\xd0\xa1\xea\xe8\
?\x00\xc0\xef{\xa9\xb7O\xf7\xde\x00\xd8x\xb1\xa8a\
\xdc\xa6\xa6\x9e:\x81\xa7U?p3\x02\x0b\x9dy\xb7\
i\xdb\xbc\xf9\xd8\xf0\xa3\xdfB\xea\x0a\x0f\x1f\xba\x9c\xf0\
\xfb\x91\xba\xef\x15\xc7-\xf8\xdb\xc4\x9f\xcb x\xe9,\
\xea\x18\x9eV\x1dR\xfc\xf7W\xf3\xdf\xde\xeb\xa7{\xfb\
\xa4\xb8\xe3\xb9\x16\xa8\xbc\x0e\xa0\xba.?\x12\xc0JB\
X&\x1a\xae;\x1f\x22\xeb\xcc=\xa7\xa2'\x9c\x8du\
\xd7\xdc\xc3;\x06\xba\x90\xaco@\xec\x91\x0f\x1dw\xab\
\xdf&\x02\x02\x91_\x5c\x08\x99\xcdRG\xf1,M\x13\
\xa8T\xf9\xf6\xbf@(-\x16,\xfc\xb8\xb7/\xe9\xc7\
$\xb7x\xa1Xy\x5cG\xd3\xf3k\x01X\xc9\xf8\x97\
|\x8a\xba?]M\x1d\xa3G\x89\xc3\xa7\xa3\xe5wO\
\xc0\x1c:\x82:\x0a\xeb'\xb9\xfb$\xc4\x1ez\xc7Q\
\x9b\xfcl+\xf2\xd6s\x10/<N\x1d\xc3\xd3\x94\x1f\
\xfe\x0f\x85{\xbc\xff\x7f\x93\xbe\x1b\x00a\xab\xdb\x00\x00\
@-O\x03\x94Z\xcd\x037#\xfc\xd6s\xd41z\
\x94\xd9m\x12V\xdd\xf9:R\xfb}\x8d:\x0a\xeb\x83\
y\xca\x5ct\xde\xf2\x04\xb2\xbas\xb6\xf7\xddV0\x15\
\x83\xff'gS\xc7\xf0\xbc\x1a\x95\x17\xff\x01\x80\x11\xe8\
\xb3\xc3\xec\xbb\x01\xc8\xe5^\x02\x1cuVFyU\xd7\
\xf1\xd9\x00\xa5\xb6\xf1\xae\x00\xbd\xab\x8d:I\x8f\xac\xea\
z\xac\xb9\xe1\xa1\xfc\xe2@\xa1\xf2\xdb\x0a\xe7\xca^}\
\x0b:\xcf\x9f\x0f\x0b\xce\xfd\xf7\xd1\x04Pq\xc1L\xc0\
\xb6\xa9\xa3x\x9a\xa1+>\xfc/\x04\xe0\xaf\xf8S_\
_\xd6g\x03 \xeez\xb9\x13\xc0\xfbE\x09\xe5FB\
\x03\xea\x1a\xa8Sx\x9e\xd1\xba\x16C\xaf\xbf\x10\x90N\
\x5c\xab\x9d'u\x03m\xf3\xe6c\xed\xd5\x7f\x81\xc5S\
C\x8e!\xc7L@\xfc\xa9\xcf\x10\x9d|\x82\xe3\xb7.\
\xab\xbe\xf7&\x88\xde\xa7eY\x11\xd4\x06\x0d\xb5\xfb\xf4\
`8*\x9e\xf8hu__\xd6\xdf\x1b\xdd\x9f.0\
\x8e\xbb\x0d\x19N\x9d@\x09\x15\xaf=\x89\x9a\x07n\xa2\
\x8e\xd1\xa7\xc4\xd7\x8e\xc7\xca\xbf\xbe\x85\xe4\xc1S\xa9\xa3\
(\xcf:\xe3\x02t\xde\xfb\xaa\xa3\xe7\xfb7\xa9\x5c\xfc\
\x11\xf4?\xf2Q\xbf\xe5P[\xa1\xf8\xea\xff`\xf8\x9d\
\xfe|Y\xff\x1a\x00)\x9e*(\x8c\xdb\x05C@E\
\x15u\x0a%\xd4\xddr%B\x1f\xbeF\x1d\xa3OV\
m\x03\xd6\x5c\xff\x00\xda\xbe{\x0dd0L\x1dG=\
\xb5\xf5H\xdd\xf3\x22:\xe6\xfe\x14\x96\xc3\xdf\xf5\x03@\
 \x15Gh\xde\x89\xd41\x94P\x11\xd0\x11\xd0U~\
\xfb\x0f\xc0\xa7\xdf\xd1\x9f/\xeb_\x030\xfa\x90\xf7\x00\
\xac+$\x8f\xeb\x0d\xe5Q\x80r\x10\x96\x89a?;\
\x0b\xc6\x9a\x15\xd4Q\xfa\xa6i\xe8<\xe5|\xac\xbc\xfb\
M$\x0f8\x9a:\x8d2\xacS\xe7\xa1\xf3\xd1\x8f\x90\
\x18\xbb\x1bu\x94~1 \x11\x99{\x1c\xdf\xf2W&\
u!\x85\xe7\xfe\x01\xc0\xf0\xd9X\xf0\xc5\x03\xfd\xf9\xd2\
~5\x00b\xfe|\x1b@\x8f'\x0a)\xa1f\x08`\
(>\xacT&z\xb4\x1d\xc3\xe6\xcfr\xec\xfe\x00\xdb\
\xca\x8d\x1c\x8357<\x84\xf5\x97\xfe\x01V\x0d\x9f!\
Q*r\xdcnH>\xfc.:\xce\xfb9L\x97\x9c\
\xd6) Pu\xfd\x0f\x80/\x17QGQ\x82.\x04\
\xaaT\xde\xfb\x1f\x00**\x97\x08\xa0_\xabL\xfb\xff\
[$\x14_\x07\xa0i@\xedP\xea\x14\xca\x08\xfe\xfb\
=\x0c\xfd\xd5E\x8e^\x14\xb8\x15!\x10\x9b~\x1aV\
\xfc\xed}t~\xfb\xbb\x90|\xe7H\xd1\xc8P\x052\
\xbf\xb9\x0f\x1d\x7fy\x11\xc9\xa1\xa3\xa8\xe3\x0cH\xf5\x93\
\x7f\x85\xf6\xc4\xfd\xd41\x94Q\x1bV\xfc\xde\x7f\x000\
\xfc\xfd\xde`\xa2\xff\x0d\x80\xe1{\x06\x809\x98<\x9e\
\xc1\x8b\x01\xcb*\xb2\xe0o\xa8\xbd\xebz\xea\x18\x03b\
WV\xa3\xed\xfc_`\xe5_\xdeD\xf2P\xe7\x1d;\
\xeb6\xe6y\x97\xa1\xeb\x99\x85\x88\x1d0\x19\xb6Kz\
\xc1M*?y\x1b\xc6u?\xa2\x8e\xa1\x94\xda\xb0\xe2\
\xef\xfe\x85\x00\xc2\x157\xf6\xfb\xcb\x07\xf2\xd8\xb2\xb9\xe9\
y@\x1e3\xf0T\x1e\xb2\xf0# \x11\xa3N\xa1\x0e\
!\xb0\xfe\xd2?\x226\xed\x14\xea$\x83\x12\xfc\xec]\
\xd4\xdcs\x03*\xdeX@\x1d\xa5[\x9f\xacIRG\
\xe8\x96\xfd\xad\xd9H\xcc\xfd)2\x01w.\xb0\x0c\xaf\
_\x85\xf0\xc9\x07R\xc7PJ\xd8\xa7a\xfc\x90 u\
\x0cZ\x15\x91V\xf1\xda\xba~\x0fU\x0fl\x22M\xe2\
\x91\x01\x07\xf2\x9a\x86\x91\xd4\x09\xd4\x22%\x86\xfe\xcf\x85\
\x08\xfd\xcb\x9d'\xa6\xa5w?\x00k\xaf\xbb\x1f-\xbf\
{\x02\xa9}\x8f\xa4\x8e\xe3x\xd6Y\x17\x22\xf6\xfc\x12\
\xb4_p\xb5k/\xfe\x81T\x1c\xe1\xd3'S\xc7P\
\xce\x90J\x9evC <\xa0\xb5z\x03k\x00|\xb9\
\x7f\xc0\xf1[m\x94X\xcd\x10\xc0\xafx\x97Yf\x22\
\x97\xc5\xf0K\xff\x1b\xfe%\x9fRG\x19\xb4\xd4\xa4\xc3\
\xd1r\xe3cX\xf5\xe7W\x10\x9f\xfaM>epK\
\xc10\xccK~\x85\xae\x97\x97\xa3\xa3\xf9\x12\xd7^\xf8\
\x01\xc0g\xe5\x109\xf3h \xed\xcc\x91\x15\xaf\xf2\xeb\
\x02U*\xef\xfc\x07l\xdc\xfd\xcf\xf8\xf5\x80\xbee\xa0\
5d\xf3\xd4w\x00q\xc0@\xbf\xcfS\xd6\xad\x06V\
/\xa3N\xa1\x1c\xabv(V\xdf\xf4\x14r;:\xf3\
\x84\xb7\x810\xd6\xaeD\xd5\xa3w\xa2\xea\xe9\xfb\xa0\xb7\
\xad%\xcbA9\x05`\xef\xba'r\x17\xccGj\xef\
\x83a:x\xfb\xde\xfe2\xa4\x85\x9a3\x8f\xe1\x15\xff\
\x04FT\xf91D\xf5\xcd\x7fB\x15Q\xf1\xc6\x86\xea\
\x81|\xcb\xc0\xef\xa5\x91\xe2\x1f\x03\xfe\x1e\xaf\x19:\x9c\
\x8f\x09&\xa0wl\xc0\xc8\x8bO\x84\xafe9u\x94\
\x82\x99\xc3G\xa3\xfd;?\xc7\xf2\x87>\xc5\xdak\xef\
E\xf2\x90&5F\x05\x82aX\xe7^\x8a\xf8S\x9f\
\xa1\xfd\xcf\xcf \xb6\xf7!\x1e\xb9\xf8\xdb\xa8\x9a3\x83\
/\xfe\x04t!P\xa7\xfa\xe2?\x00\x08W\xbe2\xd0\
o\x19\xf8\x08\xc0\xdc\xc6\xdd`\xe3\xf3\x81~\x9f\xe7\xac\
^\x96\x1f\x09`eg\x0e\xdb\x01\xaboz\x1a\xe6\xf0\
\xd1\xd4Q\x8aJ\x8bu\xa0\xe2\x9f\xcf\xa2\xe2\xa5\x7f \
\xfc\xd6\xf3\x10V\xe9o\xba)\xc7\x08\x804\x0c\xc8o\
\x9c\x85\xcc\x89g \xbd\xe3\xce\x8e>\xacg0t\x01\
\xd4\x5c\xf8M\x88\x0f\xfeI\x1dEIC+}\x18\x1e\
\xe1\xf9\x7f\x0c\x1b9Y<\xbdd@M\xc0\xa0~\x13\
\xe5\x9c\xc6\x7fAb\xef\xc1|\xafgd\xff\xbf\xbd;\
\x0f\x93\xab\xae\xf3=\xfe\xfe\x9es\xaa\xea\xd4\xdeU\xbd\
%\x9d\xce\xce\xbe\x09\xc2u\xc4eD!\x1d\x93aP\
Q\xdc\x18@I'\xe0\xf8\xc8\x9d\x19DG\xbdw\xc6\
Q\xf1\xea\xe8(\xa2s\xb9 \x01\xdc\xee\xe8\xe0\x0af\
O$ \x22\x8c \x04\x12\x96\xa4\x13H\x08IH \
[\xa7\xd3k\xd5o\xfe\xa8$\x10 \xa1\x97\xaa\xfa\x9d\
S\xf5}=O\x1e\xd6:\xe7\xf3t\x9f\xaa\xdf\xb7~\
\xeb\x00\xacy\x10\x8c\x9e\xeae\xc3\xe0\xc4c\xd8r\xdd\
\x1d\x0c\xd5\xe8\xa4Lw\xd7v\x12\x7f\x5cF\xe2\x81\xe5\
$\xfet\x17N\xf7\xee\x8a\xdc\xa7R\x05\x80i\x9f\xca\
\xd0\x87\xe72p\xf6y\x0c\xb4\xb4\xd7\xecq\xa2.\x86\
\xecg\xfe\x06\xe7\x8fw\xd9\x8eR\x97\x048\xa1%\x8e\
W\xef[\xff\xc6\x93=\xf2\x87\x1d\xa9\x91\xbelt\xfd\
&\x86\x9fB\x9d\x17\x00\xd1(\xe4\x9a`\xe7v\xdbI\
\xeaR\xe4\xd9.\xda>5\x8b\xad\xdf\xbe\x83\xc1\xb6\xc9\
\xb6\xe3\x94]!\xd7B\xf7\xec\x8b\xe9\x9e}1\x14\x0b\
\xf8k\x1e$\xfe\xc8\xbd\xf8\x8f>\x80\xbf\xfa\x01\x9c}\
{lG<\x5c\xdbd\x86.\xf8\x08Coz\x07\x83\
S\x8eg \xe2\xd7\xfcla\xcf\x14\xc9\xfe\xdd\x07\xf5\
\x9b\xbfE\x0dqO\x1b\x7f\x80x|\xc5h^6\xba\
\x1e\x80y\xe7M\xa2\xe8<3\xda\xd7\xd7\x8c\xde\xfd\xf0\
\xc4\x9fm\xa7\xa8kC\xcd\xe3\xd9r\xdd\x1d511\
p\xd8\x8aE\xa2\x1b\x9f\x22\xf6\xe4\xc3D7<N\xac\
k5\xd1\xf5kpw\xed\x18\xf1\xa5F\xd3\x03`\x8e\
9\x89\xc2\xdb:(\x9c\xf6&\x86\xa6\x1c\xc3P\xe38\
\x86\x1c\xaf\xe6\x1b\xfc\x97\xf3L\x81\xcc\xdc\xd98O=\
f;J];\xb6\xd9\xc7\xf7\xc2\xb1-tEMh\
;[\xee\xec\xba\x7f\xa4/\x1bu\x03n:;\xfe\x08\
\xbcy\xb4\xaf\xaf\x19]\xabaoe\xbag\xd5\xf0\x14\
r\xcdl\xf9\xd6\xaf\x188\xe6\x14\xdbQ\xacr\xbaw\
\x13\xd9\xba\x11o\xeb&\x22\xdb6\xe2m\xdb\x8c\xbb\xe7\
E\x9c\xbd\xbb\x0e\xfd\xd5\xe9\xedA\x86\x06ah\x08\xa7\
w\x1f\x8fm\xdd\x8fi\x1a\x87Dc\x18?\x8e\xc97\
a\xc6O\x84\x96\x09\x98\xe6V\x8a\xf9f\x8a\xe3&R\
\xc8\xb70\x94\xcaPp\xa3\x14\xeb\xaa\xa9\x7f\xb5Ha\
\x90\xec\xc7f\xe8\x84?\xcb\xd2\xbe\xcb\x94\x5c\xccv\x0c\
\xfb\x12\xa9=r\xef\xf6\x86\xd1\xbct\x0cS'\xe5g\
`\xb4\x00h\x9b\x02{\x1f\xb1\x9d\xa2\xae\xb9\xbbv0\
\xe1\xaa\xf3\xd9v\xed\x8f\xe8=\xe3\xed\xb6\xe3XSL\
7\xd0\x9fn\xa0\xff\xb8\xe1\x8f\xce\xbd\xb0\xf5\x85\x11\xde\
\xa5\xbe\x1b\xffX\xef\xbe\xd2:\xffm\x9bmG\xa9{\
-I\x9d\xf8\x07\x80?\xb2\xcd\x7f^n\xf4}'\xc5\
\xe2\x7fB\xcd\xce\xed\x19\xbeD\x0a2y\xdb)\xea\x9e\
\xd3\xbd\x9b\xf1W\xbf\x9f\xf4b=xEUF|\xfb\
f\xd2\x17\x9c\xae\x8d\x7f\x00d|\x97DT\xbb\xfe\x11\
\x81\x98\xfb\xe5\xd1\xbe|\xd4?A\xb9e\xd9\x16\x90\xe5\
\xa3}}Mi\x9bd;\x81\xa2\xb4c`\xcb\xb5W\
\xd2t\xfd\xe7\xc2s\x8a\xa0\x0a\x85\xd4\x9a?\x91|\xff\
\x9bt\x87\xbf\x80h\xd5e\x7f%\xc9\xf4\xf3\xb2`\xfd\
\xa8\xb7H\x1dc\x09U\xfc\xc1\xd8^_#\x12\xa9\xd2\
\x16\xc1*\x10\xb2\xb7\xdf@\xcbW?\x81\x0c\xf4\xdb\x8e\
\xa2BN\x10\x1a\x16\xfc\x04\xff\xca\xf7\xd8\x8e\xa2\x0e\xc8\
\xfa\xaeN\xfc;(\x16\xff\xf1X^>\xb6\x9f\xe2\xd0\
\xe0\xaf\x00\x9d\x01\x070~R\xa9;F\x05Bz\xf1\
O\x99\xf0\x89\x0e\xbc\xad\x9blGQ!\xe5bh\xf8\
\xe65z\xa4o\x80\x88\xe8\xb7\xffC\x5c\xd7\xe0\xb9_\
\x1a\xcb%\xc6T\x00\xc8m+\xfb@~>\x96k\xd4\
\x8cx\xa2\xb4/\x80\x0a\x8c\xd8\xdaU\xb4\xcf}'\xf1\
\x07u\x93\x1652\xb1\xfe\x1e\x1a>>\x03\xf77c\
\xfa\x82\xa5\xca\xac\xc1\xf7\x88\xe9\xb7\xff\x92d\xf6qY\
\xd4\xb5w,\x97\x18\xfbO\xd2)\xe80\xc0A\xe3\xb4\
\x17 h\xdc=/\xd2v\xf5\x07h\xf8\xc9u:/\
@\x0dKr\xd3Z\xd2\x7fu*\xd2\xf5\xb8\xed(\xea\
eD\xa0Y\xbf\xfd\xbf$\xee\x7fk\xac\x97\x18sk\
e@\xe8\x9c\xf9$\x98\xe3\xc6z\xad\x9a\xb0q-\xbc\
\xa8\xbb\x03\x06Q\xcf\xdbg\xb3\xe3\xb3\xdf\xa5\x90m\xb4\
\x1d%06\x8dx\x19`\xedr\x04\xb2?\xf9\x1e\xee\
\x0d_\xb5\x1dE\xbd\x86|\xc2cB6j;F0\
\xf8\xf1~\xb9\xef\xc51\x9fK?\xe6\x1e\x00\x01\x03\xe6\
\xe6\xb1^\xa7f\x8c\x9f\x02\x8e\x9e\x14\x18D\xc9\xdf/\
d\xe2%g\x93\xb8\x7f\xa9\xed(*`b\xbd\xfbh\
\x983S\x1b\xff\x80r\x04Z\xf4\xdb\xffK\x12\xa9E\
\xe5\xb8Ly\x06S\x9c\x81[\x01\x9dr\x0d\xa53\x02\
Z'\xd8N\xa1\x8e\xc0\xdd\xb5\x9d\xf1\x9f\xf9\x10M\xd7\
\x7fNW\x09(\x04!\xf3\xf0\xefI\xcd>I\xb7\xf5\
\x0d\xb0\x96T\x84\x88\xa3\xc3\xab\x008\x0eD\xe3\x9f-\
\xcb\xa5\xcaq\x11\xb9i\xe5\x0b\x18~U\x8ek\xd5\x84\
\xd6v\x88\x8e\xb9wFU\x8a1do\xbf\x81\xf6+\
\xce%\xb6v\x95\xed4\xca\x92\xe8`?\xf9/\xce#\
z\xd5\x87\x90\xa1\xca\x1f\xbd\xacF'\xea\x0aM\xba\xeb\
\xdfK\x92\xe9\xa7e\xe1\x93e\xd9\x87\xba|\xd3)\x8d\
\xdcT\xb6k\x85\x9d\xe3@\x0d\x9ePWk\xa2]\xab\
\x990\xef\x5c\x9a\xae\xff\x1c\xce\xfe}\xb6\xe3\xa8*9\
\xf8\xad?\xfb\xee\xe3\x91\x15w\xda\x8e\xa3^\xc7\xf8L\
T\xe7V\xbf\x5c,\xf1\xedr]\xaa\xac?V\xd3\xd9\
\xf18pb9\xaf\x19jk\x1f\x83\xa0\x1d\xdb\xaa^\
\xd3`\xdbdv\x5cs\x1d\xbdg\xbd\xd3v\x94\xaa\xaa\
\xb7I\x80\xb1\xfe\x1eR\xffk.r\xffJ\xdbQ\xd4\
0$c.\xd3\xf2z\xe0\xcf!\xd1\xd8\x00\xf7\xef\x8a\
\x0b\x14\xcbq\xb92/\xa8\xd4^\x80\xc3L\x9c\xa6\xcb\
\x02C\x22\xb2e#m\xffp!-\xd7^\x89\xfb\xe2\
6\xdbqT\x99\xb9\x02\xd9\xdf\xfe\x98\xf4y\xc7j\xe3\
\x1f\x12\x22\xd0\x96\xd1\xae\xff\xc3\xa43w\x94\xab\xf1\x87\
r\x17\x00\xc5\xd8|\x841mLPS\xe2I\xc8\xb7\
\xd8N\xa1\x86\xcb\x18\xd2\x8b\x7f\xca\xa4\x8f\x9cI\xee\xd6\
\xaf!\x03}\xb6\x13\xa91\x12\x11\x92\x9b\xd6\xd2\xf0\xde\
7\x12\xf9\xfagl\xc7Q#\x90\x8b{\xba\xe5\xef\xcb\
9\x8e!\xd6\xf0we\xbdd9/&\xb7\xdc\xd1\x8d\
\x91\x1f\x95\xf3\x9a\xa1\xd76\x05\x5c]\x16\x18&No\
\x0f\xf9[\xbe\xc6\xa4\x8f\x9cIz\xc9\xcfl\xc7Q\xa3\
\xe4w\xef\x22\x7f\xd5\xfb\x89_|\x0e\xf2\x82\xf6\xea\x84\
\x89\xe3\x08\xad)\xfd\xf6\x7f\x98T\xc3*\xf9\xed\xaa\xe7\
\xcay\xc9\xf2\x97Wn\xf1;\x94\xb1\x8b\x22\xf4\x22\x91\
\xd29\x01*t\xbc\xed\xcf\xd1\xf2\x95+\x98\xf0\xc9Y\
\xc4\x1f\xbe\xd7v\x1c5L\xb1\xbe}\xe4\xae\xfb<\xa9\
\xd9'#\x7f\xbe\xcfv\x1c5\x0a\xe3R\x11<W\x87\
O\x0f\x13\xf7\xcb\xb2\xf4\xef\xe5*\xf2\x136s;\x96\
`\xe8\xa8\xc4\xb5C\xc9\x18X\xf7\x18\xec\xd3\xd1\x910\
\xeb;\xedlvv~\x81\xde3\xdef;J\xd9\xd4\
\xd2$\xc0\xd8`\x1f\x89[\xbf\x8d\xfb\xa3\xef\xda\x8e\xa2\
\xc6 \x11u\x98\xde\xa8\xcb\xa8\x0f\x93\xca</\xf7l\
\x1bW\xee\xcbVf\x80\xa5(\xd7W\xe4\xbaa%\x02\
\x93\x8e\x01\xd1\xf1\xac0\xf3\x1f\xfd#mW\x9d\xcf\xf8\
k>\x88\xff\xf8\x83\xb6\xe3\xa8\x03b\x03}\xe4n\xfb\
\x16\xe9wM\xd3\xc6?\xe4\x04h\xd7\xed~_-\x91\
\xfaN%.[\x99\x1e\x00\x10\xe6\xceX\x8d\x91\x93*\
q\xfd\xd0\xda\xb2\x11\xb6=k;\x85*\x93\xfe\xe3O\
g\xcfE\x9f\xa0{\xc6\x07B\xbb\xfdsX{\x00\x04\
\x88u\xef\x22\xfe\xb3\x1bq\x7f\xa0\xdf7jEk*\
\xa2[\xfe\xbeR,\xde\xc7\x1f_L\x96s\xf6\xffA\
\x15\xf9J*`02\xe6\x93\x8aj\xce\xb8\x89\xe0'\
l\xa7Pe\x12{\xea\x11Z\xber\x05\x93.\xf9\x0b\
2\xbf\xb9\x15\xe9\xef\xb5\x1d\xa9\xe69@r\xf3\x06\xf2\
\xd7|\x94\xd4\xec\x93\xb5\xf1\xaf!1\xcf\xd1\xd3\xfe^\
K\xaa\xe1\x07\x95h\xfc\xa1B=\x00\x00\xe6S\xb3b\
\xf4\x166\x00m\x95\xbaG(\xf5t\xc3\xdaG\xf5h\
\xda\x1aTLf\xd8w\xee\x85\xec}\xef\x1c\xfa\x8f=\
\xd5v\x9ca\x09K\x0f\x80g\x0a$\x1e\xb9\x0f\xef\x1b\
\x9f\xc7yv\xbd\xed8\xaa\x02\xa67\xfa$\xa2:L\
z\x98h\xb4\x80?\xa1AV\xae\xa9\xc8V\xa5\x15\x9d\
fi:;\xfe\x11\xf8?\x95\xbcG(=\xbb\x1ev\
l\xb5\x9dBUP\xff\xf1\xa7\xb3\xf7\x82\x8f\xb1\xef\xbc\
\x0fPL\xa4l\xc79\xa2 \x17\x00\x82\xe0\xef\xde\x8e\
\xff\xf3\xf9\xfaM\xbf\xc65&=\xda2:\xf6\xff*\
\xf9\xa6;d\xf9\xa6\xf7T\xea\xf2\x95-\x00.\x9e\x95\
!^\xd8\x04d+y\x9f\xd0)\x16`\xcd\x9faP\
O\xa3\xabu&\x16g\xffY\xef\xa0\xe7\x9d\xef\xa3\xe7\
/\xcf\xa7\x18O\xda\x8et\x98\xa0\x15\x00\x82\x10\xeb\xde\
I\xec\x0fK\xf1n\xfc\xba\xae\xdf\xaf\x03\x11W8\xae\
\xc9\xc7\xd1\xd3\xfe\x0e\xe7\xb8\x86\x09\x93'\xcboVW\
l\xe2X\xc5\x7f\xe2f\xce\xcc\x7fC\xcc?T\xfa>\
\xa1\xd3\xbd\x1b\xba\xd6\xe8P@\x1d)&\xd2\xf4\xbc}\
6\xfb\xde\xf5>z\xcf:\x07\x13\x80\x13#\x83P\x00\
\x08\x82\xbfo\x17\xd1\xbb\x17\xe1\xdd\xfc\x0dm\xf4\xeb\xcc\
\xd4\xc6\x18\xa9h8'\xd1VT.\x7f\xbf\xac\xd8|\
v%oQ\xf9\x02\xe0c\xb3\xc7\xe1\x0dm\x00\xe2\x95\
\xbeW\xe8l~\x1a\xb6\x97uc'\x15\x12&\x16\xa7\
\xef\xd4\xbf`\xffY\xe7\xd0{\xd69\xf4\x1f\x7f\xba\x95\
\x1c\xb6\x0a\x00\x8f\x22\xd1\xad\x9b\x88\xdc\xff;\xbc\x1f~\
O\x1b\xfd:\xd5\x9c\x8c0N\xf7\xfb\x7f5\xc7\x85\xe6\
\xd6\x93eQ\xd7\xe3\x95\xbcMU\xfa\x5cL\xe7\xcc\xef\
\x81\xf9d5\xee\x15*\xc5\x22\xac]\x05\xfb{l'\
Q\x96\x0d\xb6O\xa3\xf7\xacw\xd2{\xda\x9b\xe9;\xf5\
\xcd\x0c\x8d\x9bX\x95\xfbV\xab\x00pM\x91\xe8\xce\xe7\
\x89\xacy\x08\xefW?\xc4yPwV\xacw\xf1\x88\
\xc3\xf4&\xbf:\x8dP\xd844\xfeY~\xf7\xec\x99\
\x95\xbeMu\x0a\x80\x8fwL\xc4\xa5\x0b\xd0Y\x1e\xaf\
\xd4\xd7\x0bO>R\x9a\x17\xa0\xd4\x01C-m\xf4\x9d\
v6}'\xbf\x89\xfe\xe3Og`\xfaI\x14\x13\xe9\
\xb2\xdf\xa7\x12\x05\x80#\xe0\xf5\xf7\x12y~3\xde\x9f\
\xff\x80\xb7\xe0g\xc8\x13\xab\xca~\x1f\x15^\x8e\xc01\
M>1=\xec\xe7\xd5\x1c\x07Z[\xcf\x92\x05\xeb\x1f\
\xaa\xf4\xad\xaaV|\x999\x1d7!\xcc\xad\xd6\xfdB\
e\xc7\xd6\xd2\xca\x00\xa5\x8eD\x84\xc1\xf1\x93\x18\x98~\
2\x03SOb`\xdaI\x0c\xb6Ma\xa8m2\x85\
l\xe3\xa8/;\x96\x02\xc0\x11\xf0\x06\xfaq\xbb\xf7\xe0\
m\xde\x80\xbb\xe6!\xdc\xfb\xef\xd2\xfd\xf7\xd5\xeb\x9a\x90\
\x8d\x92Ox\xb6c\x04S&\xff\x98\xac\xdc|Z5\
nU\xc5\xdf\x80w-\x0c}\x0c\xd0\x01\x9fWj\x1e\
\x0f{w\xc1\x9e\x9d\xb6\x93\xa8\xa02\x86\xc8\x96\x8dD\
\xb6l$\xf9\xfb\x85\x87\xfd\xa7b\x22\xc5\xd0\xb8I\x0c\
\xb6Mf\xa8u\x22\xc5L\x9eB&G\xa1\xa1\x91b\
&G\xa1\xa1\x89b\xaa\xb4\x10\xa7\x98\xca`\xc4\x01\xd7\
;\xb4<Q\x04\xc4\x08\x88\xc11\xa5\xfdF\x9c\xc2\x10\
\xd2\xdf\x87\xd3\xbb\x1fg\x7f7N\xf7\x1e\xd8\xf5\x02\xee\
\xc6u\xb8kW\xc3#\x0f /n\xaf\xee\xcf@\xd5\
\x84\x8c\xefj\xe3\x7f$\x22\x90L]Y\xb5\xdbU\xeb\
F\x00\xa6\xb3\xe3f`N5\xef\x19\x1aC\x83\xf0\xf8\
\xc304`;\x89\xaa#\x8fm\xddo;\x82\xaa#\
\x11G8\xa6\xd9\xc7\xd3%\x7f\xaf-\x93_#+7\
\x9fR\xad\xdbUw\x00\xc6)~\x09\xd0\xc5\xef\xaf\xc5\
\x8b\xc0\x94cK\x15\xa0RJ\xd5\xa0\xf6\x5cT\x1b\xff\
#\x11\x07\xfc\xc4\xc7\xaby\xcb\xaa\x16\x00r\xd3\xf2M\
\xc0\x8d\xd5\xbcg\xa8dr\xa5\xf3\x02\x94R\xaa\xc6\xb4\
\xa6#\xba\xde\xffh2\x0d\x0f\xca\xe2\xb5\x7f\xaa\xe6-\
\xab?\x05\xb3\xe0~\x05\xe8\xae\xfa}\xc3b\xdcD\xc8\
\xe4m\xa7PJ\xa9\xb2\xc9\xc4\x5cZR:\xfd\xeb\x88\
\x1c\xd7\xe0\xfb\x97U\xfd\xb6\xd5\xbe\xa1\xdc\xbah\x07\xf0\
\xef\xd5\xbeoh\x88\xc0\x94\xe3 \xa6\xfb&)\xa5\xc2\
/\xe6\x0a\xed\x0d\xba\x02\xfc\xa82\xb9{+\xbd\xe9\xcf\
k\xb1\xb3\x083\x12\xf9W`\x97\x95{\x87\x81\xe7\xc1\
\xb4\x13C{\xc6\xbcRJAi\xa9\xe8\xa4\x5c\x0cW\
\xc7\xfd\x8f\xcc\xf5\x0c~\xf2\x12\x1b\xb7\xb6R\x00\xc8\x0d\
\x0bv\xa1\xa7\x04\x1e]<\x01\x93\x8e\xb1\x9dB)\xa5\
FmB6\x8a\x1f\xd1\xcd~\x8e*\x9b\xfb\x8d,|\
b\xa3\x8d[\xdb\xfb\xcd\xec\xc9~\x07\xd8`\xed\xfea\
\x90o\x86\xe66\xdb)\x94Rj\xc4\x9a\x92\x1e\x0dq\
]\xef\x7fT\xd1\xd8\x10\x91H\xd5\xc7\xfe\x0f\xb2V\x00\
\xc8\xed\xb7\x0f \xfc\x93\xad\xfb\x87F\xfbTHel\
\xa7PJ\xa9aKF\x1d\xc6\xa5u\xdc\xffues\
\xdf\x93E]{m\xdd\xde\xea\xc0\x8c\x01\xa1\xb3\xe3\xbf\
\x80\xb3l\xe6\x08\xbc\xa1!xj\x15\xf4\xf7\xdaN\xa2\
j\x8cn\x04\xa4\xca-\xea\x0a\xd3\x9bt\xb3\x9f\xd7\x15\
O\xf6\xf0\x87\x1d\x19\x81\xa2\xad\x08V\x07g\x04\x0cb\
>m3C(x\x1eL?\x09\x5c\xedNSJ\x05\
\x97\xeb\x08S\xf21m\xfc\x87#\x9d\xfe\x8c\xcd\xc6\x1f\
,\x17\x00\x00\xf2\xfdew#\xfc\xdav\x8e\xc0\xf3\xe3\
0\xfd\xc4\xd2IQJ)\x150\x02Ln\x88\xea\x09\
\x7f\xc3\x91j\xd8,\x8b7\xfc_\xdb1\x82\xf1\x9b*\
\x14\xaf\x06\xfal\xc7\x08\xbcT\x16&\x1fk;\x85R\
J\xbdJ{C\x94dL\x97.\xbf.q \x91\xfa\
\x88\xed\x18\x10\x90\x02@nY\xbe\x01\xf87\xdb9B\
!\xd7\x0cm\x93l\xa7PJ\xa9C\xc6\xa5#:\xe3\
\x7f\xb8\xb2\xb9\xbbe\xf1\xda{m\xc7\x80\x80\x14\x00\x00\
8\xb1\xaf\x02\x9bl\xc7\x08\x85q\x93\xa0i\x9c\xed\x14\
J)E.\xee\xd1\xac\xdb\xfc\x0eO$Z\xc0\x8b~\
\xd0v\x8c\x83\x02S\x00\xc8Mw\xee\xc7\xc8\xe7l\xe7\
\x08\x8d\x89\xd3!\xdd`;\x85R\xaa\x8e%c.\x13\
t\x9b\xdf\xe1\xcb6\x5c/K\xd7o\xb7\x1d\xe3\xa0@\
M\xd5<\xb0,p%\xf0\x97\x96\xa3\x84C\xb1\x00\xeb\
VC\x8f\x9e\xad\xa4FG\x97\x01\xaa\xd1JD\x1d\xa6\
\xe6b8:\xe3\x7fx\x12\xc9]r\xef\x8e@\x9d\xf4\
\x16\x98\x1e\x008\xb8,P\xfe\x16\x18\xb4\x9d%\x14\x1c\
\x17\x8e9\x05\xe2I\xdbI\x94Ru\xc4\x8f8L\xd1\
\xc6\x7f\xf8\xc4\x81d\x83\x95\xfd\xfe\x8f&P\x05\x00\x80\
|\x7f\xc9\x1atB\xe0\xf0\xb9\x07\x8a\x00_O\x0fT\
JU^\xcc\x15\xa6\xea\x01?#\xd3\x90\xbfW\x96\xac\
[`;\xc6+\x05\xae\x00\x00 \xdd\xfd%\xf4\x9c\x80\
\xe1\x8bDJE@\xcc\xb7\x9dD)U\xc3\x22\xae0\
\xb5\xd1\xc7s\xb5\xf1\x1f\xb6ht\x087\xf2~\xdb1\
^K \x0b\x00\xf9\xf6\x1f{1\xf2I\xdb9B%\
\x1a\x83cN\x86\x88N\xc8QJ\x95_\xc4\x11\xa6\xe5\
}\x22\xda\xf8\x8fL\xa6\xe9\xda M\xfc{\xb9@\xff\
&M\xe7\x8c_\x80\x5ch;G\xa8\xf4\xf5\xc2\xdaG\
aH\xa7Q\xa8\xd7\xa7\x93\x00\xd5px\x8e0\xad1\
\xa6\xbb\xfc\x8dT\xaaa\xb3\xdc\xb3e\xa2\xed\x18G\x12\
\xec\xdf\xe6P\xe4\x93\xc0.\xdb1B\xc5\x8f\xc3\xb1\xa7\
\x94\xe6\x06(\xa5\xd4\x18\xb9\x22L\xd5\xc6\x7f\xe4\x5c\xcf\
\x90\x8e\xcf\xb2\x1d\xe3h\x02\xfd\x1b\x95\xdb\x16n\xc3\xa0\
\x87\x05\x8dT<\x09\xc7\x9d\x06\x9en\xce\xa1\x94\x1a=\
\xcf\x11\xa65\xc5\xf0\xb5\xf1\x1f\xb9l\xe3\xf7e\xc1\xfa\
\xd5\xb6c\x1cM\xa0\x87\x00\x0e2\x9d3\x17\x83\x99i\
;G\xe8\xf4\xf5B\xd7j\x18\xe8\xb7\x9dD\x05\x94\x0e\
\x01\xa8#\xf1\x0e\xcc\xf6\xf7#\xda\xf8\x8fX\x22\xbd\x93\
{\x9fo\xb6}\xda\xdf\xeb\x09\xc7o\xd6\xb8W\x00\xba\
\xdb\xcdH\xf9q8\xf6T\x88\xe9\x12A\xa5\xd4\xf0E\
\x5caz\xa3\xaf\x8d\xffh8.\xa4\xd3\x17\x06\xbd\xf1\
\x87\x90\x14\x002\x7f\xe1F\x84/\xd8\xce\x11J1\x1f\
\x8e;\x15\xe2\x09\xdbI\x94R!\x10\xf3\x1c\xa67\xf9\
Du\xb6\xff\xe844\xfe\xa7,\xea\xba\xdbv\x8c\xe1\
\x08E\x01\x00\xc0\x84\xb7\xfc;\xc2]\xb6c\x84R$\
\x0a\xc7\x9c\xaa;\x06*\xa5\x8e*\xe69L\xcb\xc7\x88\
\xe8&?\xa3\x93H\xedah\xca\xc5\xb6c\x0cWh\
\x0a\x00\xf9\xe2\x17\x8b\xb8\xce\xe5\x08{mg\x09\xa5H\
\xa4410\x99\xb6\x9dD)\x15@\xf1\x88\xc3\xf4\xc6\
\x98n\xf23Z\xaek\xc8\xe6g\xcb\xca\x95C\xb6\xa3\
\x0cWh\x0a\x00\x00\xf9\x7f\x8b\x9f\xc1\xf0\x0f\xb6s\x84\
\x96\xeb\x96\x96\x08\xea)\x82J\xa9\x97I\xc7\x5c\xa6\xe5\
u{\xdf1ih\x9a/\x0b\x9e\xbc\xcfv\x8c\x91\x08\
\xe5o[7\x08\x1a#c`\xf3\x06\xd8\xb1\xd5v\x12\
e\x99\xae\x02P\xb9\xb8\xc7\x84l\x14\x09ek\x10\x10\
\xa9\xcc6\xb9g\xdbx\xdb1F*T=\x00\x87\x14\
\xbc+\x81@n\xad\x18\x0a\x220q:\xb4OC\xdf\
\xf5J\xd5\xaf\x96t\x84\xf6\x06m\xfc\xc7\xc4\xf3\x8a\xa4\
\x933l\xc7\x18\x8dP\x16\x00r\xeb\xa2\x1d\x18\xae\xb0\
\x9d#\xf4Z\xda`\xea\xf1\xa5\xa3*\x95RuC\x80\
\x89\x0dQZS\xbaY\xd8\x98\xe5Z\xbe\x12\xf4\x0d\x7f\
\x8e$\xd4u\x9f\xe9\x9cq\x03\xc8\x95\xb6s\x84\xde\xbe\
\xbd\xb0\xe1\x09=?\xa0\x0e\xe9\x10@\xfdq\x1dar\
.F2\xaa\x85\xff\x98e\xf3\xab\xe4\xae\xcd\xa7\xdb\x8e\
1Z\xe1~\x02\x86\x06\xff\x1ex\xd4v\x8c\xd0Ke\
\xe0\xf8\xd3J\x1b\x07)\xa5jV\xd4\x13\xa67j\xe3\
_\x16\xb1x\x1fM\xbc\xcbv\x8c\xb1\x08\xf5S \xb7\
\xad\xecC\xe4\xa3@\xaf\xed,\xa1\x17\x8b\xc3\xb1\xa7A\
*k;\x89R\xaa\x02\x92Q\x87\xe9\x8d\xbe\x1e\xeaS\
\x0e\xe2@>\x7f\xb1\xdc\xbey\xa7\xed(c\x11\xfa'\
A\xbe\xbfd\x0d\x98kl\xe7\xa8\x09\x91Hi\x99\xe0\
\xb8v\xdbI\x94Re\x94OxL\xcd\xfbx\xba\xcc\
\xaf<\xf2\xcd?\x96\x05\xeb~i;\xc6X\xd5\xc4\xd3\
`@\xe8\xec\xf8\x05\xf0>\xdbYj\xc6\xce\x1d\xb0\xa9\
\x0b\x8a\x05\xdbIT\x05\xe9\x1c\x80\xda\xe6\x08\xb4e\xa2\
\xe4\x12\x9e\xed(\xb5#\xd5\xf0\xac\xdc\xb3e\x92\xed\x18\
\xe5\x10\xfa\x1e\x00\x00\x01C\xd1\xbf\x0cx\xcav\x96\x9a\
\x91o\x86\x13N\xd7y\x01J\x85T\xf4\xc0\x81>\xda\
\xf8\x97Q\xd4\x1f$\xd3|\xb6\xed\x18\xe5R\x13\x05\x00\
\x80\xdcrG78\x1fD\xe7\x03\x94\x8f\x1f/\x15\x01\
\x0d\x8d\xb6\x93(\xa5F \xed\xbb\x1c\xd3\xac\xa7\xf9\x95\
\x958\xd0\xd0p\x99\xfcv\xd5s\xb6\xa3\x94KM=\
\x1dr\xf3\xe2G\x81\xbf\xb3\x9d\xa3\xa68.L;\x11\
\xda\xa6\xe8\xa6AJ\x85@s2\xc2\x94\x5c\x0cW\xdf\
\xaf\xe5\xd5\xd8<_\x16o\xf8\x0f\xdb1\xca\xa9&\x9f\
\x10\xd3\xd9q\x1bp\x99\xed\x1c5\xa7{7<\xb3\x16\
\x06\x07l'Qe\xa2s\x00jG\xc4\x11\xdasQ\
RQ\xd7v\x94\xda\x93\xc9=%+\x9f;\xc1v\x8c\
r\xab\xa9\x1e\x80C\xfa\xf9$\xba?@\xf9\xa5\x1b\xe0\
\xc47\xea\x90\x80R\x01\x939\xd0\xe5\xaf\x8d\x7f\x05\xf8\
\x89\xfd4\xcb[l\xc7\xa8\x84\x9a,\x00\xe4GK{\
\xf0\x9c\xf7\x80\xbc`;K\xcd\xf1\xbc\xd2\x90\xc0\xe4\xe3\
J\xc3\x03J)k\x1c\x81\xf1\x99(\x93s1]\xe2\
W\x09\xaegH\xe5f\x85}\xbd\xff\x91\xd4d\x01\x00\
\x07\x8f\x0e.~\x18\x08\xcd\xd9\xcc\xa1\xd2\xd8R\x9a \
\x98H\xd9N\xa2T]\xf2#\xa5\x8d}\x9a\x92:\xcb\
\xbf2\x04\x1a[\xbe K\xd7\xddc;I\xa5\xd4|\
\xc9h:;\xae\x01\xfe\xd5v\x8e\x9ae\x0cl{\xb6\
\xf4\xc7\x18\xdbi\xd4\x08\xe9\x1c\x80pjLz\x8c\xcf\
Dk\xff\x03\xdc\xa6|\xf3\xafe\xf9\xc6\x9a\xde[\xa6\
.\x9e\x1f3\xa7\xe3?\x10>l;GM\xeb\xde\x03\
\x1b\xd7\xc2@\xbf\xed$j\x04\xb4\x00\x08\x97\x88+\xb4\
g\xa3\xa4b:\xfcVQ\xe9\xec3r\xf7\xd6\xa9\xb6\
cTZ\xcd\x0e\x01\x1c\xc6\x8d\xcd\x01\x1e\xb2\x1d\xa3\xa6\
\xa5\xb3p\xd2\x1b\x0fl#\x5c\x17u\xa5RU\x95O\
x\x1c\xd7\xe4k\xe3_i\xf1D\x0f-\xee\x99\xb6c\
TC\xdd|R\x9by3\xc7S4\xff\x05\xe8F\xf7\
\x95\xd6\xb3\xb7\xb4\x8dp\xaf~\xbb\x0c:\xed\x01\x08>\
\xdfs\x98\x90\x8d\x92\xd0\x13\xfc*/\x12)\x90k=\
[\x16\xaf\xfd\x93\xed(\xd5P7O\x94\xdc\xb4d+\
\xa6x\x01\xd0c;K\xcdKf\xe0\x843J\x9b\x07\
9u\xf3\x88)UV\x22\xa5M}\x8ei\xf6\xb5\xf1\
\xaf\x06q \xd7:\xa7^\x1a\x7f\xa8\xa3\x02\x00@\xe6\
/\x7f\x18\x9cK\x81\xa2\xed,5O\xa44\x1cp\xc2\
\x19z\xc4\xb0R#\x94\x888\x1c\xdb\xe43.\x13\xa9\
\x9fnZ\x9bD\xa0\xb1\xe5k\xb2x\xed\x0flG\xa9\
\xa6\xba|\xb6L\xe7\x8c\xcf\x83\x5ck;G\xdd0\x06\
vl\x85\xad\x1b\xa1\xa0\xa7\x0b\x06\x89\x0e\x01\x04\x8b+\
Bk:B\xa3.\xed\xab\xae|\xf3\x02Y\xbe\xf1|\
\xdb1\xaa\xad.\x0b\x00\x003\xa7\xe3\xdf\x11\xfe\xd6v\
\x8e\xbaR\x18\x82-\x9bJ\xc5\x00\xbad0\x08\xb4\x00\
\x08\x8e\x86\xb8\xc7\xf8t\x04\xcf\xad\xdb\x8fe;2\xb9\
'e\xe5s'\xda\x8eaC]\x0d\x01\x1cfo\xf6\
*\xe07\xb6c\xd4\x15\xd7\x83\x89\xd3\xe0\xc4\xd3uX\
@\xa9\x03\x921\x97c\x9b}&6D\xb5\xf1\xaf\xb6\
dz;S\x22g\xd8\x8eaK]?mf\xde_\
'(\xf6\xaf\x00\xdel;K]\xda\xb3\x136o\x80\
\xfe>\xdbI\xea\x96\xf6\x00\xd8\x13qK\xdd\xfd\xb9\xb8\
v\xf7[\x11O\xf4\x90\xccN\x93\xa5\xeb\xb7\xdb\x8eb\
K]\x17\x00\x00f\xde9M\x14\xa2\xf7!\x1ck;\
K]2E\xd8\xb1\x0d\xb6l\x84\xa2\xce\x0f\xa86-\
\x00\xaa\xcf\x11hJEhIF\xf4\x84m[\xa2\xb1\
A\x1a\xf3o\x94\x05\xebW\xdb\x8eb\x93>~\x80\x99\
{\xeeq\x18\xef\x0f`\x9alg\xa9[\x03\x03\xa5I\
\x82;\xb7\xeb\x96\xc2U\xa4\x05@\xf5\x88@.\xee\xd1\
\x92\x8e\x10\xd1\x83{\xec\xf1\xbc\x22\xf9q\x1d\xb2x\xed\
\x0a\xdbQl\xd3\xa7\xf0\x00s\xf9\xcc7\xe0\x98\x95@\
\x83\xed,u\xad\xbf\x0f\x9e\xdf\x0c/<\x8fN\x14\xac\
<-\x00\xaa#\x1bwiMG\x89\xe9\x18\xbf]\x8e\
khj\xbdT\x16w\xfd\xd8v\x94 \xd0\xa7\xf1e\
L\xe7\xbb\xcf\x81\xe2\x22\xc0\xb7\x9d\xa5\xee\xf5\xf5\x96\x0e\
\x18\xda\xb9\x03-\x04*G\x0b\x80\xcaJ\xfb.\xe3\xd2\
\x11|\xaf~\xe7[\x07\x868\xd0\xdc\xfa?e\xf1\xfa\
\xebmG\x09\x0a-\x00^\xc1\xcc\x9dq\x01F~\x01\
\xe8\xcc\x9c \xe8\xdd\x0f[7\xc1\xee\x17l'\xa9I\
Z\x00TF*\xea2.\x13!\x1e\xd1\x86?\x18\x04\
\x9a\xc6}C\x96\xae\xff\x8c\xed$A\xa2\x05\xc0k0\
\x9d3\xfe\x06\xe4\x07\xd4\xf32\xc9\x8ehD\xfd\x00\x00\
\x0e/IDAT\xa0\xe9\xe9\x86m\x9b`\xcf.\xdb\
Ij\x8a\x16\x00\xe5\x95\xf6]ZS\xda\xf0\x07N\xd3\
\xb8[d\xe9\x869\xb6c\x04\x8d\x16\x00G`:;\
\xae\x02\xbec;\x87z\x85\xde\xfd\xb0c\x0b\xbc\xb8\xbd\
\xb4\x82@\x8d\x89\x16\x00c'@6\xee\xd1\x9c\xf4\xf0\
\xb5\xe1\x0f\x9e|\xcb\x7f\xca\xf2g>d;F\x10i\
\x01p\x14fN\xc7\xdf#|\xcbv\x0e\xf5\x1a\x86\x06\
K;\x0an\xdfR\xdaaP\x8d\x8a\x16\x00\xa3\xe78\
B.\xee\xd2\x9c\xd2Y\xfd\x81\x95kY$+\x9e\x99\
m;FP\xe9S\xfb:\xcc\x9c\x8eO#|\xc3v\
\x0eu\x04\x85\x02\xec\xda\x01\xdb\x9f+M\x1cT#\xa2\
\x05\xc0\xc8E]!\x9f\xf4\xc8'<\x5c]\xc8\x1f\x5c\
\xb9\xe6\xe5\xb2b\xe3\x0c\xdb1\x82L\x9f\xdea0s\
g\xfc\x0bF\xfe\xc9v\x0eu\x14\xc6\xc0\xae\x17J\xc3\
\x03=\xdd\xb6\xd3\x84\x86\x16\x00\xc3\x97\x8884\xa5\x22\
db\xaen\xe0\x13t\xb9\xe6\x95\xb2b\xe3;m\xc7\
\x08:}\x8c\x87\xc9tv|\x05\xf8\x82\xed\x1cj\x18\
\xfaza\xe7\xf3\xf0\xc26\x18\xd2\xe1\x81\xa3\xd1\x02\xe0\
\xe8\x5cG\xc8\xfa.\x8dIO\x97\xf2\x85E6\xff\xa0\
\xdc\xb5\xf9\x7f\xd8\x8e\x11\x06Z\x00\x8c\x80\xf6\x04\x84L\
\xb1\x08{w\x96\x0a\x81\xbd\xbbm\xa7\x09$-\x00^\
[<\xe2\x90Ox4\xc4=tx?D\x1a\x1a\x1f\
\x90\xdf=\xabg\xbb\x0c\x93>\xda#d\xe6\xce\xfc,\
\xc6|\xcdv\x0e5B\x07{\x05^|\x1e\x06\x07m\
\xa7\x09\x0c-\x00^\xe2\x8a\x90\x8d\xbb4&t6\x7f\
(\xe5\xf2\xf7\xcb\x8a\xcdg\xdb\x8e\x11&Z\x00\x8c\x82\
\x993\xe33\x88|\xddv\x0e5\x0a\xa6\x08{v\xc3\
\xee\x1d\xb0{g\xdd\x1f@T\xef\x05\x80\xe3\x08\x99\x98\
K6\xee\x92\x8e\xea\xd8~h\xe5\x9a\xef\x92\x15\x1b\xdf\
e;F\xd8\xe8\xe3>J\xa6s\xe6\xd5`\xbei;\
\x87\x1a\x03S,\x0d\x0d\xecz\x01\xf6\xbcXZQP\
g\xea\xb1\x00p\x04\x921\x97\xac\xef\x92\xf5\xb5\x8b?\
\xf4rM\xcbd\xc5\xa6\x0e\xdb1\xc2H\x1f\xfd18\
\xb0Y\xd0u\xe8\xcf1\xfc\x8aE\xe8>P\x0c\xec~\
\xb1nz\x06\xea\xa5\x00\x10\x81\xd4\xc1F?\xe6\xe2h\
\xab\x1f~\x22\x90k\xd6M~\xc6@\xdf\x05cd\xe6\
v\x5c\x8c\xe1V b;\x8b*\x93b\x01\xf6\xec,\
\xf5\x0e\xec\xdd\x05\x83\x03\xb6\x13UL-\x17\x00\x9e+\
\xa4\xa3.\xe9\x98K:\xe6h\xa3_S\x04\x9aZu\
{\xdf1\xd2wD\x19\x989\x1d\x7f\x8d\xf03 n\
;\x8b\xaa\x80\x81\xbe\xd2|\x81\xbd;\xa1{oMm\
A\x5cK\x05\x80\x08\xf8\x9eC\xdaw\xc9\xc4\x5c\xdd\x8f\
\xbfV9\x0e\xe4[\xf5`\x9f2\xd0\x02\xa0L\xcc\xdc\
\x19\xef\x00\xb9\x03C\xc6v\x16UA\x85B\xa9W\xa0\
{Wi2\xe1`\xbf\xedDc\x12\xf6\x02 \xe2\x0a\
\xe9\x98K*\xe6\x92\x8a:\xb8\xfa-\xbf\xb69\xae\xa1\
q\xdc?\xca\x92u\xffj;J-\xd0wK\x19\x99\
\xcbg\x9c\x85\xe3,\x02\xd3d;\x8b\xaa\x92\xc1\x01\xd8\
\xbf\x0fz\xf6\x96z\x07\xf6w\x97v%\x0c\x890\x15\
\x00\x22\x10u\x1d\x92Q\x87D\xd4!\x19q\x89z\xfa\
\x11V7<\xafHS\xeb%\xb2p\xdd\xff\xb7\x1d\xa5\
V\xe8\xbb\xa7\xcc\xcc\xe5\xe7MC\x9c\xc5\x08\xc7\xda\xce\
\xa2,(\x14\xa0\xb7\x07\xf6\xed-\x15\x05\xfb\xf6\x04z\
uA\x90\x0b\x00G\xc0\x8f\x94\x1a\xfaD\xac\xd4\xf0\xeb\
\xde\xfbu*\x1a\x1b$\xd7x\xbe,\xeaZj;J\
-\xd1wS\x05\x98K\xcfm$\xea\xde\x01\xbc\xc5v\
\x16e\x9b\x81\x81\xfe\xd21\xc6\xfb\xf7\x95\xfe\xda\xb7\x1f\
\xfa{\x03\xd1S\x10\x94\x02\xc0s\x05\xdfu\x88E\x84\
x\xc4\xc1\xf7\x1c\xfc\x88\xa3\x1fP\x0a\xe2\x89\x1e2\x0d\
o\x92E]\x8f\xdb\x8eRk\xf4\xfdU!\xe6\x92\x8e\
$1~\x0a\x9co;\x8b\x0a\xa0\x83=\x05}=\xb0\
\xbf\xa7\xb4S\xe1@_iH\xa1\x8a\x85A\xb5\x0b\x80\
\x88#D=!\xe69\x87\x1a\xfa\x98':v\xaf^\
[2\xfd\x22\xcd\xed\xa7\xca/\x1f\xdaj;J-\xd2\
w]\x05\x99\x8b.r\xc9\xee\xfe\x1e\xc8\x95\xb6\xb3\xa8\
\x900\xc5R\x11\xd0w\xa0\x18\x18\x1c(\x15\x06\x03}\
\xa5\x7f7\xd0W\xd6\xdb\x95\xbb\x00p\xa5\xd4\xc0G=\
!\xea8x\xae\x1c\xd6\xe8k;\xaf\x86-\x9b[\xcb\
\xe4\xc8\x1b\xe4\xb6g\xca\xfb\xd0\xabC\xf4\xedX\x05\xa6\
\xb3\xe3\x1f\x81k\x01]\x97\xa4\xc6\xc6\x14K'\x1c\x16\
\x86Jg\x1a\x14\x06K\xff<4\x04C\x07\xfeyp\
\x08L\xe1\xa5\xb9\x07\xa6\x08\x85\x03K\x17\x0bC\xa5w\
\xbd1P(\xf0\xd8\xd6\xfd8\x02\x82\x80\x80{\xe0\x09\
u\x90C\xdb\xe2\xba\x22\x88\x03\x9e\x08\xaeS:!\xcf\
;\xf0\xc7u\x04W8\xf4\xf7:D\xaf\xc6L\x04r\
M\x0bd\xf9F\xed=\xad0}\xbbV\x89\xe9|\xf7\
\x85P\xfc!\x90\xb4\x9dE\xa9C\xfe|\xaf\xed\x04J\
\xbd\xc4q!\xdf\xfc5Y\xba\xe1s\xb6\xa3\xd4\x03\xfd\
FZ%r\xf3\xe2_R\x94\xb7\x02\x9blgQJ\
\xa9\xc0\x89D\x0a4\xb5^\xa2\x8d\x7f\xf5h\x01PE\
r\xcb\x92U\x14\xcd\xd9`\xfed;\x8bRJ\x05\x86\
\x9f\xe8\xa5\xb1\xe5\xad\xb2\xb8\xeb\xc7\xb6\xa3\xd4\x13-\x00\
\xaaLnY\xb6\x05\xc7?\x07\xc3OmgQJ)\
\xeb\xd2\xd9g\x98\xe0\xb7\xcb\xc2u\x0f\xd8\x8eRot\
\x0e\x80E\xa6\xb3c\x1e\xf0=\xf4 !e\x8b\xce\x01\
P\xd6\x08\xe4\x9a\x17\xc9\x8agf\xdbNR\xaf\xb4\x07\
\xc0\x22\xb9y\xe9M\x88\x99\x01l\xb7\x9dE)\xa5\xaa\
\xc6\xf5\x0c\xcdm\x9f\xd5\xc6\xdf.-\x00,\x93\xef/\
\xbb\x9b\x02g\x01\x0f\xda\xce\xa2\x94R\x15\xe7'z\xc9\
\xb5\x9e\xa3\x07\xfa\xd8\xa7\x05@\x00\xc8\xadK\x9f\xc5\x89\
\xbd\x03\xf8\xa1\xed,J)U1\xd9\xdcZ&\xf8\xed\
\xb2t\xdd=\xb6\xa3(\x9d\x03\x108\xa6s\xe6\xa5`\
n\x00\x12\xb6\xb3\xa8:\xa0s\x00T5\x88\x03\xf9\xe6\
\x1f\xc9\xb2\xa7/\xb5\x1dE\xbdD{\x00\x02Fn^\
\xf2C\xc4\xbc\x15\xe8\xb2\x9dE)\xa5\xc6,\xea\x0f\xd2\
2\xe1\x22m\xfc\x83G\x0b\x80\x00\x92\xef/{\x04\xa7\
x\x16\x98_\xda\xce\xa2\x94R\xa3\x96jx\x96\xb6\xa9\
\x93e\xd1S?\xb7\x1dE\xbd\x9a\x0e\x01\x04\x9c\x0e\x09\
\xa8\x8a\xd2!\x00U\x09\xe2@\xbe\xf1W\xb2l\xe3\x85\
\xb6\xa3\xa8#\xd3\x1e\x80\x80\x93\x9b\x97\xfc\x10\x8ag!\
\xac\xb2\x9dE)\xa5^\x97\x1f\xefg\xdc\xf8\xf7k\xe3\
\x1f|Z\x00\x84\x80\xdc\xbc\xfc\x09\x06\x07\xde\x0c\x5c\x0f\
T\xef\xb0x\xa5\x94\x1a\x89tv\x03\x8d\x8d\xed\xb2`\
\x9d\x0e_\x86\x80\x0e\x01\x84\x8c\x99\xd3\xf1^\x84\x9b\x80\
f\xdbYT\x0d\xd0!\x00U\x0e^\xa4H\xae\xf9+\
\xb2\xa4\xeb\x9fmGQ\xc3\xa7=\x00!#\xf3\x97\xfe\
\x1a\x8fS\x10~m;\x8bRJ\x91L\xef\xa0\xa9\xe5\
Lm\xfc\xc3G{\x00B\xcc\xcc\x99q\x11\x227\x02\
9\xdbYTHi\x0f\x80\x1a-\xc75\xe4\x9a~\x22\
\xcb\x9e\xbe\xc4v\x145:\xda\x03\x10b2\x7f\xd9\xed\
\x18\xef\x0c\x84\xbblgQJ\xd5\x91xr/\xadm\
\xe7j\xe3\x1fnZ\x00\x84\x9c\xcc_\xb8\x91\x09o9\
\x0f\xe1*`\x9f\xed<J\xa9\x1a\xe68\x86|\xcb\xed\
DNn\x94\x05O\xe9\x17\x8f\x90\xd3!\x80\x1ab\xae\
|\xf7\x14\x0a\xc5\x1b1t\xd8\xce\xa2BB\x87\x00\xd4\
p%\xd3/\x90\xc9\xbdG\x16<y\x9f\xed(\xaa<\
\xb4\x00\xa8A\x07\xe6\x06\xdc\x004\xda\xce\xa2\x02N\x0b\
\x00\xf5z\x5c\xd7\xd0\xd0\xf4\x13\x96=}\x99@\xd1v\
\x1cU>:\x04P\x83d\xfe\xb2\xdbq\xe4T\x0c\xbf\
\xb0\x9dE)\x15b\xa9\x86\xcd4\xb6\x9d.\xcb\x9e\xbe\
D\x1b\xff\xda\xa3=\x005\xce\xcc\x99\xf9W\x88\xf9.\
0\xd5v\x16\x15@\xda\x03\xa0^K46H6\xff\
eY\xb2\xfe\xcb\xb6\xa3\xa8\xca\xd1\x1e\x80\x1a'\xf3\x97\
, \xdd}2\xf0/@\xbf\xed<J\xa9\x00\x13\x81\
l~\x15\x99|\xbb6\xfe\xb5O{\x00\xea\x88\xf9\xf8\
\xac\x93p\x0b7\x00\x7fi;\x8b\x0a\x08\xed\x01P\x07\
%\x92\xbbI\xe5.\x96\xc5k\x17\xda\x8e\xa2\xaaC\x0b\
\x80:d\xe6t\xfcuiX@&\xdb\xce\xa2,\xd3\
\x02@E\xa2\x05\xd2\xb9\xf9,\x7f\xfa\x13:\xce__\
t\x08\xa0\x0e\xc9\xfc\xa5w\xe2\xf8'Q\x1a\x16\xe8\xb3\
\x9dG)e\x818\x90\xcb\xdfOkn\x82,\x7f\xfa\
\x0am\xfc\xeb\x8f\xf6\x00\xd49\xd39\xab\x1d\x19\xfa*\
FtG\xafz\xa4=\x00\xf5)\x95y\x1e?\xfdA\
Y\xba\xee\x1e\xdbQ\x94=Z\x00(\x00\xcc\xe5\xef>\
\x1b\xa7\xf8\x0d\xe0\xad\xb6\xb3\xa8*\xd2\x02\xa0\xbe\xc4\x13\
=\xa4\xb3\x9f\x97\xc5\xeb\xaf\xb7\x1dE\xd9\xa7\x05\x80:\
\xc4\x800g\xc6\x07\x10\xf9\x1a0\xcdv\x1eU\x05Z\
\x00\xd4\x87Ht\x88t\xee\x16\x1d\xe7W/\xa7s\x00\
\xd4!\x02F\xe6/\xbb\x9d=\xd9\x13\x81+\x80\x1d\xb6\
3)\xa5\xc6\xc0u\x0d\xb9\x96E\x8coh\xd6q~\
\xf5J\xda\x03\xa0\x8e\xc8\x5c~A\x1a\xb7\xffo\xc1|\
\x1eC\xc6v\x1eU\x01\xda\x03P\x9b\x1c\x17\xb2\xd9\xfb\
I\xe4?*w>\xfa\xb4\xed8*\x98\xb4\x00P\xaf\
\xcb\xcc;\xa7\x89B\xe4\xd3\x88\x5c\x05\xc4m\xe7Qe\
\xa4\x05@m\x11\x07\xd2\xd9'\xf0S\x1f\x96\xc5O=\
j;\x8e\x0a6-\x00\xd4\xb0\x99\xceY\xedP\xf8\xdf\
\xc0\xc7\x81\x88\xed<\xaa\x0c\xb4\x00\xa8\x0d\xe2@\xbaa\
\x0d\xc9\xd8e\xb2`\xfdC\xb6\xe3\xa8p\xd0\x02@\x8d\
\x98\x99w\xde$\x8a\xce\xd5\xc0\x5c\xb4G \xdc\xb4\x00\
\x087q \x95\xde@*\xd3)\x0b\x9e\xba\xcbv\x1c\
\x15.Z\x00\xa8Q3\x9d\xe7\xb6b\x9c\xbfG\xe4S\
@\xc2v\x1e5\x0aZ\x00\x84\x93\xe3@*\xfb\x04I\
\xff\x12\xfd\xc6\xafFK\x0b\x005f\xa6\xf3\xdcVp\
\xafF\xb8B'\x0b\x86\x8c\x16\x00\xe1\xe2\xba\x86T\xf6\
\x01|\x7f\x8e,\xeaz\xdcv\x1c\x15nZ\x00\xa8\xb2\
)\xad\x1a\xe8\xbd\x1c#W\x03\x13m\xe7Q\xc3\xa0\x05\
@8x\x91\x22\xa9\xcc\xef\xf1S\x97\xc9\xc2'6\xda\
\x8e\xa3j\x83\x16\x00\xaa\xec\xcc\xbc3#\x14\x9b>\x02\
\xe6\x1a\xe0\x14\xdby\xd4Qh\x01\x10l\xb1x\x1f\xa9\
\xcc\xcfI\x9aO\xc9\xaf\x9f\xd9m;\x8e\xaa-Z\x00\
\xa8\x8a)\xed,8s&\x98\xab\x10f\xa2\x1bO\x05\
\x8f\x16\x00\xc1#\x02\x89\xd4v\x92\xe9\xebX\xdc\xf5u\
\xdd\xbcGU\x8a\x16\x00\xaa*\xcc\xbcY\xd3)\x0c\xcd\
Ed\x1e\x90\xb3\x9dG\x1d\xa0\x05@p8\x8e!\x95\
}\x92h\xfa\xb3\xb2\xf4\xc9;m\xc7Q\xb5O\x0b\x00\
UU\xe6\xe2Y\x19\xe2\x85\x8f\x01\x9f\x00N\xb0\x1cG\
i\x01`_46@*\xf3[\xfc\x86\xab\xe4\xb7\xab\
\x9e\xb3\x1dG\xd5\x0f-\x00\x945\xa6\xb3\xe3L`\x1e\
\xf07\xe82B;\xb4\x00\xb0\xc3q \x91\xd9L<\
\xf9]\x96\xac\xfb\xa6v\xf3+\x1b\xb4\x00P\xd6\x99K\
\xcfm$\xe6\x5c\x86\x91\xb9h\xaf@ui\x01P]\
~\xac\x9fDf\x11\xa9\xf4\xa7\xe5\xd7\xab\xd7\xdb\x8e\xa3\
\xea\x9b\x16\x00*P\x0e\xf4\x0a\x5c\x0a\xf2Q0M\xb6\
\xf3\xd4<-\x00*\xcfu\x0d\x89\xd4\xd3\xf8\xa9\x1b\xf5\
\xdb\xbe\x0a\x12-\x00T \x99O\xcd\x8a\xb1\xbf\xd0\x81\
#\x97`\xcc{\xd1\xb3\x07*C\x0b\x80\x0a\x11H\xa4\
v\xe2'~N<\xf2\x05\xb9s\xed\x0b\xb6\x13)\xf5\
JZ\x00\xa8\xc03\x1f\x9b=\x8e\xc8\xd0E\x18>\x04\
\xbc\x05}n\xcbG\x0b\x80\xf2\x11\x01?\xb9\x97xb\
\x091\xf7K\xb2`\xfdj\xdb\x91\x94:\x1a\xfd U\
\xa1b:g\xb5#C\xef\xc7\xc8Eh10vZ\
\x00\x8c\x9d\x1f\xef\xc7O\xdcO,\xf6\xcf\xb2\xa8\xebn\
\xdbq\x94\x1a.\xfd\xf0T\xa1e\xe6\xcd\x9aN\xb1p\
!\xf0>\xe0/\xd0\x8d\x86FN\x0b\x80\x91\x13\x81x\
\xa2\x1b?q7\x91\xc87\xb5\xd1Wa\xa5\x05\x80\xaa\
\x09f\xde9M\x14c\xb3\xc1\x5c\x04t\x00Q\xdb\x99\
BA\x0b\x80a\x12\x88'\xf6\x92H\xac\xc0\x8b|Y\
\x16u=l;\x91Rc\xa5\x05\x80\xaa9\xe6\x92\x8e\
$Q\xde\x85p>0\x1bh\xb7\x9d)\xb0\xb4\x008\
2\xcf+\xe2\xa7\xb6\x10\x8d-$\xea\x7fU\x0f\xe1Q\
\xb5F\x0b\x00U\xd3\x0c\x08\x9d\x1doD\x98\x85a\x16\
\xf0&\xc0\xb3\x9d+0\xb4\x00x\xc9\xc1I|~\xfc\
\xbf\x88Eoe\xe1\xba\x9f\xea\x92=U\xcb\xb4\x00P\
u\xc5\x5c\xd2\x91\xc4\x97\xb3)\x16\xcfC\xe4<\xe0\x8d\
\xd4\xf3\xfb\xa0\xde\x0b\x80hl\x10?\xd1E4\xb2\x18\
/\xfe\x1d\xfd\x96\xaf\xeaI\xfd~\xf0)\xc5\x81%\x86\
n\xe1]\x88y\x1b\xf0v\xe0$\xeai2a=\x15\
\x00\x22\x10\xf5\xfb\x88\xc5\xbb\x88DV\x12un\xd4\xa5\
z\xaa\x9ei\x01\xa0\xd4\xcb\x9893\xf3`\xde\x8a#\
o\xc3\x98\xb7Q\xea!\xf0m\xe7\xaa\x98Z.\x00\xc4\
\x01?\xbe\x17?\xf68\x9e\xbf\x94h\xe26\xb9\xf3\xd1\
\xa7m\xc7R*(\xb4\x00P\xea(\xcc\x17\xcf\xf1x\
.v<\x863\xc1\x9c\x09\xbc\x158\x83Z\xe9%\xa8\
\xa5\x02 \x1a\x1b$\xe6?K4\xba\x0a\xd7]\x8e8\
?\x96E]{m\xc7R*\xa8\xb4\x00Pj\x84\xcc\
\xe5\x17\xa4\x91\xde\xd3p\xe4\x0d\x149\x1d\xe1\x0d\xc0)\
\x84\xf1D\xc30\x16\x00\x8e\x0b1\xbf\x87Ht\x13\xd1\
\xc8\xa3x\xceJ\xfc\xdco\xe4\x97\x0fm\xb5\x1dM\xa9\
0\xd1\x02@\xa920\x17]\xe4\x92\xdbs,EN\
\x01\x8e\x079\x198\x01\xcc\xf1\x04\xb90\x08r\x01\xe0\
\xb8\x10\x8d\xed'\x12\xd9\x8e\x17\xed\xc2\xf5\x1e\xc1\xf3V\
\x90\xf4~'\xb7\xaf\x19\xb0\x1dO\xa9\xb0\xd3\x02@\xa9\
\x0a2_\xfc\xa2\xc3\xe6\xfb&#\xc5\xe30\xce40\
\xd3A\xa6\x01\xd3\x81i@\xcaj@\xdb\x05\x80\xe3\x18\
\xa2~\x1f\x9e\xb7\x0b\xcf{\x0e\xd7[\x8f\xeb=\x0a\xce\
\xefY\xbc\xf6>]\x86\xa7T\xe5h\x01\xa0\x94E\xe6\
\xe3\xb3\x9aq\x06\xdb\xc1iG\xcc$D&\x80i\xc7\
\xc8$\xc44c\xa4\x19h\xa2R\xef\xd5J\x16\x00\x9e\
W\xc4\x8b\x0c\xe28\xbd\xb8\xdeN\xdc\xc8\xf38\xce\xb3\
8\xeeZ\x1c\xf38\xc5\xe4\xc3\xb2\xf4\xb1'+\x17@\
)u4Z\x00(\x15p\xe6\xa2\x8b\x5c\x92=\xcd\xb8\
CM\x18iF\x8aM8N\x03E\x93Eh@L\
\x16#\x0d@\x1aH\x02qJ+\x17R\x94\x8eQ\xce\
r\xf8\xa4\xc5\x04\x10\x03^*\x00\x1c\x07D\xccK\xff\
\x8b\x80\xeb\x0e\x01\x06\xc7\x1dBd\x08q\x86p\xa4\x1f\
\x91>\x5c\xb7\x1b\xa4\x1b\xc7\xd9\x85#;\x81\x17q\xbc\
g\x11\xe7i\x8cl \xed=\xa9\xdd\xf4J\x05\xdb\x7f\
\x039p\x9cb\x8e\xc0\xff\xd2\x00\x00\x00\x00IEN\
D\xaeB`\x82\
\x00\x00mc\
\x89\
PNG\x0d\x0a\x1a\x0a\x00\x00\x00\x0dIHDR\x00\
\x00\x02\x00\x00\x00\x02\x00\x08\x06\x00\x00\x00\xf4x\xd4\xfa\
\x00\x00\x00\x04sBIT\x08\x08\x08\x08|\x08d\x88\
\x00\x00\x00\x09pHYs\x00\x00\x0e\xc4\x00\x00\x0e\xc4\
\x01\x95+\x0e\x1b\x00\x00\x00\x19tEXtSof\
tware\x00www.inksca\
pe.org\x9b\xee<\x1a\x00\x00 \x00ID\
ATx\x9c\xec\xddy\x98\x5cU\x99?\xf0\xef\xb9\xf7\
\xd6\xde[\xba\xd3I\xba;{\x08!$a\xd7Qp\
\x03\xdcp\x1b\x11\x5cpD\x1dF\x1d\xb7\x01\x1dGT\
\x18GF\xfd\xa9\xb8\x8b\x0b\x0e\x0c\xca\xa2(\xbb\x1b\xe8\
(\x8b \x8b\x0a\x08$$\x01\xb2o\x9d\xde\xbb\xbak\
\xaf\xba\xf7\xbe\xbf?\x926$\xe9NwWW\xdd\xf7\
\x9e{\xdf\xcf\xf3\xf0\x90t\xba\xab\xbeO\xbaS\xe7[\
\xe7\x9e{\x8e\x82\x10\xc2\xd7\x88(2\x90G\xbbKh\
W@\x87\x22\xb4\x00hV\x84\x16\xd7@\x8b\x224\x03\
h\x81B#\x08q\x02\x1a\x14\x10\x01\xd0\xa2\x14L\xda\
\xf7\xe7\xcf\xd7\x0c\xc0\x00\x80\xde\x8c3\xf61\x17\xc0\xc8\
!\x9f7\x02\x05[\x91\x1aq\x89*P\xc8*B\x11\
\x0a\xa3\x0a\x18!\xd0\x08\xc8H+\x85\xb4K\x94V\x8a\
\xd2p\xa9\xc7r#\xfd\xd9\x05\xe8?E\xa9J\x1d\xff\
Z\x84\x103\xa4\xb8\x03\x08\x11VD\xa4\x06\xf2\xe8P\
6\x16@\xa1\xd3UX\xa0\x14\xe6\x83\xd0\x05`\x01\x80\
v\x00s\x00\xb4\xd6+\xc3\xf3\x0a@=\x0c\x01\xd4\x07\
\xa8~\x02v*E{\x88\x8c=\x00\xed2\x94\xbb\xc7\
\xacDv\x1f\xb3Pu\xd73\x80\x10bbR\x00\x84\
\xa8#\x222\xfbG\xb1D\x01+\xc8\xc0R\x03XF\
\x0a\xcb@X\x0a`)\x808g\xbe:\x17\x80\xa9(\
\x02\xb4\x15Jm\x01\xd1\x16E\xc6Ve\xd0\x16\xb2\xcd\
\xe7\xd6\xcf\xc7\xb6\xb7)\xc5\x1eP\x88\xa0\x92\x02 D\
\x0d\x10\x915\x9c\xc516\xb0J\x01+\xb1\xef\xbfc\
\x00\xac\x00\x10\xe3M71\x1f\x14\x80#)\x01\xea\x19\
\x22z\xd60\xd4\x06\x17\xb4\xd1\x80\xb3\xbeo^\xf4\xd9\
\xd3\x95\xb2\xb9\xc3\x09\xa1;)\x00BL\xd3\xe0 5\
9Q\x9c\x00\xe0x\xa5p<\x08'\x00X\x0d\x1f\x0f\
\xf4\x13\xf1y\x01\x98HQA\xad\x07\xe8I\x90z\x0a\
\xca}2\x1a\xb3\x9eZ\xde\xa6F\xb9\x83\x09\xa1\x13)\
\x00B\x1c\x01\x11YCY\xac \x85\x93\x89p\x1a\x80\
\x97`\xdf;{\x839ZMhZ\x00&\xb2\x17\xc0\
\x83\x04\xf5\x90\x01\xf7\xf1d\xc9zl\xc9\x12U\xe4\x0e\
%\x84_I\x01\x10\xe2y\xf6f\xa8=B8\x8d\x80\
\x97\xc1\xc0\xa9 \x9c\x08 \xca\x9d\xab^\x02V\x00\x0e\
U\x22\xc2\x13J\xd1\xc3\x8a\xd4\x03\x962\x1fZ\xd1\xa9\
\x06\xb8C\x09\xe1\x17R\x00D\xa8\x0d\xe4\xa9\x0b.\xce\
$\xc2K\x01\x9c\x86}\xd7\xeeC#\xe0\x05\xe0P\x04\
\xd03\x80z\x90\x80?El\xf3\x1e\xb9\x0bA\x84\x99\
\x14\x00\x11*}}\xd4`$\xf1\x22\x17x\xa5\x22\xbc\
\x12\xc0I\x08\xf1\xbf\x83\x90\x15\x80\xf1l\x05p\xb7R\
\xb8\x1b\xb6y\xcf\xaa\x05j\x88;\x90\x10^\x09\xed\x0b\
\x9f\x08\x07\x222\x06G\xf1\x022\xf0:\x10\xce\x82\xc2\
I\x00L\xee\x5c~!\x05\xe0\x00\x058\x04<ND\
\xbf5\x0c\xba\xeb\xd8y\x91\xc7\x94R.w.!\xea\
E\x0a\x80\x08\x9c\x91\x11j-\x198S\x01\xaf\x04\xf0\
\x06\x00\x9d\xdc\x99\xfcJ\x0a\xc0\x11\x0d\x00\xb8\x0f\x0a\xbf\
q\xcb\xe6\xaf\x8f[\xa4\x86\xb9\x03\x09QKR\x00D\
 \x0c\xe6i\x81\xeb\xe0,(\xbc\x11\x84\xd7`\xdfV\
\xb8b\x12R\x00\xa6f\xff\xec\xc0\x9f\x09\xea\x16\xd75\
n;~\xbe\xda\xcd\x9dI\x88\x99\x92\x02 \xb45\x90\
\xa1\x95.\xe1l\x05\x9c\x0d\x85\x93!?\xcf\xd3&\x05\
\xa0*\x04\xe01\x05u\x87\x03\xe3\x8e\xe3:\xd53\xdc\
\x81\x84\xa8\x86\xbc`\x0a\xad\x0c\x15h\xa1\xed\xe0lE\
x+\xf6\xad\xda\x173 \x05\xa0\x16h\x03\x11n1\
]\xeb\xa7\xc7.P\x9b\xb8\xd3\x081UR\x00\x84\xef\
\x0d\xe4\xa9\x8b\x5c\xbc\x0d\xc0;@x!w\x9e \x91\
\x02PSD\x84\xbf(\xa5n\xb2l\xe3f\xb9\xc5P\
\xf8\x9d\x14\x00\xe1K\xdb\x88\xe2\xa9,\xde\xa8\x14\xde\x0d\
\xc2k\x01X\xdc\x99\x82H\x0a@\xdd\xb8\x00\x1eQP\
\xd7\xdb\x86\xf1\xd3\xe3\xe7\xa9\x1cw !\x0e%\x05@\
\xf8J\x7f\x8eNV.\xdeM\xc0\xbbP\xc7cp\xc5\
>R\x00<1\xaa\x80_*\xa2\xebWvZ\xf7(\
\xa5\x88;\x90\x10\x80\x14\x00\xe1\x03{3\xd4n\x11\xde\
\x0b\x85\xf7\x03X\xce\x9d'L\xa4\x00x\x8d\x9e#e\
\x5c\x1d%\xe3Z\xd9\x96Xp\x93\x02 \xd8\xf4\xe7\xe8\
d\xb8\xf8\x00\x80\xf3\x01$\xb8\xf3\x84\x91\x14\x006e\
\x00\xbf4\x88\xae\x92Y\x01\xc1E\x0a\x80\xf0\xd4\xd0\x10\
5;Q\x5c\x00\xc2\x07\x01\x1c\xcd\x9d'\xec\xa4\x00\xf8\
\x01=\x07\x18W\x16\xe3\xc6\x8fOiU#\xdciD\
xH\x01\x10\x9e\xe8\x1b\xa1\xe5\x86\x81\x8f\x12p\x01\x80\
\x06\xee<b\x1f)\x00\xbe\x92\x05p\xa3a8\xdf=\
v^\xeci\xee0\x22\xf8\xa4\x00\x88\xba!\x22c \
\x83\xd7\x93\xc2\xbf\xed\xdf\x96W~\xde|F\x0a\x80/\
\x11\x80?\x90\xc2\x15\xab\xe7\x99\xbf\x95\xf3\x08D\xbd\xc8\
\x0b\xb2\xa89\x22\x8a\x0e\xe6\xf0\x0e\x22|\x0a\xc0\xb1\xdc\
y\xc4\xc4\xa4\x00\xf8\x9c\xc2f\x22\xf5\xbd\x8cc\x5cu\
\xea\x02U\xe0\x8e#\x82E\x0a\x80\xa8\x99\xc1Ajr\
b\xf8gE\xf8$\x80.\xee<brR\x00\xb4\xd1\
GDW\x1a\xaeu\x85\x1cY,jE\x0a\x80\x98\xb1\
\xfe\x1cu\xc2\xc5'\x01\xbc\x0fr}_+R\x00\xb4\
\x93\x01\xe8j#b}\xfd\xd8v\xb5\x97;\x8c\xd0\x9b\
\x14\x00Q\xb5\xa1\x02-tm|\x82\x80\xf7Cn\xe3\
\xd3\x92\x14\x00m\x95\x15p\x93k\x9a\xff\xbdf\xae\xda\
\xc2\x1dF\xe8I\x0a\x80\x98\xb6\xbd\xc3\xb48b\xe1\xe3\
\x04|\x00@\x9c;\x8f\xa8\x9e\x14\x00\xedU\x14\xf0s\
\xe5\x98_\x90\x83\x88\xc4tI\x01\x10S6\x5c\xa0E\
\x8e\x83\xcf\x11\xe1|\xc8\xde\xfc\x81 \x05 0l\x00\
\xd7*\x98_X\xd5\xa9vr\x87\x11z\x90\x02 &\
\xb57C\xed\xa6\xc2'\x14\xe1\x22\xc8;\xfe@\x91\x02\
\x108e\x00\xd7\x1a\x11\xf32Y# &#\x05@\
Lhd\x84Z\xcb\x06.\x04\xf0\xef\x00\x1a\xb9\xf3\x88\
\xda\x93\x02\x10Xy(\xfa\xae[\xb6.?n\x91\x1a\
\xe6\x0e#\xfcI\x0a\x808\x0c\x11E\xfbs\xf8\x90\x22\
\x5c\x06\xa0\x85;\x8f\xa8\x1f)\x00\x817\x0cR\x97\xa7\
\xca\xc6w\x96,QE\xee0\xc2_\xa4\x00\x88\xbf#\
\x22\xd5\x9f\xc5\xb9J\xe1r\x10\x96p\xe7\x11\xf5'\x05\
 4v+\xa8/\xac\xef0\xaey\x9bR\xf2M\x17\
\x00\xa4\x00\x88\xfd\x06\xb2t&\x11\xbe\x06\xe0D\xee,\
\xc2;R\x00\xc2EA=\x0e\xc3\xbdx\xd5\xbc\xc8\xbd\
\xdcY\x04?)\x00!\xd77BG\x19\x06\xbeD\xc0\
[\xb9\xb3\x08\xefI\x01\x08)\xc2o\xc82?&{\
\x08\x84\x9b\x14\x80\x90\xea&JF\xb2\xb8\x18\xc0\xa7 \
+\xfbCK\x0a@\xa8U\x14\xe8J3b\xfd\xe71\
\xed*\xc3\x1dFxO\x0a@\xc8\xfc\xfd:?\xf0u\
\x00\x0b\xb9\xf3\x08^R\x00\x04\x14\xba\x01|f\xd5<\
\xf3\x06\xa5\x14q\xc7\x11\xde\x91\x02\x10\x22C\x19Z\xed\
\x00W\x02x\x09w\x16\xe1\x0fR\x00\xc4\x18\x02\x1e0\
\x94\xf3\xe1U\x1d\xb1\xf5\xdcY\x847\xa4\x00\x84\xc0\xf3\
\xa6\xfb?\x03 \xca\x9dG\xf8\x87\x14\x00q\x08[\x81\
~\x00\xcb\xbat\xd5\x1c\x95\xe5\x0e#\xeaK\x0a@\xc0\
\xf5\x8f\xd2\x1b\x95\x81+\x88\xb0\x98;\x8b\xf0\x1f)\x00\
b<\x0a\xd8C\xc0E\xab;\xad\xdb\xb8\xb3\x88\xfa\x91\
\x02\x10P\x03y\xea\x22\x07\xdf\x03\xf0f\xee,\xc2\xbf\
\xa4\x00\x88I\xdcnD\xcc\x8f\xca\xb6\xc2\xc1dp\x07\
\x10\xb5\xd7\x97\xa1\xb7\x92\x83\xb5\x90\xc1_\x0813o\
\xa1\x8a\xb3q}\xb7\xf3\x01\x22\x927\x8c\x01#\xdf\xd0\
\x00\xd9;L\x8bM\x0bW)\xe0U\xdcY\x84\x1ed\
\x06@L\x15\x01\x0f\x98\x8e\xf9>9v88d\x06\
 \x00\x88\xc8\xe8\xcb\xd2EV\x04O\xcb\xe0/\x84\xa8\
\x07\x05\xbc\xcc5\x9d\xbf\xad\xebv.$\x22\x19;\x02\
@f\x0047\x5c\xa0E\xb6\x8dk\x01\xbc\x829\x8a\
\xd0\x90\xcc\x00\x88*=\xac\x1c\xf3=\xab\x16\xa8\xcd\xdc\
AD\xf5\xa4\xc5il K\xef\xb6m\xac\x83\x0c\xfe\
B\x08o\x9dJ\xa6\xf37Y\x1b\xa07\xf9\xc6i\xa8\
7Ks\x0d\xc2U\x00\xde\xc4\x9dE\xe8Mf\x00D\
\x0d\xfc\xce\xb2\xcd\x7f9f\xa1\xea\xe6\x0e\x22\xa6Gf\
\x004\xd3\x9b\xa1s\x14a=d\xf0\x17B\xf8\xc3k\
m\xcbyjC\xb7-w\x1diFf\x004\xb1\x8b\
(\x91\xc8\xe2+\x04\x5c\xc8\x9dE\x04\x87\xcc\x00\x88Z\
R\xc0\x0d\xb6a~\xe8\xf8y*\xc7\x9dELN\x0a\
\x80\x06\x063\xb4\x8a\x80\x9f\x11\xb0\x86;\x8b\x08\x16)\
\x00\xa2\xf6h#\x5c:o\xf5\xfc\xe8S\xdcI\xc4\x91\
\xc9%\x00\x1f#\x22\xd5\x9f\xa1\x0f\xb8\xc0_e\xf0\x17\
B\xe8A\xad\x84a\xfcy]\xb7s\x91,\x10\xf47\
\xf9\xe6\xf8T:M\xb3*&\xae\x85\x5c\xeb\x17u$\
3\x00\xa2\xcen/\xc6\xcd\x0bNiU#\xdcA\xc4\
\xe1\xa4\x00\xf8P\x7f\x8eN\x82\x8b\x9b\x01,\xe3\xce\x22\
\x82M\x0a\x80\xf0\xc0\x0e\xa5\xdc\xb7\xad\xea\x88\xfe\x95;\
\x888\x98\x5c\x02\xf0\x99\x81,\xbd\x1b.\x1e\x84\x0c\xfe\
B\x88`XDd<\xb0\xae\xdb\xb9\x88;\x888\x98\
\xcc\x00\xf8D_\x1f5\xa8\x04\xae\x06\xf0\x0e\xee,\x22\
<d\x06@xI\xee\x12\xf0\x17)\x00>\xd07B\
G\xc1\xc0\x1d\x0aX\xcd\x9dE\x84\x8b\x14\x00\xe19\xa5\
\xd6\xba\x86q\xf6qs\xd5V\xee(a'\x97\x00\x98\
\xf5e\xe9\xb5\xca\xc0_e\xf0\x17B\x84\x02\xd1q\x86\
\xe3<\xba\xae\xbb\xf2j\xee(a'\x05\x80\x09\x11\xa9\
\x81Q\xfa\x94\x22\xfc\x06\xc0,\xee<B\x08\xe1\xa1V\
\x03\xea\xae\xa7\xf78\x9f\x92[\x05\xf9\xc8_<\x83\x9e\
\x1eJY)\xfc\x98\x80\xb7rg\x11zQT\x82r\
\xd30\xdc\xf4\xfe\xff\x0f\xef\xff\xff\xc8\xbe\xff\xd3\xbe\xff\
+*AQ~\xdf\xd7\xb8E\x80\xca\x00\x00\x832\x00\
\x08\xa0\x0a\x14\x15\xe0\xecY\x0b\xd7h\x00!\x02(\x05\
\xc7l\x01\x00\x10b #\x01\x00p\x8dF\x90\x8a\xc3\
1\xdb`\x9bmp\xcdV8f\x1b\x1ck6ls\
6\x1cs\xf6\xdf?\xe6\xaa\x04\xcb\xdf\x8b\xd0\x98\xc2\xcf\
\x8bd\xfe\xcb)\x9d*\xcf\x1d%l\xa4\x00x\xac?\
G\x9dp\xf1+\x00'sg\x11\xfe\xa3\xa8\x04\xc3\xed\
\x87a\xef\x86\xe9\xec\x86i\xef\x81\xe1\xec\xffue'\
\x14ek\xfa|\xce\x9e\xb55}<RqT\x22\x9d\
\xb0\xad%(G\x97\xa2\x12]\x82\xb2\xb5\x14\x95\xe8\xbe\
\xff\x1c\xa3\xa5\xa6\xcf'\x82B=\xa5`\xbciU\xa7\
\xda\xc9\x9d$L\xa4\x00x\xa8/K'(\xc2\xaf\x00\
,\xe0\xce\x228\x11L\xa7\x1bf\xe59X\xf6&\x98\
\x95M0\xed]0\x9d=P\xee\xa8\xa7Ij]\x00\
&}>\xb3\x15vd\x11J\xd1\xa3P\x8e\xadA1\
\xb6\x06\xe5\xd8j\x94#K<\xcd!|i/\x94\xfb\
\x8f\xab;\xa2\x8fr\x07\x09\x0b)\x00\x1e\xe9\xcb\xd0\xb9\
\x0a\xb8\x0e@\x92;\x8b\xf0\x8e\xa2\x1c\xcc\xca\x0e\x98\xf6\
\x16X\x95\x0d\xb0\xec\xad0+\xcf\xc0p\xd3\xdc\xd1\x00\
x_\x00&\xe2\x1a\x8d(G\x97\xa3\x14;\x16\xa5\xf8\
I(\xc6V\xa1\x14;\x1e\x8e9\x9b;\x9a\xf0V\x11\
\x84\x0bVwY?\xe3\x0e\x12\x06R\x00\xea\x8c\x88T\
\x7f\x16\x97*\xe0\xf3\x90\xbf\xef\x80#\x98\xf66D\xca\
O\xc1*=\x81H\xe5)\x98\xf6v\xeePG\xe4\x97\
\x020\x91Rt\x05\x8a\x89\x17\xa3\x90<\x0d\x85\xc4\x8b\
Q\x8a\x1e\xc3\x1dI\xd4\x1f)\xa8KWu\x9a_\xe6\
\x0e\x12t2 \xd5\x11\x11Y\x03Y\xfc\x00\xc0\xfb\xb9\
\xb3\x88: \x07V\xe5YD\xcaO\xc0\xaa<\x89H\
\xe9Q\x18\xee0w\xaai\xf1{\x018\x94k6\xa1\
\x18{\x01\xf2\xc9\xd3\x90O\x9e\x86b\xe2TYx\x18\
T\x84k\x8b\x9d\xe6\x07NQ\xaa\xc2\x1d%\xa8\xa4\x00\
\xd4I_\x1f5\xa88n\x82\xc2\xeb\xb8\xb3\x88Zq\
aU6 Z|\x10\x91\xd2#\xb0*\x1b\xa0\xf6\xaf\
\xae\xd7\x95n\x05\xe0P\xa4b(\xc6OA.\xf5*\
dS\xafE1~\x12\xa0\xe4\xee\xe6\xa0P\xc0\x1f\xa2\
1\xf3\xdc\xe5m\xca\xdb\xc51!!\x05\xa0\x0e\xfa\xb2\
4o\xff\xfd\xfd\xb2\xd2_s\xcaM#Z\xfa+\x22\
\xa5\xbf Z\xfa#\x0cg\x80;RM\xe9^\x00\x0e\
\xe5\x98\xb3\x91O\xbd\x02\xb9\xe4\x99\xc86\xbc\x01\xb6\xd5\
\xc1\x1dI\xcc\x94Rkm\xdbx\xdd\x09\x0b\xd4\x1e\xee\
(A#\x05\xa0\xc6\xfaF\xe8(e\xe0\xb7\x00\x8e\xe2\
\xce\x22\xaa\xe1\xc2\xaa<\x8dh\xf1!D\x8b\x0f\xc2\xaa\
l\x00\xe0r\x87\xaa\x9b\xa0\x15\x80\x83(\x03\xc5\xf8)\
\xc8\xa6^\x8bl\xea,\x14\xe3'\xcb\xec\x80\xa6\x14\xb0\
\xcd\x81\xf9\xba\xe3:\xd53\xdcY\x82D\x0a@\x0d\x0d\
\x8c\xd0\x0b]\x03w)\xa0\x8d;\x8b\x98\x0e\x17\x91\xf2\
S\x88\x16~\x8fX\xf1\x0f0\x9c~\xee@\x9e\x09t\
\x018\x84c\xceF\xb6\xe1\xb5\x18i>\x1f\xf9\xc4\xe9\
R\x06\xf43@p\xcfZ\xd3\x19}\x8c;HPH\
\x01\xa8\x91\xfe\x0c\xbd\x02\xc0/\x0141G\x11Sd\
\xda[\x10+\xfc\x1e\xb1\xfco`:\xbb\xb9\xe3\xb0\x08\
S\x01x\xbe\x8a5\x1f\x99\xc6\xb3\x91i:\x17\x85\xc4\
\xa9\x90\x97Bm\xe4\x88\xe8\xec5]\x91?p\x07\x09\
\x02\xf9\xa9\xaf\x81\xfeQz\x13\x14n\x02\x10\xe7\xce\x22\
\x8e\xec\xc0\xa0\x7f\x17LG6\x1d\x0bk\x01x\xbe\x8a\
\xb5\x00\x99\xc67K\x19\xd0G\x09\xc0?\xad\xee\xb4n\
\xe3\x0e\xa2;\xf9I\x9f\xa1\x81,\x9dO\x84\x1f\x01\xb0\
\xb8\xb3\x88\xf1\x19\xee\x10b\xf9_\x22\x9e\xbf\x03\xa6\xbd\
\x83;\x8e\xafH\x018X)\xba\x02\xa3\xcd\x17`\xa4\
\xf9|\xd8\xd6\x1c\xee8b\x02\x0ap\x5c\xc2\xbf\xae\xe9\
\xb2\xae\xe1\xce\xa23)\x003\xd0\x9f\xa5\x8f\x83\xf0\x0d\
\xc8\xdf\xa3\x0f\xb9\x88\x94\xfe\x8ax\xfe6\xc4\x8a\xf7\x01\
$\xb7\x12\x8fG\x0a\xc0\xf8HE\x91K\xbd\x0a#M\
\xe7#\xdbx6H\x99\xdc\x91\xc4\xe1\x88\xa0>\xb6\xa6\
\xd3\xbc\x82;\x88\xaed\xe0\xaaR\xff(}\x12\x0a_\
\xe5\xce!\x0ef8\x03\x88\x15~\x85x\xee\xb6\xd0^\
\xd7\x9f\x0e)\x00\x93\xabX\xf31\xda\xf4N\xa4g}\
\x10\x95\xc8B\xee8\xe20\xea\xb3\xab;\xcd/r\xa7\
\xd0\x91\x14\x80*\x0c\x8c\xd2\xa7H\xe1+\xdc9\xc4\x18\
B\xb4\xf80\xe2\xf9[\x10-=\x00\x90\xc3\x1dH\x1b\
R\x00\xa6\x8e\x94\x85\x5c\xeau\x18\x9e\xf5\xaf\xc8\xa5^\
\x0dy\xf9\xf4\x0f\xa5\xd4e\xab:\xcc\xff\xe6\xce\xa1\x1b\
\xf9\x09\x9e&\x19\xfc}\x84*\x88\x15~\x87d\xeeZ\
\x98\x95\xcd\xdci\xb4$\x05\xa0:\xe5\xc8r\xa4[?\
\x84t\xcb\xfbe+b\xbfPt\xf9\xea\x8e\xc8\xa7\xb9\
c\xe8D\x0a\xc04\xf4g\xe8\xf3\x00>\xcb\x9d#\xec\
\x14e\x11\xcf\xfd\x12\x89\xdc\xb50\x9c>\xee8Z\x93\
\x0203\xb65\x07\xe9\x96\x0fbx\xd6G\xe0\x98\xb2\
\xfd\x077E\xf4\xb5U]\x91\x8b\xb9s\xe8B\x0a\xc0\
\x14\x0dd\xe8\x8b\x04\x5c\xca\x9d#\xccLg\x0f\xe2\xd9\
\x9f \x9e\xbf\x03\x8a\x0a\xdcq\x02A\x0a@m\xb8F\
\x0a\xa3M\xef\xc4p\xeb\xc7P\x8a\xae\xe0\x8e\x13j\x04\
\xfa\xc6\x9a\xce\xc8\x7fp\xe7\xd0\x81\x14\x80)\x90w\xfe\
\xbc\xac\xf2z$\xb2?B\xacx/\x82\xbc-/\x07\
)\x00\xb5E\xcaD\xb6\xf1l\x0c\xb6^\xbc\xef`\x22\
\xc1\x82\x88\xfe{MW\xe42\xee\x1c~'\x05`\x12\
\xb2\xda\x9f\x8fioA2\xf3C\xc4\x0a\x7f\x00@\xdc\
q\x02I\x0a@\xfd\xe4\x93g\xa2w\xceWP\x8a\x9f\
\xc8\x1d%\xa4\xe4\xee\x80\xc9H\x018\x82\xfe,\xfd\xfb\
\xfe\xfb\xfc\x85\x87L{+\x92\xd9k\x10\xcb\xdf\x05y\
\xc7__R\x00\xeaM!\xdb\xf0:\xf4\xb7\x7f\x11\xa5\
\xd8\x1a\xee0\xa1\xa3\xa0.Y\xd5i~\x99;\x87_\
I\x01\x98\xc0\xfeM~\xbe\xc9\x9d#LL\xa7\x1b\x89\
\xcc5\x88\xe7o\x87\x0c\xfc\xde\x90\x02\xe0\x11e \xd3\
\xf8\x16\xf4\xb7\x7f\x01\xe5\xc8r\xee4\xa1BP\x17\xc9\
fA\xe3\x93\x020\x8e\x81,\xbd\x9b\x08\xd7B\xfe~\
<a8{\x91\xcc\xfc/\xe2\x85;\xe4\x1e~\x8fI\
\x01\xf0\x16\xa9\x08F\x9b\xde\x8e\xc1\xb6\xcf\xa2\x1c]\xc6\
\x1d',\x88\x08\xef\x97m\x83\x0f'\x03\xdc!\x06F\
\xe9\x1fI\xe1V\xc8\xde\xfeu\xa7(\x87\xe4\xe8UH\
\xe4\x7f*[\xf52\x91\x02\xc0\x83T\x0cC\xb3.\xc2\
\xe0\xec\xcf\xc05\x1a\xb9\xe3\x04\x9e\x02\x1c(\xbccU\
\x87u+w\x16?\x91\x02\xf0<\x03\x19:\x83\x80;\
!\xa7\xfa\xd5\x99\x8bX\xfeN\xa42\xdf\x86\xe1\x0cp\
\x87\x095)\x00\xbc\x1cs6\x06g_\x82\xe1\x96\x8f\
\xc8y\x03\xf5W&\xd0\x1b\xd7tF~\xcf\x1d\xc4/\
\xa4\x00\xec70B/$\x03w\x03\x90:^GV\
e\x1d\x1a\xd2\x97\xc3\xaa\xac\xe3\x8e\x22 \x05\xc0/J\
\xf1\x13\xd13\xe7[($_\xc2\x1d%\xe8rD\xf4\
\xea5]\x91\x87\xb9\x83\xf8\x81\x14\x00\x00\x03\xa3t\x8c\
\xab\xf0\xa0\x02d+\xaf:1\x9c^\xa42W \x96\
\xbf\x13rK\x9f\x7fH\x01\xf0\x97l\xc3\xeb\xd17\xf7\
\xdb(G\x96pG\x09\xb2\x01\xd35O[9_=\
\xc7\x1d\x84[\xe8\x0b\xc0\xde\x0c\xb5[\xc0\xc3\x00\x8e\xe2\
\xce\x12D\x8a\x0aHd\xaeA\x22w=\x14\x95\xb8\xe3\
\x88CH\x01\xf0\x1fW%0\xd4\xf6\x1f\x18j\xfd$\
\x5c#\xc9\x1d'\x90\x14\xb0\x0d\x96y\xea\xaa9\xaa\x87\
;\x0b\xa7P\x17\x80\xfe~jD\x1c\x7f\x04 [v\
\xd5A\xa4\xfc\x18\x1a\xd2\xff\x0d\xd3\xde\xc9\x1dEL@\
\x0a\x80\x7f\x95#K\xd0;\xefJ\xe4R\xaf\xe4\x8e\x12\
H\x0a\xeaqX\xc6+V\xcdQY\xee,\x5c\x0c\xee\
\x00\x5c\x88(\xa2\xe2\xb8\x052\xf8\xd7\x9c\xa2\x0c\x1a\xd2\
_@\xf3\xc0\xfbd\xf0\x17\xa2J\xd1\xca6,\xd8\xf5\
Ztu\xbf\x03\xa6,\x96\xad9\x02\x9dL\xb6s\xf3\
}D\xa1\xbd\xe3+\x94\x05\x80\x88\xd4`\x0e\xffC\xc0\
k\xb8\xb3\x04M\xac\xf0{\xcc\xea}\x13\xe2\xf9[!\
\xd7\xfa\x85\x98\xb9\xc6\xd1[\xb1d\xdb\xf1h\x1e\xb9\x81\
;J\x10\x9d5g\xaf\xf3C\xee\x10\x5cBy\x09\xa0\
?C\x9f\x05\xf0y\xee\x1cAb8\x03h\x18\xf9\x12\
\xa2\xc5{\xb8\xa3\x88i\x90K\x00z\xc96\xbc\x0e\xbd\
\xf3\xbe\x8f\x8a\xb5\x80;J\xa0(\xa8\xcf\xac\xea4\xbf\
\xc2\x9d\xc3k\xa1+\x00\xbd\x19:\xc7\x00nFHg\
?j\x8f\x10\xcf\xdf\x86\xd4\xc87\xa1(\xc7\x1dFL\
\x93\x14\x00\xfd\xb8f\x13\x06f_\x86\xa1\x96\x8f\x02J\
^\xc6j\x84\x88p\xde\x9a.\xeb&\xee ^\x0aU\
\x01\xe8\xcf\xd1I <\x00B\x8a;K\x10\xec{\xd7\
\xff_\x88\x16\x1f\xe2\x8e\x22\xaa$\x05@_\xf9\xd4\xe9\
\xd8\xdb\xf1cT\xac\xf9\xdcQ\x02A\x01\x05(\xf7\x15\
\xab:\xa2\x7f\xe5\xce\xe2\x95\xd0\xd4\xc7\xfe\x1cu\xc2\xc5\
/e\xf0\xaf\x8dh\xf1\x1e\xcc\xea?G\x06\x7f!\x98\
$s\xf7a\xf1\xb6\xe3\xd14\xfas\xee(\x81@@\
\x82\xc8\xf8\xc5S\xbb)4\x8d*\x14\x05\xa0\xa7\x87R\
p\xf1\x1b\x00\xa1\xf9\xc6\xd6\x8b\xa2\x22R#\x97\xa3i\
\xe8\xdf\xa1\xdc4w\x1c!B\xcdtF\xd0\xd9\xfd.\
t\xec}/\x0c7\xb4w\xb3\xd5R\x87e\xb8\xbfx\
\xac\x9bB\xb1\x01C\xe0\x0b\x00\x11)3\x85k\x00\x9c\
\xc8\x9dEwVy=Z\xfa\xdf\x8aD\xeeF\xee(\
B\x88\xe7i\x1e\xf9\x09\x16o;\x11\x89\xc2#\xdcQ\
\xb4G\xa0\x93\xe3pn \xa2\xc0_\x22\x0f|\x01\xe8\
\xcf\xe03\x00\xde\xce\x9dCo.\x12\xd9\x9f\xa2e\xf0\
=r_\xbf\x10>\x15\xadl\xc3\xc2\x9d\xa7c\xf6\xc0\
\xe7\xa1\xe4X\xed\x99z\xcb\xd3=\xee'\xb8C\xd4[\
\xa0\x1b\xce`\x96^\xe5\x12~\x0b@\x8e\xd9\xaa\x92\xe1\
\xf4\xa2q\xf8S\x88\x94\x9f\xe0\x8e\x22\xea@\x16\x01\x06\
S>\xf92\xec\xed\xbc\x01\x15\xab\x8b;\x8a\xce\x5c\xa5\
\xf0\x86U\x1d\xd6o\xb9\x83\xd4K`g\x00\xfaFh\
\xb9K\xb8\x192\xf8W-R~\x1c-\x03\xef\x94\xc1\
_\x08\xcd$\xf3\x0f`\xd1\xb6S\x90\xcc\xdf\xcb\x1dE\
g\x06\x11~\xb2\xae\x97\x96q\x07\xa9\x97@\x16\x80\xbe\
>jP\x06\xee\x00\xd0\xc2\x9dEW\xf1\xfc\xadh\x1e\
\xfc\x00\x0c\xd9\x82T\x08-YN?\x16\xecz\x1d\xda\
\x86\xbe\x0a\xd9\x95\xb3j\xad\xcaqo\x0b\xea\xa2\xc0@\
\x16\x00\x15\xc7\x0f\x00\xac\xe2\xce\xa1#Ey4\x0e\x7f\
\x12\x0d\xe9/\x00ds\xc7\x11B\xcc\x80\x22\x1b\xed}\
\x97\xa0s\xcf\xbb`\xb8\xb2QWu\xe8\xf88\x9c\xff\
\xe5NQ\x0f\x81+\x00\x03\x19\xfa0\x14\xce\xe7\xce\xa1\
#\xd3\xde\x89\x96\x81\xf3\x11+\xfc\x9e;\x8a\x10\xa2\x86\
\x9a27a\xd1\xf6\x7f@\xac\xbc\x91;\x8a\xae\xce{\
\xba\xdb~\x1fw\x88Z\x0b\xd4\x22\xc0\xde,\x1do\x10\
\x1e\x01\x90\xe0\xce\xa2\x9bh\xe9\x014\x0e]\x02E\x19\
\xee(\xc2C\xb2\x080\x5c\x5c\xa3\x11{;~\x84L\
\xe3\xd9\xdcQtT4\xe0\x9evlg\xf4o\xdcA\
j%03\x00\xc3\xc3\xd4b\x10n\x87\x0c\xfe\xd3D\
Hf\xbe\x8f\xa6\xc1\x0be\xf0\x17\x22\xe0\x0c7\x83\xae\
=o\xc3\xec\x81\xcfC\xd6\x05L[\xdc\x85q\xf3c\
C\xd4\xcc\x1d\xa4V\x02Q\x00\x88H\xd9\x16\xae\x03\xb0\
\x94;\x8bN\x14\x95\xd1\x98\xbe\x14\xc9\xccU\x90\x17\x03\
!\xc2\x820{\xe0\xf3\xe8\xea>\x0f\x8a\x8a\xdcat\
\xb3,^t~\x14\x94M\x82\x02Q\x00\xfas\xb8\x10\
\xc0\x9b\xb8s\xe8D\xb9#h\x1a\xfc\x10b\xf9;\xb9\
\xa3\x08!\x184\x8e\xde\x8a\x85;_\x05S\xee\xf4\x99\
\xae\xb7\xac\xefq?\xc4\x1d\xa2\x16\xb4o1C\x19Z\
\xed\x00\x7f\x85L\xfdO\x99\xe9\xecF\xd3\xe0Ga\xda\
\xdb\xb8\xa3\x08f\xb2\x06@\x94#Ga\xf7\xc2_\xa3\
\x1cY\xce\x1dE'E\xb8\xee\x8bV\xcf\x8f>\xc5\x1d\
d&\xb4\x9e\x01\xd8F\x14w\x81\x1b!\x83\xff\x94Y\
\x95uh\xee?_\x06\x7f!\x04\x00 Z\xd9\x8cE\
\xdb_\x82DAN\xf6\x9c\x868\x0cu\xe3\xc3\xbbH\
\xeb\xb1G\xeb\x02\xd0\x90\xc5\x15\x04\xac\xe1\xce\xa1\x8bh\
\xf1\x1e4\x0f\xfc\x0b\x0cw\x88;\x8a\x10\xc2GLg\
\x10\x0bw\xbe\x1aM\x99\x9b\xb8\xa3hD\x1d\xdbd8\
_\xe7N1\x13\xda\x16\x80\xde\x0c\x9d\x03\xe0\xfd\xdc9\
t\x91\xc8^\x8f\xa6\xa1\xff\x80\xa2\x12w\x14!\x84\x0f\
)*\xa1\xb3\xfb|\xb4\x0e}\x9b;\x8a>\x14>\xbc\
\xa1\xdb~3w\x8cji\xb9\x06\xa0?G\x1d\xe4b\
\x9d\x02\xda\xb8\xb3\xe8 \x99\xb9\x12\xc9\xcc\x0f\xb9c\x08\
\x1f\x925\x00b<\x83\xad\x17\xa3\x7f\xce\x97\xb8c\xe8\
b@Y\xe6\x9aUsT\x0fw\x90\xe9\xd2s\x06\x80\
p\xb5\x0c\xfeSAH\x8d~]\x06\x7f!\xc4\xb4\xb4\
\x0d}\x15s{\xff\x0dr{\xf0\x94\xcc&\xc7\xb9\x8a\
;D5\xb4+\x00\xfd\x19\xfa\x00\x08\xaf\xe7\xce\xe1\x7f\
.\x1a\xd2\x9fG\x22{\x03w\x10!\x84\x86f\x0d_\
\x89y=\x1f\x02\xc8\xe5\x8e\xe2\x7f\x847\xae\xdbc_\
\xc0\x1dc\xba\xb4\xba\x04\xd0\x93\xa6%\xa6\x89\xa7\x004\
rg\xf17\x17\x8d\xe9\xcf!\x96\xff\x15w\x10\xe1s\
r\x09@Lf\xb4\xf1\xed\xd8\xdby-HE\xb8\xa3\
\xf8]\x96L\xf3\x845s\xd5\x16\xee S\xa5M\x01\
 \x22c \x8b{\x01\xbc\x9c;\x8b\xafQ\x05M\xc3\
\x9fB\xb4x\x0fw\x12\xe1#\x0e)<^8\x0aw\
g\x8f\xc7\xdf\x8aK\xb1\xb32\x1b#N\x12\x9d\xfdC\
hTYtD{\xb0&\xb6\x11\xa7\xa5\xfe\x8c\xd5\xb1\
\x8d0 \xef\xfa\xc4\x01\xd9\x86\xd7cO\xd7M \x15\
\xe7\x8e\xe2w\x0f\xae\xea0_\xae\x94\xd2\xe2\x1f\x906\
\x05\xa0/K\x17)\x82,O=\x02EE4\x0e\x7f\
\x1c\xd1\xe2\xc3\xdcQ\x84O\x14\xdd\x08\xaeM\x9f\x81k\
\x86^\x89!\xa7\xe1\xb0?\xef\xec\x1f>\xecc\xb3\x8c\
4\xde\xd6r\x07\xde\xd2\xf4k\xc4T\xd9\x8b\x98B\x03\
\xf9\xd4+\xb0\xbb\xeb\x17p\x8d\xc3\x7f\x8e\xc4\x01\x8a\xd4\
\x85\xab\xba\xcc\xefr\xe7\x98\x0a-\x0a\xc0\xdeaZl\
YX\x07@~\xf2&\xe0\xba%T\x86\xbf\x8c\xae\xd2\
\x1d\xdcQ\x84O\xdc\x999\x09\xff\xaf\xef\xad\xe8\xb5[\
&\xfc\x9c\xf1\x0a\xc0\x989\xd6\x00>\xd2z5^\x9e\
\x92\x0db\xc4>}\x9b?\x82\xe1W\x7f\x15\x14\x8dq\
G\xf1\xb3\xbck\x9ak\x8e\x9b\xab\xb6r\x07\x99\x8c\xef\
\x17\x01\x12\x912-\x5c\x05\x19\xfc'\xe4\x92\x8dm}\
\xdf\xc4\xfa\xd1\xa7\xb1\xc5\xe9\xe0\x8e#\x98\x11\x14\xbe3\
\xf0\x06\x5c\xd4\xfd\xbe#\x0e\xfe\x93\xe9\xb3g\xe3\xb2\xbe\
O\xe3\xaa\xe1\xf7\xc2\xd5\xe3\xbd\x82\xa8\xa3\xcc\xfd+A\
\xd7=\x89\xd4\xe5\x97\x00v\x85;\x8e\x9f%\x0d\xdb\xb9\
Z\x87\x03\x83|_\x00\x062x\x9f\x02^\xc5\x9d\xc3\
\xaf\x88\x5cl\xef\xff\x0eF\x0a\x8f\x03\x00\xb6\xd8\x0d\xd8\
d\xcb\x1d\x92a\xe5\x92\x81\x8b\xba\xdf\x87+\x06_\x0f\
\xaa\xc1\xa0MP\xb81}.\xbe\xd8w\xb1\x94\x80\x10\
\xcb\xdd\xb7\x10\xf9\xbb[\x01\x00\x91\xb5\x8f\xa1\xe1\x9b\x97\
A9\x0es*\x1fS8cC\xb7\xf3^\xee\x18\x93\
\xf1u\x01\xe8\xcfQ'\x14.\xe7\xce\xe1W\x04\xc2\x8e\
\x81\xef\x22\x9d{\xe4\xa0\x8fosZ\xa5\x04\x84\xd47\
\x06\xde\x84;3'\xd5\xfcq\xef\xcd\xbd\x14?\x1e~\
W\xcd\x1fW\xf8_\xee\xbe\x85\xc8\xde\xbb\xe0\xa0\x8fE\
\x1e}\x10\xa9\xef|\x1e\xca\xd5b\xad\x1b\x0f\x85o=\
\xb9\x8b\xba\xb8c\x1c\x89\xaf\x0b\x00\x5c|\x1f\xc0,\xee\
\x18\xfeD\xd85p\x15\x86\xb2\x7f\x1a\xf7O\xa5\x04\x84\
\xcf\x9d\x99\x93\xf0\xc3\xa1\xd7\xd4\xed\xf1\x7f\x92~\x1b\x1e\
\xc8\x9dV\xb7\xc7\x17\xfe3\xde\xe0?&\xf2\xc8\x1f\x91\
\xfc\xe1\xd7\x00\x92\xcd\x82\xc6C@\xb3e:\xdf\xe1\xce\
q$\xbe-\x00}9:\x0b\x80\xb6{,\xd7\xdb\x9e\
\xa1\x1b0\x90\xf9\xc3\x11?GJ@x\x14\xdd\x08\xbe\
\xdc\x7fn]\x9f\x83\xa0\xf0\xdd\xc1\x0f\xa0H\xb2\x00,\
\x0c\x8e4\xf8\x8f\x89\xdew\x17\x12\xd7~\xcf\xa3DZ\
:\xe7\xe9=\xf6\x1b\xb9CL\xc4\x97\x05\xa0\x9b(\xa9\
\x08\xdf\xe7\xce\xe1W{\x86oD\xef\xc8\xd46\xf9\x91\
\x12\x10\x0e?\x1e>\x03{+\xf5\x9f,\xebw\xdap\
\xc7\xe8\x1b\xea\xfe<\x82\xd7T\x06\xff1\xf1\xbbnE\
\xe2\xa6\x1f\xd59\x91\xc6\x14\xbe\xf7T\x0f\xa5\xb8c\x8c\
\xc7\x97\x05 \x92\xc3e ,\xe1\xce\xe1G\xbd#\xbf\
Bo\xfa\xf6i}\x8d\x94\x80`sH\xe1G\xc3\xaf\
\xf4\xec\xf9n\x199\x1b\xae?_:D\x0dLg\xf0\
\x1f\x13\xbf\xf5:\xc4~ss\x9d\x12io\xa1\xe1\xda\
\x97r\x87\x18\x8f\xef\xfe\x15\x0ffh\x15\x08\x1f\xe3\xce\
\xe1G\xe9\xdc#\xe8\x1e\xaano\x7f)\x01\xc1\xf5X\
a\xf9\xb8\x9b\xfc\xd4\xcb\x90\xd3\x82\xf5\xc5c<{>\
\xe1\x9dj\x06\xff1\xc9\x1b\xaeD\xf4/\x0f\xd48Q\
0(\xa8O\xae\xdbU:\x8e;\xc7\xa1|U\x00\x88\
H\xb9\xc0\xff\x00\x90M\xa7\x0f\x91+m\xc6\xf6\x81\xef\
\x81fp:\x97\x94\x80`\xba;\xeb\xfd\xeb\xcaC\xf9\
\x17y\xfe\x9c\xa2\xbef2\xf8\x03\x00\x5c\x17\xc9+\xbe\
\x08\xeb\xb9\xf5\xb5\x0b\x15\x1c\x16L\xf3\xbb~\xdb\x1b\xc0\
W\x05`0\x87w\x01\x90e\xc6\x87(\xdb}\xd8\xd2\
\xfbe\xb8ni\xc6\x8f%% x\xfeV\x5c\xe6\xf9\
s\xae+\xae\xf4\xfc9E\xfd\xccx\xf0\xdfO\x95K\
h\xf8\xcag`\xf4\xec\xaeA\xaa`Q\xc0\xcb\xd6w\
;\xef\xe0\xce\xf1|\xbe)\x00}}\xd4@\x84\xafp\
\xe7\xf0\x1b\xdb\xcdbs\xcf\x17a;#5{L)\
\x01\xc1\xb2\xb3<\xdb\xf3\xe7\xdck\xcb\x8e\x93AQ\xab\
\xc1\x7f\x8c\xca\x8c\xa0\xe1+\x97@\xe525{\xcc\xa0\
P\x0a_\xf3\xd3\x82@\xdf\x14\x00$\xf1\x9f\x00:\xb9\
c\xf8\xc9\xbe-~\xbf\x81b\xa5\xbb\xe6\x8f-% \
82\xae\xf7'\xb4e\x5c\xdf\xbc\x86\x89\x19\xa8\xf5\xe0\
?\xc6\xdc\xb3\x03\x0d_\xbdT\xb6\x0c>\x04\x01]\xa6\
k\x7f\x9a;\xc7\x18_\x14\x80\xde4-S\xb2\xf0\xef\
\x10\x84]\x03W\x22SXW\xb7g\x90\x12\x10\x0c\x15\
\xb2\x18\x9eS\x96\xe9\xe8\xae^\x83\xff\x18k\xc3SH\
}\xef\xcb\xb2Q\xd0a\xd4'7\xec\xa2\xe5\xdc)\x00\
\x9f\x14\x00\xc3\xc2\xb7\x01\xc8\xee\x22\xcf\xd3=|\x13\x06\
\xb3\xf7\xd7\xfdy\xa4\x04\x08\x11>\xf5\x1e\xfc\xc7D\x1f\
\xba\x07\xf1[\xae\xad\xfb\xf3h&F\xa6\xe3\x8b-\xee\
\xd9\x0b@\x7f\x86N\x07Av\x16y\x9e\x91\xfc\xa3\xe8\
I\xdf\xe6\xd9\xf3I\x09\x10\x22<\xbc\x1a\xfc\xc7$n\
\xbdNn\x0f<\x04\x01g\xaf\xdf]9\x93;\x07k\
\x01 \x22\x03\xc0\xd793\xf8M\xa9\xd2\x8d\xed\xfd\xdf\
\x05fp\xbb_5\xa4\x04\x08\x11|^\x0f\xfe\x00\x00\
\x22$\xbf\xffe\x98{vx\xfb\xbc>G\x86\xf1\xb5\
\xfdc \x1b\xd6'\xdf\x7f\xdb_\xed\x8f.\xd3\x94K\
El\xed\xfb\x1a\x1c7\xcf\xf2\xfcR\x02\x84\x08.\x96\
\xc1\x7f?U\xc8#\xf5\xad\xcb\xa0JE\x96\xe7\xf7'\
:q}\xb7\xf3v\xce\x04l\x05`\x1bQ\x9c\x08_\
\xe0z~\xff!\xec\xe8\xff\x01\x0a\xe5]\xac)\xa4\x04\
\x08\x11<\x9c\x83\xff\x18s\xc7V$\xaf\xfc*k\x06\
\xdfQ\xf8\xd2\xa6M|\xa7k\xb1\x15\x80\xc6\x0c>\x06\
`!\xd7\xf3\xfbM\xef\xc8\xaf0\x9c{\x98;\x06\x00\
)\x01B\x04\x89\x1f\x06\xff1\xd1\x87\xeeA\xfc\xce[\
\xb8c\xf8\xc9\xe2r\x83\xfbQ\xae'g)\x00##\
\xd4J\x0a\x9f\xe2xn?\xca\x14\x9fF\xf7\xf0\x8d\xdc\
1\x0e\x22%@\x08\xfd\xf9i\xf0\x1f\x13\xbf\xe1JD\
6<\xc5\x1d\xc37\x88\xe8\xd2\xb5;\xa8\xfeGy\x8e\
\x83\xa5\x00\x94M|\x0a@\x0b\xc7s\xfbM\xd9\x1e\xc0\
\xb6\xbeo\x81\xc8\xe1\x8er\x18)\x01B\xe8\xcb\x8f\x83\
?\x00(\xc7A\xf2[\x97\xc1\x18\xea\xe7\x8e\xe2\x17\xb3\
\xcc\x88\xfd\x1f\x1cO\xecy\x01\xe8\xcfQ\x07\x08lS\
\x1e~B \xec\xe8\xffnM\xb7\xf9\xad5)\x01B\
\xe8\xc7\xaf\x83\xff\x18#=\x84\xd4\xb7?\x0f\xe5\xba\xdc\
Q|\x81\xa0.Z\xd7Ks\xbd~^\xcf\x0b\x00\xb9\
\xb8\x14@\xd2\xeb\xe7\xf5\xa3\xde\xf4m\xc8\x14\xfd\x7fr\
\x96\x94\x00!\xf4\xe1\xf7\xc1\x7f\x8c\xb5q-b\xbf\xfa\
\x19w\x0c\xbfH)\xc7\xfb-\x82=-\x00\xc3\x05Z\
\xa4\x80\xf7y\xf9\x9c~\x95/m\xc1\xde\xb4>\x8ba\
\xa4\x04\x08\xe1\x7f\xba\x0c\xfec\xe2?\xbf\x06\xe6\xa6\x8d\
\xdc1|B}p\xdd\x1e\xf2\xf4\x9b\xe7i\x01p\x1c\
|\x0e\xb2\xe5/\x5c*a[\xffw|y\xdd\xffH\
\xa4\x04\x08\xe1_\xba\x0d\xfe\xc0\xbe\xf5\x00\x0dW|\x11\
\xaa\xc0\xb3\xf7\x89\xcf\xc4\x95r\xfe\xd3\xcb'\xf4\xac\x00\
\xf4\xa6i)\x11\xce\xf7\xea\xf9\xfcl\xd7\xc0\xff\xa2T\
\x87\x13\xfe\xbc %@\x08\xff\xd1q\xf0\x1fc\xf4\xec\
F\xe2\xfa\x1fp\xc7\xf0\x8b\x7f\xde\xb8\x97\x16{\xf5d\
\x9e\x15\x00\xc3\xc2%\x00\xbc?\xb6\xccg\x86\xf3\x7f\xc1\
`\xf6>\xee\x183\x22%@\x08\xff\xd0y\xf0\x1f\x13\
\xbb\xfb\xd7\x88<\xac\xf7\xebb\x8dD\x5cr.\xf6\xea\
\xc9<)\x00\x83yZ\x00y\xf7\x8f\x8a=\x84]\xfd\
?\xe4\x8eQ\x13R\x02\x84\xe0\x17\x84\xc1\x7fL\xea\xaa\
o\xc0\x18\xec\xe3\x8e\xc1\x8e\x80\x0b\x9e\xdcE]^<\
\x97'\x05\xc0u\xf0\x19\x00Q/\x9e\xcb\xaf\x08\x84\xed\
\xfdW\xc0v3\xdcQjFJ\x80\x10|\x824\xf8\
\x03\x80\xcae\x90\xfa\xfeW\x00\xf2\xf6 4\x1f\x8aE\
L\xfb\x93^<Q\xdd\x0b@\x7f\x8e:\x00\xbc\xb7\xde\
\xcf\xe3w\x03\xa3\xff\x87L\xf1i\xee\x185'%@\
\x08\xef\x05m\xf0\x1fc\xad{\x1c\xd1\xbb\x7f\xcd\x1d\x83\
\x1dA\xfd\xeb\x86~\xea\xa8\xf7\xf3\xd4\x7f\x06\xc0\xc5\xc5\
\x00\x12u\x7f\x1e\x1f\xab\xd8C\xbe\xdb\xea\xb7\x96\xa4\x04\
\x08\xe1\x9d\xa0\x0e\xfec\x92?\xf9\xa1\x5c\x0a\x00\xe2T\
\xb6?^\xef'\xa9k\x01H\xa7i\x16\xe4\xbe\x7f\xec\
\x1a\xbc\x9a\xed\x88_\xafH\x09\x10\xa2\xfe\x82>\xf8\x03\
\x80\xca\xe7\x90\xbc\xfa\x9b\xdc1\xd8\x91R\x1f|b\x1b\
\xd5u\xcb\xfc\xba\x16\x80\xb2\x89\x0f\x03h\xa8\xe7s\xf8\
\xddp\xf6A\xa4\xf3\x8fr\xc7\xf0\x84\x94\x00!\xea'\
\x0c\x83\xff\x98\xc8\xe3\x8f \xfa\xe7\xfb\xb9cpk\xb4\
\xe2\xee\xfb\xeb\xf9\x04u+\x00\x9b\x88b\x0a\xf8H\xbd\
\x1e_\x07\xb6\x9b\xc1\xae\xa1k\xb9cxJJ\x80\x10\
\xb5\x17\xa6\xc1\x7fL\xe2\x9aoC\xe5\x82\xb3h\xba\x1a\
\x06\xd1E\xeb\xd7S\xdd\x16\xd0\xd7\xad\x00\xb4d\xf1\x1e\
\x00u_\xc4\xe0g{\x86\xae\x85\xed\xa4\xb9cxN\
J\x80\x10\xb5\x13\xc6\xc1\x1f\xd8w`P\xe2\x86`\xdc\
6]-\x02\xba\xd0\xea\xbc\xb3^\x8f_\x97\x02@D\
\x0a\xc0\xc7\xea\xf1\xd8\xba\xc8\x14\xd6a0\xf3\x00w\x0c\
6R\x02\x84\x98\xb9\xb0\x0e\xfecb\xf7\xde\x09k\xdd\
\xe3\xdc1X\x11\xd1\xa7\x88\xa8.cu]\x1et \
\x837\x00XY\x8f\xc7\xd6\x81K%\xec\x18\xb8\x12@\
\xb8\xefg\x95\x12 D\xf5\xc2>\xf8\x03\x00\x88\x90\xba\
\xea\x9bP\xe5\x12w\x12F\xea\x98\x0d{\xedW\xd7\xe3\
\x91\xebs\x09@\xe1\xc2\xba<\xae&\xf6\xa6oC\xd9\
\x0e\xfdm,\x00\xa4\x04\x08Q\x0d\x19\xfc\x0f0zv\
#\xf6\xcbp\x1f\x1bLPu\x19Sk^\x00\x062\
\xb4\x12k\xf9G)\x00\x00 \x00IDAT\xc0\x99\
\xb5~\x5c]\x94\xed\x01\xf4\x8f\xde\xc9\x1d\xc3W\xa4\x04\
\x081u2\xf8\x1f.\xfe\x8b\x1ba\xf4\xf7p\xc7\xe0\
\xf4\xda\xb5\xddtL\xad\x1f\xb4\xe6\x05\x80\x80\x7f\x03\xa0\
j\xfd\xb8\xba\xd8=t\x1d\x5c7\xcc\xd3U\xe3\x93\x12\
 \xc4\xe4d\xf0\x1f\x9f*\x97\x90\xb8\xf1j\xee\x18\x9c\
\x94R\xce\x87k\xfd\xa05-\x00\xc3\xc3\xd4\x02\x84\xf7\
\xd0\x9f\x5c\xe9\x19\xa4s\x7f\xe6\x8e\xe1[R\x02\x84\x98\
\x98\x0c\xfeG\x16}\xe8\x1eX\x1b\xd7r\xc7`\xa3\x08\
\xef}l\x88\x9ak\xf9\x985-\x00v\x04\x17 \xa4\
\x1b\xff\x10\x08\xbb\x06\x7f\x84\xb0/\xfc\x9b\x8c\x94\x00!\
\x0e'\x83\xff\x14\x10!\xf9\xe3+\x00\xd7\xe5N\xc2\xa5\
1Vt\xdf[\xcb\x07\xacY\x01 \x22\x05\xc2\xbf\xd6\
\xea\xf1t3\x98\xb9\x07\xf9\xd2V\xee\x18Z\x90\x12 \
\xc4\x012\xf8O\x9d\xb9m\x13\xa2\x0f\xfc\x9e;\x06\x1b\
\x03\xee\x87\xf6\xdff_\xa3\xc7\xab\x91\xc1,N\x07p\
t\xad\x1eO'\x0e\x15\xb0w\xf8\xe7\xdc1\xb4\x22%\
@\x08\x19\xfc\xab\x91\xf8\xe9\xff@\xe5s\xdc1X\x10\
\xd4\x8a\x8d{\xed\x97\xd6\xea\xf1j7\x03\x00|\xa0V\
\x8f\xa5\x9b\x9e\xe1[P\x09\xe1\x8e\x7f3%%@\x84\
\x99\x0c\xfe\xd51\xd2C\x88\xff\x22\xb8\xa7\xabN\xc6\x81\
\xaa\xd9X[\x93\x02\xd0=J\xb3\x01\xbc\xb9\x16\x8f\xa5\
\x9b\x92\xdd\x8f\xbe\xd1\xdfr\xc7\xd0\x96\x94\x00\x11F2\
\xf8\xcfL\xfc77\x87\xf6\xc8`\x05\x9c\xfb\xb7\xbd\xd4\
^\x8b\xc7\xaaI\x01\x88\x02\x17\x00\x88\xd5\xe2\xb1t\xd3\
3|\x0b\x88*\xdc1\xb4&%@\x84\x89\x0c\xfe5\
P)#~\xdb\x0d\xdc)\xb8\xc4\xa2\xe4\xbe\xab\x16\x0f\
4\xe3\x02@D\x8a\x14\xdeW\x8b0\xba)\xd9=\x18\
\xca\x85\xfe\xc8\xca\x9a\x90\x12 \xc2@\x06\xff\xda\x89\xdd\
w\x17\xcc\xden\xee\x18L\xdc\x9a\x5c\x06\x98q\x01\xe8\
\xcf\xe0%\x00\x96\xd7 \x8bv\xf6\x0e\xdf\x0c\x22\x87;\
F`H\x09\x10A&\x83\x7f\x8d\xd9v\x88g\x01\xd4\
1\x1bz\xca/\x9a\xe9\xa3\xcc\xb8\x00(\x03\xef\x99\xe9\
c\xe8\xa8T\xe9\xc6p\xeeA\xee\x18\x81#%@\x04\
\x91\x0c\xfe\xf5\x11\xb9\xffw0\xf7\xec\xe0\x8e\xc1\x82\x5c\
c\xc6c\xef\x8c\x0a\xc0.\xa2\x04\x08\xe7\xcc4\x84\x8e\
\xf6\x0c\xff\x0cD\xa1\xdd\x90\xa2\xae\xa4\x04\x88 \x91\xc1\
\xbf~\x94\xeb\x22~\xeb\xf5\xdc1\xb8\x9c\xf7\xf0.J\
\xcc\xe4\x01fT\x00\xe29\xbc\x05@\xcbL\x1eCG\
\xc5\xf2N\x8c\xc8\x96\xbfu\xb5\xcdi\xc5\x16\xa7\x95;\
\x86\x103\x22\x83\x7f\xfdE\x1f\xbe\x17\xe6\xce\xf0m\xc2\
F@s\xa3\xe5\xbcq&\x8f1\xa3\x02@\x14\xce\xe9\
\xff=\xc3?\x03\xc9\x96\xbfu\xb7\xc5n\x93\x120\x0e\
R\x8d\xa8\xc4^\x84B\xc3\xf9\xc8\xce\xfa<[\x8e\xbd\
\x1d\xff\x8b\xa1\xd6\x8f!\x9f<\x13\x8eY\xd3-\xca\x03\
A\x06\x7f\x8f\xb8.\x12\xb7^\xc7\x9d\x82\xc7\x0c\xc7`\
\xab\xda/\x1c\xc8S\x1798c&O\xae\xa3\x5ci\
3F\xf2\x8fq\xc7\x08\x8d-\xfb/\x05,3\x87\x98\
\x93\xf0q\xcd\x0eTb'\xa3\x12=\x11\x95\xc8\x09p\
\x22Kqpw\x7f\x98%\xd7H\xf3{\x0f\xfc\x86\x5c\
\xc4\xca\x1b\x90\xcc?\x84x\xf1\x11$s\xf7#b\xef\
b\xc9\xe5\x072\xf8{+\xf2\xe7\xfban\xdf\x0cg\
\xf1Q\xdcQ<\xa5\x80W\xaf\xef\xa3y\xab\xe6\xa8\xaa\
\xceJ\xae\xba\x00\x90\x8bw\x000\xab\xfdz]\xf5\xa5\
\xef\x80\x1c\xf8\xe3\xad-v\x1b\x5cRXn\x0drG\
\xf1\x862Q\x89\xacA9\xferT\xa2/\x82\x1d]\
\x09\xdf\x9f\xb0\xad\x0c\x94b\xabQ\x8a\xad\x06\xf6\x1f\x09\
\x12-oE2\x7f\x0f\x1a\xb2\xbfA*w7\x14\x85\
\xe3\x98l\x19\xfc\x19\x10!\xfe\x8b\x1b\x91\xfb\xd8\x7fq\
'\xf1\x9a\x85\x8a\xfbV\x00\xdf\xad\xee\x8b\xab\xe5\xe2\xed\
~\x7fM\xaa\xb5\xb2\xdd\x87t\xe1Q\xee\x18\xa1\xb4m\
\xff\xa5\x80\xe0\x96\x00\x03\x95\xd8\x0bQL\xbc\x01\xe5\xc4\
\x19 \x95\xe2\x0e4c\xe5\xe8R\x94\xa3K\x91ny\
?\x0c7\x8fT\xf6.4\x8f\xde\x80T\xee\x0fPT\
\xe6\x8eW\x172\xf8\xf3\x89<r\x1f\xcc\xf3\xde\x07g\
n'w\x14O\x91\xa2\xb7\xc3\xcb\x02\xd0\x9b\xa6\xa5P\
8\xa5\x9a\xaf\xd5Y\xef\xc8\xafd\xe5?\xa3mN+\
\x0cE\x81\xba\x1cP\x89\x9e\x80R\xeal\x94\xe2g\x82\
T#w\x9c\xbaq\x8d$2M\xe7\x22\xd3t.L\
w\x18\x8d\x99_\xa09\xfd#$\x0a\x8fpG\xab\x19\
\x19\xfcy)\xd7E\xf4\xb7\xb7\xa3\xf0\xde\x8frG\xf1\
\xda\xa9\x1b\xf7\xd2\xe2\x95\x1dj\xfbt\xbf\xb0\xaaE\x80\
\xca\xc4y\xf0\xfd\x9cdm\xd9n\x16\x83\x99\xfb\xb8c\
\x84\xde\x16\xbbM\xfb[\x04I5\xa2\x98<\x17\xe9\xf6\
\x9b12\xfb:\x14\x13o\x0e\xf4\xe0\x7f(\xc7\x98\x85\
t\xf3?c\xc7\xa2?a\xdb\xd2\xf5\x18l\xbd\x18\xb6\
Y\x93\xad\xcd\xd9\xc8\xe0\xef\x0f\xb1\xbb\x7f\x0d\x95\x19\xe1\
\x8e\xe15e\xc3}k5_XU\x010\x80\xb7W\
\xf3u:\x1b\x18\xfd\x1d\xdc\x90\x5c\xc3\xf4;]\xf7\x09\
p\xcc\x05\xc85]\x8c\xa1yw#\xdb\xf2Y\xd8\x91\
\x15\xdc\x91\xd8\x95\xa2+\xd0?\xe7K\xd8r\xd4v\xec\
\xed\xf81J\xb1c\xb9#M\x9b\x0c\xfe\xfe\xa1JE\
\xc4\xee\xf9\x0dw\x0c\xcf\x19T\xdd\x98<\xed\x020\x90\
\xa1\x95\x04\xac\xa9\xe6\xc9tETA\xff\xe8\xffq\xc7\
\x10\xcf\xa3\xd3>\x01\x95\xe8I\x18m\xbb\x02\xc3s\x7f\
\x85B\xc3?\x81T\x9c;\x92\xef\x90\x8aa\xa4\xf9|\
l[\xfc$v\xcf\xbf\x1d\x85\xc4\xa9\xdc\x91\xa6D\x06\
\x7f\xff\x89\xdfu;`\x87\xeb\x806\x02\x9d\xbc~\x17\
M\xfb\x16\x88i\x17\x00\x17\xe1\xdb\xf9o(\xf7\x00*\
\xce0w\x0cq\x08\xbf_\x0e\xb0#\xc7a\xb4\xed\x0a\
\x8c\xcc\xfe1\xca\xb1\x97\xa3F\x87o\x06\x9b2\x90m\
x\x13v,z\x00;\x16\xdd\x8fB\xf2\xa5\xdc\x89&\
$\x83\xbf?\xa9\xe1\x01D\xfft7w\x0c\xcf\xb9\x96\
{\xf6t\xbff\xda\xafH\x0ax\xf3t\xbfFo\x84\
\xbe\x91\xf0M)\xe9\xc2\x8f3\x01v\xe4\x18\x8c\xb6~\
\x0f\xe9\xf6\x1b\xf6\x0f\xfc\xa2\x1a\x85\xc4i\xd8\xb1\xf0>\
\xec\x9e\xffK\x94b\xc7q\xc79\x88\x0c\xfe\xfe\x16\xff\
\xcdM\x00\x85\xebvm\x03T\xdf\x020\x98\xa7\xf9\x00\
N\x9a\xee\x93\xe8l4\xff$\x0a\xe5\xf0nh\xa2\x03\
\xbf\xcc\x04\x90\xd1\x82\x5c\xd3\xc5H\xb7\xff\x0c\xe5\xb8\x7f\
\xdf\xb9\xea&\xdb\xf0zl[\xfc\x18\xf6v\xfc\x18\xb6\
5\x97;\x8e\x0c\xfe\x1a0wnCdm\xb86l\
#\xc2\x8b\x9e\xdaM\xf3\xa7\xf35\xd3*\x00\x8e\x83\xb7\
 d\xab\xff\xfb3\xbf\xe7\x8e \xa6\x80u&@E\
Ph\xf8g\x0c\xcd\xbd\x0b\x85\x86\x7f\x82L\xf5\xd7\x81\
2\xf6\xad\x11X\xb2\x01\x83m\x9f\x00\xa9(K\x0c\x19\
\xfc\xf5\x11\xfd\xfd/\xb9#xM\x19\xa6;\xad\xb3\x01\
\xa6\xf5J\x15\xb6\xe9\xff\x8a\x93\xc6h\xe1o\xdc1\xc4\
\x14q\xcc\x04\xd8\x91\xe31\xdc~\x13rM\x1f\x0b\xc4\
\xe6=~\xe7\x98\xcd\xe8o\xbf\x1c\xdb\x16?\x86b\xe2\
\x1f<}n\x19\xfc\xf5\x12y\xfca\xa8\xe1\x01\xee\x18\
\x9e2hz\x97\x01\xa6\x5c\x00FF\xa8\x15@\xa8\xe6\
5\x073w\x83\xc8\xe1\x8e!\xa6\xc1\xab[\x04I\xc5\
\x91k\xba\x08\xe9\xf6k\xe1X\xcb\xea\xfe|\xe2`\xe5\
\xd8\xb1\xd8\xbe\xe8A\xf4\xcc\xbb\x12\xaeQ\xff=\x14d\
\xf0\xd7\x8fr\x1c\xc4\xee\x0f\xd7\xdd[\x04\xbc\xe2\x89m\
4\xe5\x13z\xa7\x5c\x00\xca&^\x83\x99l\x1d\xac\x1d\
\xc2`\xe6\x8f\xdc!D\x15\xea}9\xa0\x12=\x05\xc3\
s~\x81B\xc3\x05\x90\xe9~N\x0a\xe9\x96\xf7c\xdb\
\x92'\xeaz\xb7\x80\x0c\xfe\xfa\x8a\xde\xfd\x1b\xc0\x0d\xd5\
\xee\xad\x91h\xdcy\xd5T?y\xea\xaf^.\xce\xaa\
*\x8e\xa6F\x0bkQ\xb2\xab:`I\xf8@].\
\x07(\x13\xf9\xc6\x0fbd\xf6\xd5p\xcd\x8e\xda>\xb6\
\xa8Z%\xb2\x18;\x16\xdc\x83\xbe\xb9\xdf\xac\xf9\xda\x00\
\x19\xfc\xf5f\xf6v\xc3Z\xff$w\x0cO\xb9\x98\xfa\
X=\xa5\x02@D\x06\x14^S}$\xfd\x0cd\xc2\
w\x1fi\xd0\xd4r&\xc0\xb1\x16\x22\xddv\x03\xf2\x8d\
\x1f\x82\xbc\xeb\xf7!e`h\xd6\x85\xd8\xb1\xf0~\x94\
\xa3\xb5\xb9$#\x83\x7f0\x84mg@E8\x8b\x88\
\xa6\xb4X\x7fJ\xafdC\xa3x!\x8093J\xa5\
\x11\xdbIc$\xffW\xee\x18\xa2\x06j1\x13P\x8e\
\xbd\x14\xe9\xf6\x1baGW\xd5(\x95\xa8\x97b\xe2\x05\
\xd8\xbe\xe8Qd\x1ag\xb6^Y\x06\xff\xe0\x88\xfe\xe5\
\x01\x18\xa3i\xee\x18^\x9a\xb7qo\xe5\xc4\xa9|\xe2\
\x94\x0a\x80k\x84k\xfa\x7f \xfbGY\xfc\x17 \xd5\
/\x0cT(4\x5c\x80\xd1\xb6+BuX\x8f\xee\x5c\
\xb3\x09{\xbanA\xff\x9c/\x01j\xfa\xb352\xf8\
\x07\x8c]A\xe4\x81p\xdd\xce\xed\xc2|\xddT>o\
j\xff:(\x5c\x05`0s/w\x04Qc\xd3\xbd\
\x1c@*\x85\xd1\xd6\xef\x22\xd7t\x11d\xca_G\x0a\
\x83\xad\x17cw\xd7\x1dp\x8d\x86)\x7f\x95\x0c\xfe\xc1\
\x14\xbb\xe7N\xee\x08\x1e\xa3)\x8d\xd9\x93\xbe\xb2\x0d\x0f\
S\x0bTxv\xff\xcb\x956\xa3T\xe9\xe6\x8e!\xea\
`\xaa\x97\x03\x5cs6Ff_#\xbb\xf9\x05@\xb6\
\xe1\xf5\xd8\xb1\xe8AT\xac\xc9\x07u\x19\xfc\x83\xcb\xdc\
\xbd\x1d\xe6\x8e-\xdc1\xbc\xf4\xc2M\x83\xd44\xd9'\
MZ\x00\x1c\x0bg\x000k\x12I\x03\xe9\xdc\xc3\xdc\
\x11D\x1dMv9\xc0\x89\x1c\x85\xf4\xec\x9f\xc0\x8e\xac\
\xf40\x95\xa8\xa7Rl5v,~\x08\xa5\xd8\x09\x13\
~\x8e\x0c\xfe\xc1\x17}(T3\xbbV\xb1\xe2\xbcl\
\xb2O\x9a\xb4\x00\xb8\xc0\x99\xb5\xc9\xa3\x03\xc2p\xee\xcf\
\xdc!D\x9dMt9\xa0\x12=\x09\xe9\xd9\xd7\xcb-\
~\x01d[\x9d\xd8\xb9\xf0\x1e\x14\x12\xa7\x1d\xf6g2\
\xf8\x87C\xe4\xe1{Cu@\x90ri\xd2\xb1{\xd2\
\x02\xa0BT\x00\xb2\xa5M(\xdb}\xdc1\x84\x07\xb6\
\xd8m\xd8\xec\xb4\xff\xfd\xf7\x95\xd8)\x18m\xfb\xbel\
\xe7\x1b`\x8e\xd9\x8c]\x0b~\x8b\x5c\xea\xc0>)\xb9\
\xfb\x16\xc9\xe0\x1f\x12fo7\xac\xad\xcfq\xc7\xf0\x0c\
\xc1x\xe5d\x9fs\xc4\x020\x90\xa7.\x00+j\x96\
\xc8\xe7d\xfa?\x5c\xb6\xda-\xd8\xa9V\xa3\x1c{)\
F[\x7f\x00RI\xeeH\xa2\xce\x5c#\x89\xdd\xf3\x7f\
\x89L\xe3\xd9H?\xf8Rd\xef\x9d\xd6\xe1iBs\
\x91\x87\xc3s\x19@\x81V\xad\xef\xa3yG\xfa\x9c#\
\xcf\x00\xb88\xa3\xa6\x89|\x8c@H\xe7\x1e\xe1\x8e!\
<\xb6\xd78\x0e#\xad\xdf\x06\xa9\x18w\x14\xe1\x11R\
Qt\xcf\xbb\x11\xd9\xc1\x17sG\x11\x1e\x8b>\xf2\xc7\
0]\x06PTqN?\xd2'\x1c\xb1\x00\x10a\xd2\
E\x04A\x91+>\x83\xb2=\xc8\x1dCx\xa8)q\
\x1c\x96\xce\xf9w(\x15\xa2#.\x04\x00\x80\xcc\x08\xb2\
\x9f\xf8oTN\xf4\xf6DA\xc1\xcb\xe8\xef\x81\xb5i\
\x03w\x0c\xcf(u\xe4\x03\xfc&[\x03\xf0\x92\x1af\
\xf15\x99\xfe\x0f\x97Tl\x05\x96\xce\xbd\x18JE\xb8\
\xa3\x08.V\x04\xb9O|\x1e\xf6\xb1\xc7s'\x11\x1e\
\x8a<|\x1fw\x04\x0f\xa9#\x8e\xe1\x13\x16\x80\xeeQ\
\x9a\x8d\x90\x5c\xff'Y\xfd\x1f*\x89\xe8b\x1c\xd5\xf1\
\x9f0T\x9c;\x8a`F\xb18\xb2\x17\x7f\x09\xce\xa2\
\xa5\xdcQ\x84G\xa2\x8f\xfc14'\x04\x12h\xf5\xfa\
]4\xe1\x0eh\x13\x16\x80(\xf0R\x00S:P@\
w\xf9\xd2&T\x9ca\xee\x18\xc2\x03\x11\xab\x15\xcb\xe6\
~\x1a\xa6JpG\x11>A\xa9\x06d/\xf9*\xdc\
\xb6\xd0\x1cw\x12j\xc6P?\xacm\x9b\xb8cxE\
\xb9\x11\xe7\xd4\x89\xfep\xc2\x02@8\xf2\xb5\x83 \x19\
\xcd?\xc1\x1dAx\xc0T\x09\x1c5\xf7\x12D\xad\xd9\
\xdcQ\x84\xcf\xb8\xad\xed\xc8~\xeaK\xa0\xb8\x14\xc30\
\xb0\x9e\x08\xcf\x8c\xaf\x22\x9ap,\x9fx\x0d\x80\x81\xc3\
w\xcc\x08\xa8\xd1\x82\x14\x80\xa0SPX2\xe7\xe3H\
D\x17sG\x11>\xe5,Y\x8e\xdc\xc7\xfe\x0b0\xe4\
\xec\x87\xa0\x8b<\xf1\x17\xee\x08\xde\xa1\x89\xd7\x01\x8c\xfb\
\x93\xbe\x89(\x06B(V\xc68N\x06\xf9R\xa8\xf6\
\x88\x0e\xa5\x8eYoGS24GZ\x88*UN\
>\x15\xc5s\xdf\xc3\x1dC\xd4\x99\xb9y#Tf\x84\
;\x86WNZ\xbf\x9e\xa2\xe3\xfd\xc1\xb8\x05`\xd6(\
N\x00\x10\x8a\x1b\xa3G\x0aO\x80\x10\x9a\xfbBC\xa9\
9y\x0a\xe6\xb6\x9c\xc3\x1dCh\xa2p\xce\xbbQ9\
Y\xf6\x08\x082\xe5\xba\x88\xac{\x9c;\x86W\xe2\xce\
\xac\xca\x9a\xf1\xfe`\xdc\x02\xe0\x1axa}\xf3\xf8\x87\
L\xff\x07[,\xd2\x81\xc5\xed\x17B\x85c=\xab\xa8\
\x05\xc3@\xee\xdf.\x853\xb7\x93;\x89\xa8\xa30]\
\x06P\xca\x1cwL\x1f\xb7\x00(\xc2\x0b\xea\x1b\xc7\x1f\
\x08\x84\xd1\xc2Z\xee\x18\xa2N\x942\xb1\xb8\xfdB\x98\
\x86l\xf1+\xa6\x87R\x8d\xc8\x7f\xfc2\xc0\x92M\xa2\
\x82\xcaz\xf2\xaf!\xda\x15\x90\xc6\x1d\xd3\xc7_\xed\xa2\
\xc21\x03\x90/m\x86\xed\x84\xe6:P\xe8t\xccz\
\x07R\xb1\xe5\xdc1\x84\xa6\xece+P\x90\xf5\x00\x81\
e\xa4\x87`n\xdf\xcc\x1d\xc3\x13\x8a\xd4\xd4f\x00\x06\
\x07\xa9\x09@(^5e\xfa?\xb8\x1a\xe2+1\xb7\
\xe9\x1f\xb9c\x08\xcd\x15\xcf~\x17\xecU'p\xc7\x10\
u\x12\xf9[X\xce\x7f\xa1\x95\xcf\xf4S\xe3\xa1\x1f=\
\xac\x00\xb8Q\x9c8\xde\xc7\x83h4/\xd3\xffAd\
\xaa\x04\x16\xb5_\x08\xa5B\xf1c,\xea\xc90\x90\xfb\
\xf0\xa7e\x7f\x80\x80\x8a\xac}\x8c;\x82W\x0c\xbbl\
\x1fw\xd8\x07\x0f\xfd\x00!\x1c\xb7\xff\x11U\x90/\xcb\
\xed\x7fA\xd4\xd1\xfaN\xc4\xacv\xee\x18\x22 \xdc9\
\x1d(\xbe\xe3_\xb8c\x88:\xb06m\x04\xec\x0aw\
\x0co\x18\xc6aSY\x87\x15\x00C\x85\xa3\x00\xe4J\
\x9bA\x14\x92o|\x88\xa4b\xcb\xd1\xde\xf8\x1a\xee\x18\
\x22`\x8ag\x9d\x03{\xc5j\xee\x18\xa2\xd6*e\x98\
[C\xb2-0\xd1ac\xfbaK\x5c\x89\x10\x8a\x0b\
^\xd9\xd2\xb3\xdc\x11D\x8d)\x15\xc1\xc2\xf6\x8f\xc8\xd4\
?\x00K\x01)\xcbD\xca2\xd1`\x9ah4M$\
,\x03\xa6R\xb0\x14\x101\x0c\x98P\xb8\x0b\x04\xe5\x02\
\x8a\x08\x06\xb9P\x00L\xc7\x85\xe58\xb0\xec\xfd\xffw\
\x5c\xa8\xd0\xac\x96\x9e\x80a \xff\xfeO\xa0\xe9\xd3\x1f\
\x08\xcf;\xc6\x90\x88<\xb3\x16\xce\xd1\xc7r\xc7\xf0\xc2\
\x91\x0b\x00\x11Y\x03Y\x84\xe2o\x22W\xd8\xc8\x1dA\
\xd4\xd8\xdc\xa6\xd7#\x11\x99\xcf\x1d\x83\x85\xa9\x14\x9a#\
\x16Z#&fG\xa3h\x8bZ0\xa6\xb0\xf5\x01A\
\x81\x0c\x00Pp\xc6&\x04\x0fy[\xa0\x00X\x15\x07\
\xb1J\x05Q\xdbF\xacl\x87\xb2\x108\x8b\x96\xa2t\
\xd6[\x10\xfb\xf5M\xdcQD\x0dY\xcf\xac\x03\xde\xf4\
\x0e\xee\x18u\xa7\x8057\x13\x99oS\xca\x19\xfb\xd8\
A\xff\xd4\x87\xb38\x06@\x08\xceH%d\xcb\xcfq\
\x87\x105d\x99\xcd\x98\xdb\xf2\x16\xee\x18\x9er\x88\xb0\
)\x9b\xc5\x0bZ\x1a0'\x16\x81\xa1\xea\xb3\xd9\x11\x01\
\xa8DLT\x22&\x00@\x11\x10\xabT\xf0\xc8\xf0\x10\
NiiA$D3.\x85s\xdf\x83\xc8\x9f\xfe\x00\
#=\xc4\x1dE\xd4\x88\xf5\xcc\xba}\xfb\x01\xd4\xe9\xdf\
\x8f_\x10\x908f/\x96\x03xf\xecc\x07\x15\x00\
\x07\x08\xc5E\xaebe\x0f\x1c'\xc3\x1dC\xd4PW\
\xeb?\x85f\xc3\x9f\x9eb\x11O\xa4\xd3\xd80\x9aA\
\xc1q0/>\xee6\xdfuC\x0a(F#\xf8\xf2\
\x96Mh4-\xbc\xa4\xad\x0d\xaf\x99=\x07K\x93\xc1\
\xff\xfb\xa7d\x0a\xc5\xb7_\x80\xe4\xff|\x9d;\x8a\xa8\
\x11\x95\x19\x81\xd1\xb3\x1bn\xc7\x02\xee(ug\xc0Y\
\x85\x89\x0a\x00\x80\x95\xde\xc6\xe1\x91\x93\xeb\xff\x81\x92\x88\
-Ak\xc3\xe9\xdc1\xeanw\xa1\x80\x87\x06\x06\xb1\
9\x9b\xf5\xcd\xe9\x15\x19\xc7\xc6o\xfbz\xf1\xdb\xbe^\
\xaclh\xc0;\xbb\x16\xe0\xf8\xc6&\xeeXuU>\
\xe3\xf5\x88\xfd\xee\x0e\x98;\xe4.\xa2\xa0\xb0\x9eY\x87\
r\x08\x0a\x00\xa0\x0e\x1a\xe3\x0f\x9a\xbbS!)\x00\x99\
\xc23\x93\x7f\x92\xd0FW\xcby\x81\xde\xeb\x7fG>\
\x8f\xebw\xec\xc4\xb5\xdbw`\x93\x8f\x06\xffCm\xcc\
f\xf1\xd9g7\xe2\x92g7\xe0\xe9Lpg\xd8\xc8\
0P\x90\xdb\x02\x03\xc5z\xe6i\xee\x08\x1e\xa1\x83\xc6\
\xf8\x83f\x00\x5c`ep_F\x0f\x90\x19\x80\xe0h\
\x88\x1d\x1d\xd8c~\xb3\xb6\x8d{\xfb\xfa\xb1nd\xc4\
\xb7\x83\xfex\x9e\xcedp\xc9\xb3\x1b\xf0\x82\x96\x16|\
x\xd1\x12\xb4E\xbc\xbdD\xe1\x85\xca\xc9\xa7\xc2Y\xbe\
\x12\xe6&YL\x1c\x04\xd6\xb3a)\x00\x13\xcc\x00\x10\
\x91\xa9\x80\xa3\xbc\x0f\xe4-\xc7\xcd\xa3T\xd9\xcb\x1dC\
\xd4H\xc7\xac\xf3\xb8#\xd4\x1c\x01\xf8[:\x8d+\xb7\
l\xc5Z\xcd\x06\xff\xe7{4\x9d\xc6G\xd6\xaf\xc5\xaf\
{{\xe0\x06\xed\xae\x01\xa5Px\xdb\x05\xdc)D\x8d\
\x98\xdd;\xa1\xf29\xee\x18\x1e\xa0\x15D\xf4\xf7q\xff\
\xef\xbf\xe8\x1f\xc5R\x84\xe0\x0e\x80be'\xa0\xedK\
\xaax\xbe\x86\xf8J4&\xc6=\xe6Z[\xa3\x95\x0a\
\xae\xdb\xbe\x03w\xed\xedA\xc9u\xb9\xe3\xccX\xdev\
p\xf5\xae\x1d\xb8\xe4\xd9\x8d\x18\xac\x94\xb9\xe3\xd4T\xe5\
\x84\x17\xc2>z\x15w\x0cQ\x0bD0wo\xe7N\
\xe1\x85\xe43=X8\xf6\x9b\xbf\x17\x00\x05\x1c\xcd\x93\
\xc7[\xf9\xd2v\xee\x08\xa2F\xe66\x07\xeb\xb0\x9fM\
\xd9,\xfew\xdbv\xec.\x14\xb8\xa3\xd4\xdc\x86l\x06\
\x17\xae_\x87\xc7\xd2i\xee(5U\xfa\xc7\xe0\xcd@\
\x85\x95\x11\x92E\x9d\x0e\xd9+\xc6~}\xe0\x12\x80\x81\
e<q\xbcU,\xef\xe4\x8e j \x16\xe9DS\
\xf2d\xee\x185\xe1\x12pO_\x1fn\xde\xb5\x1by\
\xc7\x99\xfc\x0b4\x95\xb1m|a\xf3\xb3\xb8v\xf7\xae\
\xc0\x5c\x12(\x9fr\x1a\x9c\xaeE\xdc1D\x0dX;\
\xb7rG\xf0\x04)c\xe9\xd8\xaf\x9f\x7f-`\xe9\xf8\
\x9f\x1e,\xf9\xf2\x0e\xee\x08\xa2\x06\xe66\xbf1\x10+\
\xff\x1d\x22\xdc\xbeg\x0f\x1e\x19\x1c\x0a\xc5\x85)\x02p\
{O7\xbe\xbce\x13\xca\x01\xb8\xc4\x01\xc3@\xe9\xac\
pm@\x15Ta\xb9\xad\xd3p\xdd\xc3\x0b\x00\xa90\
\xcc\x00\x90\xcc\x00\x04\x80e4\xa2-\xf5r\xee\x183\
V&\x17?\xdf\xb5\x1b\xcf\x04\xf8\x96\xb9\x89\xfc%=\
\x8c\xcb6=\x83\xbc\xad\xff\x8cG\xf9\x15\xaf\x05\xa5\x0e\
;j]h\xc6\xdc\xb1u\xdf\x8e\x80A\xa7\xd4\xdf\xc7\
\xfa\x03\xfb\x00P\xf0\x0b@\xd9\xee\x83C\xc1\xbb\xbe\x1a\
6\xad\x8d/\x872\xf4\xbe\xb5,g\xdb\xb8n\xfb\x0e\
l\xcb\x85a\xe5\xf1\xf8\xc6n\x17LW\xf4>\x5c\x87\
bq\x94_\xf6j\xee\x18b\x86T>\x0bc\xb0\x8f\
;F\xdd\x11\xd4\xc13\x00D\xa4\x00,\xe6\x0a\xe4\x15\
\x99\xfe\x0f\x86\xb6\x863\xb9#\xccH\xc9u\xf1\xb3]\
\xbb\xd1[,qGa\xb7\xb5\x90\xc7g7mD\xd6\
\xb1\xb9\xa3\xccH\xe9\xcc7pG\x105`\xee\x08\xc3\
:\x00:x\x06` \x8f\x0e\x00\x09\xb6<\x1e)H\
\x01\xd0^*v\x0c\x12Q}\xb7\xec\xb4]\xc2M\xbb\
v\xa3\xa7X\xe4\x8e\xe2\x1b;\xf2\x05|i\xf3s(\
\x93\xbek\x02\x9cEK\xe1,\x0f\xc5F\xaa\x81f\xed\
\xd8\xcc\x1d\xc1\x0b\x0d\x7f\xdbK\xed\xc0\xfe\x02\xa0l\xe8\
\xfb\x8a:\x0d\xc5\xf2.\xee\x08b\x86f7\x9d\xc1\x1d\
\xa1j.\x01\xbf\xe8\xee\xc6\xce|\x9e;\x8a\xef<\x9d\
\xc9\xe0k[6k}w@\xe9\x8c\xd7sG\x103\
d\xec\xdc\xc6\x1d\xc1\x131\xb72\x1f\xd8_\x00\x1c\x03\
\xa18D\xbdh\xcb\x0e\x80:3\x94\x85\xe6\xe4?p\
\xc7\xa8\xda}\xfd}\xa1\x5c\xf07U\x7fI\x0f\xe3\x86\
=\xbb\xb9cT\xad\xfc\xe2W\x00V\x84;\x86\x98\x01\
\xa3w\x0fw\x04\x8f\x18\x0b\x80\xb1\x19\x00\x15\x8e\x02P\
\xae\x04\x7f\x81G\x905&N\x80e\xa4\xb8cTe\
s6\x8b?\x0f\xca\x19\xf2\x93\xb9\xbd\xa7\x1b\x7fI\x0f\
s\xc7\xa8\x0a\xa5\x1aQY\x13\xccs)\xc2\xc2\xec\x0d\
\xc7\x9bD2\xd4\x81\x19\x00\x05t\xf1\xc6\xa9?\xc7\xcd\
\xc3q\xc3\xbb\xe2:\x08f\xa5N\xe3\x8eP\x95\xd1\x8a\
\x8d_v\xef\x0d\xc5}\xfe3E\x00\xae\xd8\xb6\x15}\
e=\x17H\x96_\x1c\xfcc\xa9\x83LeF\xa0\x0a\
\xc1\xbfDG\xe4\x1e(\x00\xa0\xe0\xcf\x00\x94my\xf7\
\xaf3\xa5\x22hN\x9d\xc2\x1dc\xda\x5c\x02n\xdf\xb3\
\x07\x85\x00\xef\xf0Wk\x19\xc7\xc67\xb7n\xd1r=\
@\xe5\x1f^\x0aX\xd6\xe4\x9f(|\xcb\xe8\xeb\xe1\x8e\
Pw\x06\xd4\x81K\x00\x08\xc1\x0c@\xc9\xee\xe5\x8e \
f\xa01\xbe\x12\xa6\xd2\xefF\x95\xc7\x86\x87\x03\xb9\xb7\
\x7f\xbdm\xc8f\xf0\xdb~\xfdJ;%\x1b`\xafX\
\xcd\x1dC\xcc\x801\x10\xfc\x02@\xc0\xf3f\x00\x80y\
\x8cY<Q\xae\xf4sG\x103\xd0\x948\x91;\xc2\
\xb4em\x1b\x0f\xf4\x0fp\xc7\xd0\xd6\x0d{va\xa8\
\xac\xdf\x09\x82\x95\x13\xf5]\xa8*\x00\xb3\xb7\x9b;\x82\
\x07h\x0ep\xa0\x00\xccaL\xe2\x89\x92\x5c\x02\xd0Z\
SR\xbf\x02\xf0\x87\xde>\x14]\x99\xfa\xafV\xdeq\
p\xdd\x1e\xfdn\xdd\xad\x9c\xf0\x22\xee\x08b\x06\x8c\xfe\
0\xcc\x16\xab}\x05\x80\x88\xa2\x00\x9a\x99\xd3\xd4]\xd9\
\x96\x19\x00]E\xad\xd9\x88G\xf4Z\xa6\xb2=\x97\xc7\
\xfa\xd1Q\xee\x18\xda\xfb\xe3\xe0\x006d\xf5\xbau\xd2\
Y\xb4\x14n[\xe0\xdfS\x05\x96\x11\x8a\x19\x00\xb4\xde\
Gd\x19C\x05\xcc\x01\x02p\xac\xda$d\x0d\x80\xbe\
\x1a\x13\xab\xb8#L\xdb\xfd\x032\xf5_\x0b\x04\xe0g\
\x1a\xee\x0d`\xaf<\x8e;\x82\xa8\x92\xd1\x1f\xfc5\x00\
\x00\x8c\xd9}h3\x5c\x0a\xfe\xf4?\x00Td\x0d\x80\
\xb6R\xb1c\xb8#L\xcb\xeeB\x01\xbbd\xb7\xbf\x9a\
y*3\x8a\x8d\xd9,w\x8ci\xb1\x8fY\xc3\x1dA\
T)$\x05\x00D\xe59\x86A\x98\xcd\x1d\xa4\xde\xc8\
-\xcb)\x80\x1a\xd3\xad\x00< \xef\xfek\xee\xd6\x1e\
\xbdvh\x93\x19\x00}\xa9\x5c\x16\xa8\xe8\xb7\xf8t\xba\
L\x18\xed\x86\x0b\xb4q\x07\xa9\xb7\x8a+\xd7bue\
\x1a)\xc4\xa3\xfa\x5c\xff\xef)\x16\xb15+\x1bN\xd5\
\xdac\xe94\xb6j\xb4A\x8b3\x7f1(\xd5\xc0\x1d\
CTIeC0f\x90j3\x14\xa1\x85;G\xbd\
9\xae^\xd3\x87\xe2\x80Tl\x19\x94FKT\x9eH\
\xa7\xb9#\x04\x12\x01\xf8\x83N\xfb\x02\x18\x06\x9c\xa5G\
s\xa7\x10U22\xc1/\x00Dh6@\xc1\xbf\x03\
\xa0\xe2\x04\xff\x9b\x19T\x89\xe8b\xee\x08S\xe6\x10a\
\xe3\xa8^+\xd6u\xf2\xc0\xe0 *\x1a\x1d\x19l/\
\x5c6\xf9'\x09_R\xa3#\xdc\x11\xea\x8e\x94j1\
\x5c#\xf8\x05\xc0q\xe4EYW\xf1\xc8B\xee\x08S\
\xb6)\x9bE^\xb6\xfc\xad\x9b\x8cc\xe3\xf1\x11}^\
\x98\xddEK\xb9#\x88*\xa9\x8c>?g\xd5R\xe4\
6\x87\xe2\x12\x80\xedJ\x01\xd0U2\xba\x88;\xc2\x94\
=\x95\x0e\xfe\x8b\x06\xb7\xfb\x06\xf5Y`\xe9,\x90\x02\
\xa0+#\x04\x05\x00J\xb5\x18\x08\xc1&@R\x00\xf4\
\xa4\xa0\xb4Y\x00Xq]l\xcd\xc9\xe2\xbfz{<\
\x9dF\xd9\xd5\xe32\x80\xb3`1\xa0\xf4Y\xbf\x22\x0e\
\x08\xc7\x0c\x00Z\x0c(4r\x07\xa97[.\x01h\
)b\xb5B\xa9\x08w\x8c)\xd9U(\xc0\xd1\xf0\xf4\
:\xdd\x94\xc9\xc5\xb3\x9a\xec\x09@\xb18\xdc\xe6Y\xdc\
1D\x15T\x18\x16\x01*4\x19 $\xb9\x83\xd4\x9b\
#3\x00Z\x8aZ\xfa\xecQ\xb5#\xa7\xcf-j\xba\
[\xab\xd1-Z\xee\x9c\x0e\xee\x08\xa2\x0a!\x99\x01H\
\x18\x04\xe8w\xc6\xea4U\xa4\x00h)\xa6Q\x01\xd8\
.\x05\xc03k5Z\xa1-\x05@OaX\x03@\
@\xc2P\x08\xfe\x0c\x00\xb9%\xee\x08\xa2\x0a\x11\xab\x9d\
;\xc2\x94T\xc8\xc5\xdeR\x91;Fh<\x97\xcf\xa1\
\xa4\xc9:\x00wn'w\x04Q\x8d\x10\xfc{&\xa8\
\xa4\x81\x10\xcc\x00\x10U\xb8#\x88*D\xacV\xee\x08\
S2X*\xc3\x95\xeb\xff\x9eq\x5cB\xb7&/\xd0\
n\x8b\x1e?\xc3\xe2`\xca\xb6\xb9#\xd4\x9d\x82\x9b\x08\
E\x01p)\xf8\xdf\xcc \x8a\x18z\xacO\x1d,\x05\
\x7f\xdfp\xbf\xd9]\xd0\xe3l\x0fjl\xe2\x8e \xaa\
\xa0Bp\x16\x00\xa0\xc2Q\x00H\x0a\x80\x96LS\x93\
\x02P\x0e\xc3\x8b\x85\xbft\x175\x99\x01h\x0a\xfc6\
+\xc1d\x87b\xd68i\x00\xd0\xe3>\xab\x19\x90\x02\
\xa0\xa7\x88\xa1\xc7\xbb')\x00\xde\xdb\xa3I\x01\xa0\xc6\
\xc0o\xb3\x12H\xaa\x12\x8a1\xc32\x00\x98\xdc)\xea\
\x8d\x10\x8aof\xe0\x18\x86\x1e\xebSG*\xa1x\xb7\
\xe0+}e=\x16\xf6R\x83\x1e\xb3X\xe2\x10!\x98\
\x01P\x80\x19\x8a\x02\xe0\xca\x22@-\x19*\xca\x1da\
Jt\xd9\x99.H\x0a\xba\x9c\xb9`\x05~\x825\x98\
BP\x00(,\x05@\xee\x02\xd0\x93R\x16w\x84)\
\x91\x02\xe0\xbd\xbc&\x7f\xe7\x14\x91\x02\xa0#\x15\x8eY\
\xbdp\x5c\x02p\xe5\x12\x80\x96\x0c\xe8Q\x00t\xb9'\
=Hd\x06@\xd4U\x08f\x00\xb0\x7f\x06\xc0\xe0N\
Qw\xb2\x08PO2\x03 &\xa0M\x01\x88\xe8q\
\x19K\x1c\x22\x14\xb7\x01\xee+\x00B\x08!\x84\x08\x19\
\x03@\xf0\xdf\xbeh\xf2NR\x1cB\x93\x99\x9b\xa8!\
=\xdak\x09S\x93+\x97\xe1x'\x19<\xe1\x98\xb9\
q\x0c\x00\x9a\xcc\xa5UO\x97k\xc9\xe2`\xba\xac\xdd\
\x88I\x01\xf0\x9c6\x05 \x1c\xd7\x92\x83\xc7\x0c\xc5\x98\
\x11\x8e\x02\xa0\xcbjrq0]6p\x92\x19\x00\xef\
%5\xf9;\x0f\xc9j\xf2\xc0\xa1h(f\x00l\x03\
\xd0\xe4m\xd6\x0c\x18JV\xe2\xea\xc8%=\xa6O\xa5\
\x00xO\x9b\x19\x00\xb9\x04\xa0\xa7\x10\xcc\x00\xa8\xfd3\
\x00\xc1_\x03\x10\xfc;\x1d\x03\xc9q\xb3\xdc\x11\xa6\xa4\
Y\xee\xf5\xf6\xdc\x9cX\x8c;\xc2\x94\xa8l\x86;\x82\
\xa8F\x08\xfeM\xd3\xfe\x02\x10\xf89*C.\x01h\
\xc9v\xf4x\xf1l\x8b\x85b\xba\xd0W\xe6\xc7\xe3\xdc\
\x11\xa6\xc4\xc8\x8cpG\x10U\xa0p\xec\xdf`\x1b\x00\
\xf48Ws\x06\x94\x5c\x02\xd0\x92.3\x00m\xe1\xb8\
^\xe8+\x9d1=\x0e1U\xd9Q\xee\x08\xa2\x1aV\
(\xde4\xe6CR\x00B\xf1\xcd\x0c\x1c[\x0a\x80\x98\
\xc0\xfc\x84&\x05 #\x05@K!\xb8\x04\x00P!\
\x1c\x05@n\x03\xd4R\xd9\x1e\xe4\x8e0%m\xd1(\
\x0c\xa5\xb8c\x84\x86i(t\xea\xb2\x06`h\x80;\
\x82\xa8\x02\x85`\x11 \xc1(\x18\x04\xe4\xb9\x83\xd4\x9b\
a\xea\xf1nA\x1c\xac\xe2\xf4sG\x98\x92\x88a\xa0\
S\x93k\xd2A\xb0\x22\xd9\xa0\xcd\x9d\x17f\x7f\x0fw\
\x04Q\x8dd\x8a;A\xdd)P\xdeP!\x98\x01\x88\
\x18r&\xb7\x8eJ\x15=\x0a\x00\x00,J&\xb9#\
\x84\xc6qM\xcd\xdc\x11\xa6\xcc\xe8\xdb\xcb\x1dAT\xc1\
ih\xe2\x8ePw\x0a(\x18P\xc1\x9f\x010\xa5\x00\
h\xa9l\xeb3}\xba8%\x05\xc0+\xc75\xea\xf3\
\xef\xd9\xe8\xef\xe5\x8e \xaa@\x8d\xfa\x94\xccj\x91B\
\xc1\x00!\xf0\xabT,\xa3\x81;\x82\xa8B\xc5\x19\x04\
\x91\x1ew\xa9.H$a\xca:\x80\xba\x8b\x1a\x06V\
4\xe8\xf1\xefY\x95\x8a0\xd2z\xacc\x11\x07\xa3\x94\
\x1e?c3\xa1\x08#\x06\x01i\xee \xf5f\x99\xc1\
\xfff\x06\x11\x91\x83be\x0fw\x8c)\xb1\x0c\x85\xa3\
R\xc1\xbfn\xc8\xed\x94\xe6\x16D\x94&\xd7\xffw\xef\
\x00\xe4\xa8h-QS\x0bw\x84\xbas\x15\xd2\x06\x14\
\x02\xbfS\x85\x5c\x02\xd0W\xa1\xbc\x8b;\xc2\x94\xadi\
\x09\xfe\xb4!\xb7\xd3\xdbfsG\x982c\xe7V\xee\
\x08\xa2J\xd4\x18\x825\x00Di\xc3p\x83_\x00\xe4\
\x12\x80\xbe\x8a\xe5\x1d\xdc\x11\xa6lyC\x03\x92\xba\xec\
Q\xaf\xa1F\xd3\xc2\xc9\xcd\xfa\xbc33wo\xe7\x8e\
 \xaaDaX\x04\xa8\x8c\x11\x83\xc20\x03`\xca\x0c\
\x80\xae\xf2\x15}\x0a\x80\xa9\x14V6\xc9\xcfZ\xbd\xbc\
\xbcm6,\x8d\xd6Y\x982\x03\xa0\xad0\x14\x00\xd7\
\xa5\xb4\x81\x10\xac\x01\x88H\x01\xd0V\xbe\xf8\x1c\x00\xe2\
\x8e1e'\xb6\xe8\xf3\x0eU'\x0a\xc0\xab\xda\xdb\xb9\
cL\x1d\x11\xacM\x1b\xb9S\x88*\xb9a\xb8\x04\xa0\
\x906\x0c\x85!\xee \xf5f\xca%\x00m\xd9n\x0e\
\xc5\x8a>\xf7R\xcf\x8b\xc7\xb1\xacA\x16\x03\xd6\xda\x0b\
\x9agaIB\x9f[-\xcd=;\xa0rz\x1cf\
%\x0eG\xa9\xe0\xbfiT\x06\x0d\x1b\x0e\xd0\xc7\x1d\xa4\
\xdeL#\x05S\xc9n\x80\xba\xca\x97\x9e\xe5\x8e0-\
/\x9d\xad\xcfB5]\x9c\xdb\xd1\xc9\x1daZ\xacg\
\xd6qG\x10U\xa2d\x0a\x14\x8a\x9d\x00\xdd>C\xa9\
\xe0\x17\x00\x00\x88F\xe4EYW\xd9\xe2s\xdc\x11\xa6\
e~\x22!;\x03\xd6\xd0\x09M\xcd8F\x93{\xff\
\xc7\x98\xcfm\xe0\x8e \xaa\xe4\xce\x9e\xcb\x1d\xc1\x13\x15\
D\xfb\x8c\xd9I\xf4C\xa7\x8b\xacU\x8aX\x1a]?\
\x14\x07\x19-<\xc5\x1da\xda^\xd6>\x1b\xfa,W\
\xf3/\x05\xe0\xbc\xce\xf9\xdc1\xa6\xcdZ\xff\x04w\x04\
Q%wN\x07w\x04/\xb8\xcf\xce\xc5\xa0\xa1\x94\xaa\
\x00\x18\xe6NSo1)\x00\xda*\xdb}(\xd9z\
\x1d\xaa\xb2(\x99\xc4\xaa\xe6\xe0/$\xaa\xb7\xd3g\xb7\
c\xa5n\xef\xfe\xf7\xec\x80)g\x00h\xcbm\x9f\xc7\
\x1d\xa1\xee\x140\xf86\xa5\x9c\xb1-\xb5\x02\x7f\x19 \
*\x05@k\xa3\xf9'\xb9#L\xdb\xab\xe6\xccA\xdc\
\x90}\x01\xaa\x95\xb4L\xbc[\xc3w\xff\x91\xa7\x1e\xe5\
\x8e f\xc0i\x0f\xfe%\x00\x82\xea\x03\x80\x10\x15\x80\
9\xdc\x11\xc4\x0c\xe8x\x19 eYxy\xbb\xac=\
\xa9\xd6{:\x17\xa05\x1a\xe5\x8e1m\xd6\xda\xc7\xb8\
#\x88\x19\x08\xc7\x1a\x00:\xa8\x00\xecfL\xe2\x09\x99\
\x01\xd0[\xa6\xb8\x16.\x95\xb8cL\xdb\xc9\xb3fa\
AB\xee@\x99\xae\xd5\x8d\x8dxM\xbb~\xa5]\x15\
\x0b\xb0\xd6\xfd\x8d;\x86\x98\x01\x0a\xc1\x1a\x00\xb5\x7f\xcc\
7\xf6\xffN\x0a\x80\xf05\xd7-a4\xaf\xdf\x0b\xab\
\xa1\x80\xb3\xbb\xba\x90\x90-\x82\xa7\xac\xc9\x8a\xe0?\x96\
\x1e\x05C\xa3]\xff\xc6D\x1e\x7f\x18\xaa\xac_Q\x15\
\x078s\x82\xbf\x06\x00\xa0]\xc0\xfe\x02@\x04=\x8e\
\x5c\x9b\x81\x88\xd9\x0ce\xe87\x9d(\x0e\x18\xce\xfd\x99\
;BU\x9a\x22\x16\xde\xdc\xd9)w\x05L\x81\xa1\x80\
\x7f_\xba\x0c\xad\x11=\xff\xadF\x1e\xbe\x8f;\x82\x98\
\x01\x8a\xc5A\x8d\xc1?\xd4\xcbU\xc6\x81\x19\x00#\x04\
\x97\x00\x00\x85\x98\xa9\xdf\x94\xa28`$\xff8\xc8-\
s\xc7\xa8\xca\xb2\x86\x14^\xdc\xd6\xc6\x1d\xc3\xf7\xce\x99\
\xd7\x85\x93\x9a\xf4|\x01V\xc5\x82,\x00\xd4\x9c;7\
\xf8\xd3\xff\x00\x00\xf5\xbc\x19\x00\xb8a(\x00@<\xaa\
\xdf\x8abq\x80KE\xa4\x0b\xfa\xbe\xc0\x9e>\xa7]\
\x0e\x0b:\x82\x17\xb5\xcc\xc2?uvq\xc7\xa8Z\xf4\
\xaf\x7f\x82*\x15\xb9c\x88\x19p\xe6/\xe1\x8e\xe0\x09\
\xc3v\x0f\xcc\x00\x90\x05}\x0e]\x9f\x81Dd!w\
\x041C\x83\x99{\xb9#TM\x01xsg'\x96\
\xa6\x82\xbf\xcd\xe8t\xadnl\xc2'\x97\xe9y\xdd\x7f\
L\xf4\xde;\xb9#\x88\x19r\x16,\xe6\x8e\xe0\x09\xcb\
\x88\x1c(\x00\xb3\x93\xe8\x01P`M\xe4\x81Dt\x01\
w\x041C\xa3\x85\xb5(\xdb\xbd\xdc1\xaaf*\x85\
s\xe6wa^<\xce\x1d\xc57\x16%\x13\xb8\xf4\xa8\
\xe5\x88(c\xf2O\xf6)\xb3o/\xac\x0d\xfa\xdd\xaa\
*\x0e\xe6.\x5c\xca\x1d\xc1\x0b\x99\x15\x9dj\x00\xd8_\
\x00\x94R\x04`\x1bk$\x0f\xc4\xa32\x03\xa0?\xc2\
`\xe6~\xee\x103\x123\x0c\x9c\xb7`>\xe6J\x09\
\xc0\xd2d\x12_\x5c\xbe\x12)\xd3\xe2\x8e2#\xd1{\
\xef\x02(\xf0;\xaa\x07\x9e\xbd0\x0c\x97\x00\xd4\xd6\xb1\
_\x1d\xa8\xdc\x0a[\xc7\xfd\xdc\x00\x89Y\x1dP*\xc2\
\x1dC\xcc\xd0@\xf6n\x109\xdc1f$eYx\
\xcf\xe2\x85\xa1\xbe\x1c\xb0\xba\xb1\x09_:\xfaX4G\
4\xff7iW\x10\x93\xe9\x7f\xedQ,\x0e\x9a\xa3\xd7\
\xa9\x93\xd5\xa1-c\xbf\xfa{\x01P\x84-\xe3\x7fr\
p(e \x1e\xd1w\x91\x91\xd8\xa7b\x0fa8\xf7\
0w\x8c\x19\x8b*\x03o_0\x1f\xc7\x86pa\xe0\
\x8bZf\xe1\xb2\xa3W i\xe9\xbf?B\xf4\xc1{\
\xa0\x86\x07\xb9c\x88\x19r\xba\x16\x82\x0c}/CM\
\x95\xa2q\x0a\x80\x8b\xe0\x17\x00\x00H\xc8e\x80@\xe8\
\x1b\xfd5w\x84\x9a0\x95\xc2\x9b;\xbbpj[[\
(\xf6\x090\x14\xf0\xd6\x8e.|z\xd9\xd1\x88j|\
\xcd\xff\xf9\xe2w\xde\xc2\x1dA\xd4\x80\xbbh\x19w\x04\
O\xb8\xca\x18\xe7\x12\x80\x11\x8e\x02 \xeb\x00\x82!_\
\xda\x8al1\x18g\xae\x1b\x0a8cN;\xde\xb9p\
\x01R\x96\xde\xd7\xc2\x8f\xa4\xc9\x8a\xe0\xb3G\xad\xc0\xf9\
]\xf3a\x04\xa4\xedX\xeb\x1e\x87\xb9}3w\x0cQ\
\x03\xce\xfc\xc5\xdc\x11<\xe2\x8eS\x00l<\xc7\x92\xc5\
cr'@p\xf4\x8c\xdc\xc1\x1d\xa1\xa6\x96\xa4R\xf8\
\x97\xc5\x8b\x03yv\xc0\xea\xc6F\x5c\xb1j5Nn\
n\xe1\x8eRS\x89;~\xca\x1dA\xd4\x88\x13z/\
\xfb\x8e\x00\x00 \x00IDAT\x8e;\x00`\xc2z\
v\xec\xd7\x7f/\x00\xedM\xd8\x06 \xf0\xbbX$\xa3\
\xe1\xf8&\x87\xc1h\xfe\x09\xe4J\xc1\xea\xadM\x11\x0b\
\xef^\xbc\x08o\xea\xe8@2\x00\xe7\x07\xa4L\x0b\xef\
_\xb0\x08_<z\xa5\xb6\xdb\xfbN\xc4z\xf6iX\
\xeb\x1e\xe7\x8e!j\xc4Y|\x14w\x04/\xe4Wv\
\x1c\xd8\xf7\xe7\xc0\x22@\xa5\x1c\x05l\xe2\xc9\xe4\x9d\x88\
9\x0b19\x18(0\xba\xd37sG\xa89\x05\xe0\
\xb8\x96f|p\xd9R\x9c\xd4\xd2\xa2\xe5\xda\x00\x05\xe0\
\xf4\xb6\xd9\xb8r\xf5qx\xe3\xdcyZo\xf03\x91\
\xc4\xcf\xaf\xe1\x8e j\xc4\x9d\xd7\x05\xb7\xa5\x95;F\
\xdd\x11\xd43J)w\xec\xf7\xd6\xc1\x7f\x88\x8d\x00\xd6\
x\x9e\xcac\xc9\xf8\x0a\x94\xb2\xfd\xdc1D\x0dd\xf2\
O\x22Wz\x16\xa9\xd8\x0a\xee(5\x974M\xbc\xae\
c\x1e\xd6\xb44\xe3\xfe\xfe~l\xcf\xe5\xb9#M\xc9\
\x09MM8\xafs\x01V64pG\xa9\x1bk\xe3\
ZXO\xebw:\xa5\x18\x9f\xbd\xfcX\xee\x08\x1e\xa1\
\x8d\xcf\xff\xdd\xa1+\x8e6\x22\x04\x1abGc8\xfb\
 w\x0cQ#{\x06\xaf\xc3\xd1\x9d\xff\x0f\xd0\xf2\xbd\
\xf2\xe4\x16$\x12x\xd7\xc2\x85\xe8)\x16\xf1\xd0\xe0 \
\x9e\x19\xcd\xc0\x8f[\xce\x9c\xd0\xd4\x84wv.\xc01\
\x01\x1e\xf8\x01\x00DH\xfc\xf4\x7f\xb8S\x88\x1a\xb2W\
\xac\xe6\x8e\xe0\x115q\x01 `c0_B\x0f\x16\
\xc4w\x8ba\x96-=\x87\xe1\xdc#\x98\x95:\x95;\
J]\xcd\x8b\xc7qNW\x17z\xdb\x8ax\x22=\x82\
\x0d\xa3\xa3\xc8;\xbc\x1b\x225Z\x16^\xde:\x1b\xaf\
jo\xc7\x92D\x925\x8bW\xa2\x0f\xdd\x03\xeb\xd9\xa7\
\xb9c\x88\x1a\x0aO\x018\xc2\x0c\x80\x09<\xed\x22\xf8\
\x12\xd1\xc50\x8c\x18\x5c\xb7\xc4\x1dE\xd4\xc8\x9e\xa1\xeb\
\xd1\x9c8\x19\x86\x11\xe3\x8eRws\xe3q\xbcv^\
\x1c\xaf\x9a;\x07\x9b\xb3Y\xac\x1b\x19\xc5\xe6\x5c\x16\xb6\
\xeb\xcd\xbc@\xd40pJs\x0bNo\x9b\x8d\x93\x9b\
[`\x05\xf0\xfa\xfeDT\xb9\x84\xc4\x8dWs\xc7\x10\
5D\xb18\xdc\x05a\xd8\x02\x18p\xc9\x5c\xff\xfc\xdf\
\x1fT\x00Z\x1b\xf0\xec@\x16E\x00\x81\xde\xa4\x5c)\
\x13\xc9\xe8\xb2\xc0\xdcG.\x80\xb2=\x80\xbe\xcc\x9d\x98\
\xd7\xfc\x16\xee(\x9e1\x95\xc2\x8a\xc6F\xachl\x84\
K\x84\xdeb\x09\xdb\xf29l\xcb\xe5\xb13\x9f\x87S\
\xa3\xbd\xe9\x0d\xa5\xb0$\x91\xc4\x09M\xcd8\xbe\xa9\x19\
\xc766\x04f\x13\x9f\xe9\x8a\xfd\xea\xe70\xfa{\xb8\
c\x88\x1ar\x8e>\x16\x14\x80;n\xa6 w\x5c\xe7\
\xc1\x0b\xfd\x0f*\x00J)\xbb\x7f\x94\x9e\x86\xc2)\xde\
\xe6\xf2^C\xech)\x00\x01\xd3\x93\xbe\x0d\xb3R\xa7\
\x22f\xcd\xe3\x8e\xe29C)t$\xe2\xe8H\xc4q\
j[\x1bl\x970X.a\xb0\x5c\xd9\xff\xff2F\
\xca\x15\x94\x89Pr\x1c\x94\x5c\x17e\xd7\x85\xa5\x14\x12\
\x86\x89\xa4e!e\x18\x88\x9b&\xe6Dc\x98\x9f\x88\
\xa3#\x16GW\x22\x81\xf9\xb18\xa2!\xd8\x22u2\
F\xcfn\xc4\xe5\xbe\xff\xc0\xb1\x8f\x0e\xc7\xf4?\x11\xd6\
=\xff\x0e\x00\xe0\xf0E\x80\x80\x81\xa7@\xc1/\x00\xc9\
\xf8\x0a`\x84;\x85\xa8%\xd7-ag\xff\x0f\xb1\xbc\
\xe3s\x08\xea\x82\xc0\xa9\xb2\x0c\x85\xb9\xf1\xf8\xfe\x13\x07\
'>k\xe0\x82.\xbd\x0fU\xf2R\xea\xaaoB\x95\
\xe5\xb2a\xd0T\x8e^\xc5\x1d\xc1\x1b\x0a\x87\x9dW}\
X\xad':\xfc\x93\x82\xa8!v4\xc2>H\x04Q\
\xa6\xf84\x86\xb2\x7f\xe2\x8e!\x02&z\xff\xff\xc9\xa6\
?Ad\x18p\x8e\x0e\xc9-\x80JM^\x00@x\
\xd2\x930\xcc,\xb3\x19\x89\xe8\x22\xee\x18\xa2\x0ev\x0f\
]\x0b\xdbIs\xc7\x10\x01a\xa4\x87\x90\xbc\xee\xfb\xdc\
1D\x1d\xd8\x8b\x8f\x0254q\xc7\xf0\x86\xebN^\
\x00\xcc\x0a\x9e\x02\x10\x86\x9b\x01\xd0\x948\x9e;\x82\xa8\
\x03\xdb\x19\xc5\xb6\x81\xef\x01\xbe\xbc[^h\x85\x08\xc9\
\x1f~\x15*#\xd7\x0b\x83\xa8r\xc2?pG\xf0\x8a\
\x1b\x89Z\xeb\x0e\xfd\xe0a\x05\xa0\xadM\x8d\x02x\xf6\
\xd0\x8f\x07Q\xa3\x14\x80\xc0\xca\xe4\x9fD\xff\xe8\xef\xb9\
c\x08\xcd\xc5~w;\x22\x8f?\xc2\x1dC\xd4\x89}\
\xfc\x0b\xb8#x\x82\xa06\x1c\xd3\xae2\x87~|\xdc\
\xa5\xbdD\xf8k\xfd#\xf1k\x8c\xaf\x0c\xc5}\xe3a\
\xb5g\xf8z\x14+{\xb8c\x08M\x99\xbb\xb6#\xf1\
\x13\xd9\xf1/\xa8(\x91\x84\x1d\x92\x05\x80\x06\xe8/\xe3\
\x7f|\xbc\x0f*<Z\xdf8\xfe\xa0T\x04\x0d\xf1\x90\
,\x00\x09!\xd7-ak\xefW\xe1P\x81;\x8a\xd0\
\x8c*\x16\x90\xfa\xd6\xe7d\xd5\x7f\x80\xd9\xabN\x04\xac\
\xc3o\x84\x0b&5\xee\x98>\xfe\xcd\xbdF8f\x00\
\x00\xa0).\x97\x01\x82\xacX\xd9\x83\x9d\x03?\xe4\x8e\
!tB\x84\xe4\x95\x97\xc3\xdc\xb5\x9d;\x89\xa8\xa3\xca\
\x09/\xe4\x8e\xe0\x1dr\xc6\x1d\xd3\xc7-\x00mI<\
\x05 \x14\xd5\xb7)y\x02w\x04Qg\xc3\xd9\x87\xd0\
?r'w\x0c\xa1\x89\xf8\xafoB\xf4\xe1\xfb\xb8c\
\x88:\xab\x1c\x1f\xf8\xedn\xc6\x14\x0b\x9d\x91q\x0f\xaf\
\x18\xb7\x00(\xa5\xcaP\xe1\xb8\x1d0\x1e\x99\x8f\xa85\
\x9b;\x86\xa8\xb3\xdd\xc3\xd7#S\x5c?\xf9'\x8aP\
\xb3\xd6=\x8e\xf8\x8dWq\xc7\x10u\xe6\xcc\xed\x84;\
o>w\x0c\xaf<~\x8aR\x95\xf1\xfe`\xe2\xfd=\
]\x84\xe6\xbc\x5c\xb9\x1b \xf8\x88\x1cl\xed\xbd\x1c\x85\
\xf2N\xee(\xc2\xa7\xcc\xdd\xdb\xd1\xf0\x8d\xcfA1\x9f\
\xb0(\xea\xcf\x0e\xd3\xf4?h\xc2\x9d\xd1&,\x00\x0a\
\xe1)\x00-\xc9p\xdc\x0a\x12v\x8e\x9b\xc7\x96\xde\xaf\
\xc8&A\xe20*3\x82\x86\xcb/\x85\xca\x1dv\xa7\
\x94\x08\xa0\xca)\xa7qG\xf0\x0c)5\xe1X>a\
\x01(\xef+\x00\xa1\xd8I\xa5)q<L#\x1cg\
\x99\x87]\xd9\xee\xc3\x96\xde\xaf\xcaQ\xd0\xe2\xefT\xa9\
\x88\x86/]\x0c\xa3g7w\x14\xe1\x01J5\xa2\xb2\
\xfaD\xee\x18^q\x0d\xdb\x9cp#\x8b\x09\x0b@g\
\x93\x1a\x00\xf0L]\x22\xf9\x8cR\x114'C\xb3 \
$\xf4r\xa5\xe7\xb0\xb5\xefr\x10\x8d{YL\x84\x89\
]A\xea\x1b\xff\x05ks(^\xea\x04\x80\xca\x0b_\
\x0aX\x11\xee\x18\xdeP\xea\xe9U\x0b\xd4\xd0D\x7f<\
\xd9\x19\x9f\xe1\xb9\x0c\x90z1w\x04\xe1\xa1\xd1\xc2Z\
l\xeb\xfb&\x88\xe4zoX)\xd7E\xc3\x15_D\
\xe4\x89q\xf7H\x11\x01Uz\xd1\xcb\xb9#x\xc7\xa5\
#\x8e\xe1G,\x00J\xe1\x81\xda\xa6\xf1\xaf\xe6\xc4\x09\
0U\x82;\x86\xf0P:\xff(v\x0c|\x0f\x14\x8e\
+]\xe2\xf9\x5c\x17\xc9\xef\xfe?D\x1e\xf9#w\x12\
\xe1!J5\xc0>\xeed\xee\x18^:\xe2\xd1\xa8G\
,\x00\xa4pom\xb3\xf8\x97R\x114\xa5B\xf5\x83\
!\x00\x0ce\xff\x84\xdd\x03Ws\xc7\x10\x1eK\x5c\xf7\
}D\x1f\xbc\x9b;\x86\xf0X\xe5\x94\xd3\xc23\xfd\x0f\
\x90\x8a\x98\x7f<\xd2'\x1c\xb1\x00\xb4\xa7T7B\xb2\
\x0e\x00\x90\xcb\x00a\xd5\x9f\xf9=\xfaG\xff\x8f;\x86\
\xf0H\xecww ~\xd7\xad\xdc1\x04\x83r\x88\xa6\
\xff\x15\xd4\xd3\xab\xe6\xa8\x9e#}\xcedk\x00@\xc0\
=\xb5\x8b\xe4o-\xf1\x13a\xa88w\x0c\xc1`\xf7\
\xf0u(\xdb}\xdc1D\x9d\x99}{\x91\xbc\xfe\x07\
\xdc1\x04\x03J\xa6P\x09\xc9\xe9\x7f\x00@p'\x9d\
\xe2\x9a\xb4\x00\x18\x14\x9e\x02\xa0\x8c(\x9a\x93r\x19 \
\x8c\xc8-\xa3{\xf8\x16\xee\x18\xa2\xceb7\xfd\x08\xa8\
\x94\xb9c\x08\x06\xe5SN\x03\x22Q\xee\x18\x9e!\xa5\
&\x1d\xbb'-\x00\xa6\x83\xfb\xfe\x7f{w\x1e%Y\
Y\xdf\x7f\xfc\xfd\xbd\xf7VWwWu\xf5\xbe\xce\xc2\
,\x8c\xb3\xf4\xf4\x0c\x0c\xa0f (\xc4\x9f\x04\x04q\
AA\x22\xe0\x12@P\x892\x22h4F\x12I\x10\
\x8dq\x83\x1f\xb8c\x16\x15#\x044h$*?!\
\x1aY\xa2\xa00\x91\x1df\xa0{zfz\xa6\xb7\xaa\
\xea\xaa{\x9f\xdf\x1f3\x92\xa1\x9d\xa5\x97\xaaz\xee\xf2\
}\x9d\xc3\xe1x\xce\xf4\xbd\x1f\x87\xee~>u\xef}\
\xbe\x17H\xcc\xa3\xd2\xad\xd9\xe3lGP\x96\x8cL\xdc\
I\xbe\xa4{\xc1\xe3\xca}\xe6I\xbd\xef\x9f`\xa5\x8d\
'\xda\x8ePK\xe5\xfa:\xf7\xa0\x0f\x00\xc2\x0c\x0a@\
k\xab\xecB\xb8\xaf2\x99\xc2\xaf\xb9a\x03)\xb7\xd5\
v\x0ce\x811\x01;\xc7~b;\x86\xaa\x92\xf4\x8f\
\xff\x0d\x09\x02\xdb1\x94\x05AK[\xc2\xc6\xff\xf2_\
+\xdae\xf4P\x7f\xe8\x90\x05\x00\x00\xc3\xed\xf3\x8e\x13\
\x11\x22.m\xd9\xe3m\xc7P\x96\x8cN\xdek;\x82\
\xaa\x12\xef\xbe\x03\x0eDS17u\xc2)\x18\xd7\xb5\
\x1d\xa3f\x0c2\xa35{F\x05@\x02\xfem~q\
\xa2\xa5\xbd)Q\x97\x8a\xd4>\xf2\xa5-\x14\xcb\xc3\xb6\
c\xa8\x0as\xb7=\x87\xfb\xac\xbe\x08*\x91D(\x9e\
x\xb2\xed\x145\xe5\x18\x7fFk\xf6\x8c\x0a@{\x8e\
{\x81\xa1y%\x8a\x90\xfa\xd4\x022\xe9\x95\xb6c(\
K\xa6J\x07\xdd9\xa3\x22\xc8yN\x9f\xedH\xaa\xd2\
\xeauIz\xf5/\xc0sk\xfaR\xbf\x9c\xc9\x1f\x9c\
\xd9\x15\x00\x91\xc0\x18\x12\xb5Q\xba#\xf7G\xb6#(\
KJ\xfe\x88\xed\x08\xaa\xc2d\xd7\x01\xc7\xa1\xab\x98\x9b\
:\xf1U\xb6#\xd4\x94\x08\xb7\x8b\xc8\x8c\xc6\x9b\xce\xec\
\x19\x80\xbd\x07\x9d{\xa4\xe8i\xcdl\xd4\xd1\xc0\x09\xe5\
\xfb\xfaJ\xd8\xb8q\xc6\x0f\xf9<\x94\x8a!\xd3\x98\xa1\
\x94\xa0\xe1?{\xcdx\xad\x9eq\x01H\xf9\xfc\x00(\
\xcf)N\x049ROKf\xa3\xed\x18\xca\x02\xc7\xcd\
\xda\x8e\xa0*,\xc84\xd9\x8e\xa0,\x98\xdax\x22&\
\x9d\xa8\xe1n\xa5|\xda\xfd\xe1L\xff\xf0\x8c\x0b@K\
\x8b\x8c\x00w\xce)RDu\xe4\xf4a\xc0$\xd2m\
\xa0\xf1cZ\xdalGP\x16\x14\x13v\xf9\x1f\xf8\xd1\
\xd1m\xb2{\xa6\x7fx\xc6\x05\x00@\xe0\x96\xd9\xe7\x89\
\xaeLz%\x0du\x87\xd9\x8e\xa1j,\x9d\xea\xb2\x1d\
AU\x98\xdf\xd3g;\x82\xaa1\x7f\xc9\xe1\xf8+V\
\xdb\x8eQS\x82\xdc<\x9b??\xab\x02\x80\xcb\xcd\x90\
\xacw\xa7v5\x9fj;\x82\xaa\xa1\xb4\xd7C\xda\xeb\
\xb1\x1dCUX\xd0\xb30iO\x82'^\xe1\xd47\
\xda\x8ePk\x81\xa4\x9c[g\xf3\x05\xb3*\x00\x1d\x8d\
\xb2\x15C\xa2&\xa5\xb4e\x8e#\xe5\xb6\xd8\x8e\xa1j\
\xa49\x93\x9c\x97\x85$\xcd\xd4\x86\x97\xda\x8e\xa0j\xc4\
\xb4v0ul\xe2n\xe1\xfelM\xa7<7\x9b/\
\x98\xdd\x15\x00@`V\x97\x18\xa2N$EG\xee$\
\xdb1TM\x08\xed\xd9\xc4=1\x9c\x18S/\xffc\
\x10\xb1\x1dC\xd5@\xe1\xa4\xd3\xc1K\xd9\x8eQS\x22\
\xb3\xbb\xfc\x0fs(\x00$\xac\x00\x00t6\x9d\x848\
\xc9y\x8bTR\xb5f6\xd2P\xb7\xc4v\x0cU%\
\xfe\xd2\x15I\xdc\x12\x968&]O\xf1\x95\xa7\xdb\x8e\
Qs\xbe\xe3T\xbf\x00t\xe4d3\xf0\xab\xd9~]\
\x94yn\x8e\xf6\x8c\xbe\x1f \xceD\x5c\xfaZ\xcf\xb4\
\x1dCUY\xfe\xac\xb7\x83\xe7\xd9\x8e\xa1\xaah\xeae\
'a\x9a\x9am\xc7\xa8\xb5_\xac\xeb\x96\xc7g\xfbE\
s\xb9\x02\x80\x18\xbe1\x97\xaf\x8b\xb2\xae\xe6W\x03z\
\xf90\xae\xfaZ\xcf&\x9d\xd2'\xc5\xe3\xce\xef[L\
\xfe\xcc\xb7\xd9\x8e\xa1\xaaE\x84\xe2\xc9\xaf\xb3\x9d\xa2\xe6\
\x04\xf9\xe6\x5c\xbenN\x05\xc0I\xf1O$l7@\
}\xaa\x8f\x5c\xe3\x11\xb6c\xa8*h\xcd\x1e\xb7\xb7\xe0\
\xa9$(\x9c~6S'$\xeb\xe50IQ\xda\xf0\
R\xfc\x85Kl\xc7\xa85\x03\xce\xb7\xe7\xf2\x85s*\
\x00m\x0d\xf2\xb4\x81\xff\x9a\xcb\xd7FYWN\xb7\x04\
\xc6MK\xe31,\xe9x7\xa2Ww\x92C\x84\x89\
\x0b\xdeG\xe9\x98\xe3l'Q\x15Vx\xd5\x1blG\
\xb0\xe1\xae\xfe>\x99\xd3\xab.\xe7T\x00\x00D\x98\xd3\
%\x87(\xcb5\xac\xa31\xbd\xccv\x0cU!-\x8d\
\xc7\xb0\xa4k\x13\x22\xc9yO\xb8\xda\xcb\xf3\x18\xbf\xf4\
/\xb5\x04\xc4\x88\xbfb5\xe5\x81\xa3l\xc7\xa8=\x99\
\xdb\xe5\x7f\x98G\x01@\xf8\x16\xe0\xcf\xf9\xeb#I\xe8\
mI\xdcp\x89X\xca5n`i\xd7\xa58\xa2\x0f\
\x84%\x96\x97b\xfc\xd2\x8fj\x09\x88\x89\xfc\x1b\x13\xf9\
lG\xd98s\xbb\xfc\x0f\xf3(\x00\x9d\x19yV\xe0\
\x8e\xb9~}T57\x1eM&}\xb8\xed\x18j\x1e\
r\x8d\x1bX\xdeu\x19\x22\xc9\xda'\xac\xf6\xc3\xf3\xb4\
\x04\xc4@y\xf9JJ\xeb\x138\xc4\xcb\xf0\xfd\x81n\
\x19\x9a\xeb\x97\xcf\xfd\x0a\x00`\x84\xaf\xcd\xe7\xeb\xa3\xaa\
\xa75\x91\xf7\x99bA\x17\x7f\xf5{\xb4\x04D^\xe1\
M\xe7'r\xc8\x938\xf3[\x83\xe7U\x00\xc63\xdc\
\x0c\xec\x9a\xcf1\xa2\xa8\xb9\xe1(2\xe9\x15\xb6c\xa8\
Y\xd2\xc5_\x1d\x90\x96\x80\xc8*\xbf\xa8?\x99\x9f\xfe\
a\xa4n\xdc\xbdm>\x07\x98W\x01X*R\x00\xe6\
|\xff!\xca\xf4Y\x80h\xd1\xc5_\x1d\x92\x96\x80H\
\xca\x9f\xf5v\xdb\x11\xac\x10\xf8\xc6\x8a\x15R\x9c\xcf1\
\xe6U\x00\x00\x8cI\xe6m\x80\x5c\xe3\x91d\xeaW\xd9\
\x8e\xa1f@\x17\x7f5cZ\x02\x22\xa5\xbcrm2\
\x9f\xfc\x07p\x82y\xaf\xbd\xf3.\x00\x9dM\xdc\x0d\xfc\
v\xbe\xc7\x89\xa2\xbe\xe63lGP\x87\xa0\x8b\xbf\x9a\
5-\x01\x91\x91\xdc\xa9\x8e\xe6\xa1\xfe\x9e\xbay\xcf\xe2\
\x99w\x01\x10\x11\x83\xe1\x8b\xf3=N\x1455\x1eA\
&\xadW\x01\xc2\xaa\xa5\xf1\x18\x96u\xbd_\x17\x7f5\
{:' \xf4\xcak\xd6'\xf7\xd3?\xce\x17*r\
\x94J\x1c\xa4\x04_\x01\xe6u/\x22\xaa\x16\xb6\x9f\x87\
\xbe# |t\x9f\xbf\x9a7\x9d\x13\x10^\x22L\xbe\
\xf9\x22\xdb)l)\xa6p\xfe\xa1\x12\x07\xaaH\x01\xe8\
\xcb\xc9v\x12\xf8\x9a`\x80Lz\x05\xad\xd9cm\xc7\
P\xfb\xd0\xcb\xfe\xaab\xf4v@(M\x1d\xffJ\xfc\
\x15\xabm\xc7\xb0B\xe0\xa6\x95}\xb2\xbd\x12\xc7\xaaH\
\x01\xd8\xeb\x86\x0a\x1e+R\x16\xb4\x9e\x83\xe3\xa4m\xc7\
P\xe8\xe2\xaf\xaa@K@\xa8\x98\xbatb\x9f\xfc\x07\
\x10LE.\xffC\x05\x0b@g\x93\xfc\x18x\xb8R\
\xc7\x8b\x92:\xaf]_\x14\x14\x02\xba\xf8\xab\xaa\xd1\x12\
\x10\x1a\x85\xd3\xdfD\xd0\xd1m;\x86%f\xf3\xea^\
\xef\xa7\x95:Z%\xaf\x00\x80$\xf7*@O\xcbk\
I\xb9\xad\xb6c$\x96.\xfe\xaa\xea\xb4\x04X\x17\xb4\
uR<\xfdM\xb6cX#\xc6\xb9VDL\xa5\x8e\
W\xd9\x02\x90\xe7K\xc0hE\x8f\x19\x11\x8e\xd4\xd3\xd7\
\x96\xdcoL\x9bt\xf1W5\xa3%\xc0\xaa\xc2\x9f\x5c\
\x80I\xd7\xdb\x8ea\xcbX]\xbdS\xd1\xb9;\x15-\
\x00\x9d\x9d2f\xe0\xeb\x95<f\x94\xb4eO\xd0\xd7\
\x05\xd7\x98.\xfe\xaa\xe6\xb4\x04X\xe1/]A\xf1\xb8\
W\xd8\x8ea\x8d`\xbe\xbc\xa2]*\xfa\x01\xbb\xb2W\
\x00\x00\x02>\x0d\x04\x15?n\x04\x08\xc2\x82\xb6\xf3l\
\xc7H\x0c]\xfc\x955Z\x02jn\xf2\xad\x97\x80S\
\xf9%+\x22\x8c\x13x\xd7V\xfa\xa0\x15\xff\xdb\xecj\
\x96GL\x02_\x13\xfc;M\xf5\xfd\xb4ft[`\
\xb5\xe9\x90\x1fe\x9d\x0e\x0b\xaa\x99\xe2\xf1\xaf\xa4\xbcz\
\x9d\xed\x18\xf6\x18\xbe\xb7z\xa1T|\xe2nU\xea\x94\
\x04|\xa6\x1a\xc7\x8d\x8aE\xedo\xc5s2\xb6c\xc4\
\x96\x0e\xf9Q\xa1\xa1\xc3\x82\xaa\xce45S8\xf7b\
\xdb1\xac2b>[\x8d\xe3V\xa5\x00t\xe4\xf87\
\xe0\xa1j\x1c;\x0a<\xb7\x85\x05m\xe7\xda\x8e\x11K\
z\xd9_\x85\x8e\xde\x0e\xa8\xaa\xc9s/&hN\xee\
\x0e+A\x1e\x5c\xdb\xeb\xfd\xb0\x1a\xc7\xae\xce\x15\x00\x11\
c\x0c\x7fW\x8dcGE{\xd3\x8945\x0c\xd8\x8e\
\x11+\xba\xf8\xab\xd0\xd2\x12P\x15\xe5\xfe#\x98z\xd9\
I\xb6cX\x15`\xae\xa9\xe4\xd6\xbf}U\xed\x89\x8a\
\xddM\xfc\x03\xf0l\xb5\x8e\x1f~\xc2\xe2\xf6\xf3u\xb1\
\xaa\x10]\xfcU\xe8i\x09\xa8,/\xc5\xe4\x05\x9b@\
\x12\xfd\xae\x95-\xce\x88\xfb\xcdj\x1d\xbcj\x05`\x85\
HQ\x0cU\xb9o\x11\x15\xe9T\x1f\xbd-\xaf\xb7\x1d\
#\xf2t\xf1W\x91\xa1%\xa0b\xf2o|\x0b~\xdf\
b\xdb1\xac\x12\xe4S\xfd\xfd2U\xad\xe3WuO\
\x85\x94\xb8\x16\xd8]\xcds\x84]W\xf3kh\xa8[\
d;Fd\xe9\xe2\xaf\x22GK\xc0\xbc\xf9\x87-\xa3\
p\xdaY\xb6c\xd86\x9a\xafw\xbeT\xcd\x13T\xb5\
\x00\xb4\xb7\xcb(\x86\xaa\xfe\x1f\x08;G<\x16w\x5c\
\x8c\xe8+\x83gM\x17\x7f\x15YZ\x02\xe6\xceq\x98\
<\x7f\x13x\x09\xdf\xe5#\xe6\xba\xa3\xdb\xa4\xaa\x1f\xa0\
\xab>U\xc18\x5c\x03\xe4\xab}\x9e0\xcb\xa4W\xd0\
\x91;\xd9v\x8cH\xd1}\xfe*\xf2tN\xc0\x9c\x14\
N~=\xe5\x95km\xc7\xb0m\xd2\x17\xaf\xea\x0f\xd2\
W\xbd\x00tee\xd0\xc0\x97\xab}\x9e\xb0[\xd8v\
\x0e\xf5u\xc9\xbe\x9f5S\xba\xcf_\xc5\x86\xce\x09\x98\
\x15\x7f\xe1\x12\x0ag\x9fo;F\x08\x98\xeb\xd7\xf7\xc8\
\xb6j\x9f\xa5&s\x15]\x97\xab\x81\xaa=\xc8\x10\x05\
\x22)\x96v\xbeG?\xd1\x1e\x82^\xf6W\xb1\xa3\xb7\
\x03f\xc6K1\xf1\x9e\xbf\xc0\xd4\xa5m'\xb1\xadX\
\xf6\xbdO\xd6\xe2D5\xbb1=<fn\x00\x12_\
\xed\x86v\xff+[w&\xf6}I\x07\x15\xe7\xc5\xdf\
7\x86'&&xlb\x82\xe7\xf2\x05v\x95J\x14\
\x02\x9frP\x95\xed\xbd3v\xdb\xe0N\xab\xe7\xaf\x13\
\x87l\xca\xa3\xbb\xae\x8e\xc33Y6\xe4\x9a92\xd7\
\x8c\x13\xc7\xad_\xe52\xd9\xbf\xfb\x08\xa9{\xee\xb2\x9d\
$\x94&\xcf\xbd\x98\xe2ig\xda\x8ea\x9f\xe1\xf3k\
\x17x\xef\xaa\xc5\xa9j\xf6S6\x927\x87\x95\xcb<\
\x02\xc4\xef\xb7\xfb,\x18\x0c\x8f\x0e^\xc9X\xfeA\xdb\
QB%\xae\x8b\x7f1\x08\xf8\xc5\xce\x9d\xfcb\xe7\x08\
y\xdf\xb7\x1d\xe7\xf7\xd8.\x00\xfb\x93\xf3R\x9c\xd6\xd5\
\xcdi\xdd=4\xba\xae\xed8\x95\xa5%`\xbf\xca\x03\
G1\xf6\xa1O$\xf9e?\xbfSrpW\xac\xe9\
\x93\xa7jq\xb2\x9a\xfdm\xb76\xc8S\x087\xd6\xea\
|a%\x08K:\xde\x8d\xe7dmG\x09\x8d\xb8.\
\xfe\x9b\xc7\xc6\xf8\xfc\xa3\x8fq\xe7\xf0\xf6P.\xfea\
5Z.\xf1\x8f\xcfn\xe1\xc2_\xff\x8a\x9f\x8d\x84\xaf\
\xa0\xcc\x8b\xde\x0e\xf8=\xa61\xcb\xc4\xc5\x97\xeb\xe2\x0f\
\x08|\xb1V\x8b?\xd4\xb0\x00\x00\xb8.W\x02\xc5Z\
\x9e3\x8cR^\x1b\x8b;\xdea;F(\xc4q\xf1\
\x0f\x0c\xdc>8\xc8\xb7\xb7leR\x17\xfe9\xdb]\
*\xf17\x8f=\xc2\x0dO?E`\xec\xde*\xa9(\
-\x01/0y\xe1&\x82\x8en\xdb1\xc2\xa0P\x0e\
\xdc\xabjy\xc2\x9a\x16\x80\xb6\x06yZ\xe0\xfaZ\x9e\
3\xacZ2/\xa5-{\xbc\xed\x18V\xc5u\xf1\xff\
\xce\xd6\xad\xdc7\xb2\xcbv\x94\xd8\xf8\xee\xb6A>\xf1\
\xc4\xa3Z\x02bh\xea\x84S\x98\xdax\xa2\xed\x18\xa1\
`0\x9f_\xbfP\xb6\xd4\xf2\x9c5\xbf\xe6R\x82\xbf\
\x06\xc6j}\xde0Z\xd4\xfe\xa7\xa4\xbd\x1e\xdb1\xac\
\x88\xeb>\xff\x1f\x0e\x0d\xb1yL\xbf\xbd+\xed\xae\x9d\
;\xf9\xd2\x96\xa7m\xc7\xa8\xac\x84\xcf\x09\xf0\xfb\x163\
\xf9\xd6w\xdb\x8e\x11\x16\xe3\x81\xe3}\xbc\xd6'\xady\
\x01\xe8m\x92a#|\xbe\xd6\xe7\x0d#\xd7idy\
\xf7\xfbq$Y\xdb^\xe2\xba\xcf\xff\xa1\xd11\xee\x19\
\x19\xb1\x1d#\xb6n\x1b\x1a\xe4?c\xf7L@2\xe7\
\x04\x98\xfa\x06&\xde\xf7W\x98\x86F\xdbQB\xc2|\
\xaa\x16\xfb\xfe\xa7\xb3\xf2\xd4E]\x99\x8f\x03\xfa\x9b\x12\
\xa8\xaf[\xcca\x1d\x17\xd9\x8eQ3q\xbc\xec\x0f\x90\
\xf7}\xfe}h\xc8v\x8c\xd8\xbb\xfe\xe9'\x99\xf0\xcb\
\xb6cTV\x02o\x07L\x5ct9\xfe\xa2%\xb6c\
\x84\xc5\xceR\xb1\xfaS\xff\xf6\xc7J\x01hi\x91\x11\
\x0c\x7fc\xe3\xdca\xd4\x9a=\x8e\xce\xdc)\xb6cT\
]\x5c\x17\x7f\x80\xbbv\xec`\xbc\x1c\xb3\x85)\x84F\
J%\xbe\xf5\x5c\x0c\xdf2\x9e\xa0\x12P<\xedLJ\
\x1bO\xb0\x1d#D\xe4\xaf\x8e\x5c*V\x1e\x1a\xb2\xb6\
\xef\xa2\xa3\x89O\x03\x8f\xdb:\x7f\xd8,l;\x8fl\
\xfdj\xdb1\xaa&\xce\x8b\xff\xaeR\x89{w\xea\x05\
\xadZ\xb9mh\x90\xe7\x8a\x05\xdb1*/\x01%\xa0\
\xbcr-\x93:\xea\xf7y\x02O\xa4'\x9c\xebl\x9d\
\xdfZ\x01\x10\x91)\x84\xbf\xb0u\xfe\xb0\x11qY\xda\
\xb5\x89\x94\xd7f;J\xc5\xc5y\xf1\x07\xf8\xd1\xb6m\
\xf8qzB=\xe4\xca\xc6\xf0\xf5-5}X\xbav\
b\x5c\x02\x82\x966\xc67}\x14\xbcx\xfe\x1e\x98\x8b\
@\xb8b\xc5\x0a\xb1\xb65\xde\xea\xe4\x85\x8e\x0c\xff\x84\
\xe1^\x9b\x19\xc2$\xe5\xb6\xb0\xackS\xac\x1e\x8e\x8b\
\xfb\xe2\xbf\xb5\x90\xe7\xe1Q}\xea\xbf\xd6\xee\x1e\xd9\xc1\
\xc3\xe3\xe3\xb6cTG\x1cK\x80\xe71q\xe9G1\
\xad\x1d\xb6\x93\x84\xc9/\xd6\xf6\xb87\xd9\x0c`\xb5\x00\
\x88\x88Ax\x9f\xcd\x0ca\x93I\xaf\xa4\xaf\xf5Ol\
\xc7\xa8\x88\xb8/\xfe\x00w\x0cnC?\xfb\xd7\x9e\x01\
\xbe\xb2\xe5\xa9\xf8\xfe\xdd\xc7\xac\x04\xe4\xcf\xb9\x88\xf2\xea\
u\xb6c\x84\x8a`6\x89\x88\xd5oa\xeb\xb3\x17;\
\x9b\xe4N\xe0\x16\xdb9\xc2\xa4\xab\xf94\xda\x9b^n\
;\xc6\xbc\xc4u\x9f\xff\xbe\x1e\x1e\x1d\xe3\x99|\xdev\
\x8c\xc4\xda<>\x1e\xbfm\x81\xfb\x8a\xc9\x9c\x80\xe2\x09\
\xa7P8\xe5\x0c\xdb1\xc2\xe6\xa6\xfe\xbe\x94\xf5\x17B\
X/\x00\x00\x81\xcf& \x86O\xf5\xcc\xdd\xe2\xf6\x8b\
\xc85D\xb31\xc7u\x9f\xff\xbe|c\xf8\xf1\xf0\xb0\
\xed\x18\x89\xf7\xd5-\xcfP2\x81\xed\x18\xd5\x13\xf19\
\x01\xe5\xfe#\x98\xbc\xe0R\xdb1BE \xef\x8a\xfb\
~\xdb9 $\x05\xa0\xbbE\x1e\x17\xa8\xc9\xfb\x8f\xa3\
B\xc4ei\xf7e\xd4\xd7-\xb6\x1deV\x92p\xd9\
\x1f\xe0\xde\x91\x11vNM\xd9\x8e\x91xC\xc5\x02\xb7\
o\xab\xf9\xfc\x94\xda\x8a\xe8\xed\x00\x7f\xe1\x12\xc6\xdf\xff\
1}\xe8o\x9a\xc0\x98\x8f\xaf\xee\x95'm\xe7\x80\x90\
\x14\x00\x80\xa9,W\x011\x9b\xf59?\xae4px\
\xf7\x15xn\x8b\xed(3\x92\x94\xc5\xbf\x10\xf8\xdc\xbd\
}\x87\xed\x18j\xafo<\xbb\x95\xb1\xb8\x0d\x07\x9a.\
b% hic\xfc\x83Wc\x1a\xf5\xad\xa7\xd3<\
\x13\xb8\xde5\xb6C\xfcNh\x0a@\x9f\xc8$\xc2\x07\
l\xe7\x08\x9b:\xaf\x8b\xc3\xbb?\x10\xfaq\xc1IY\
\xfc\x01~\xba}\x87\xbe\xe5/D\xc6\xfd2\xdf\x8e\xe3\
p\xa0\xe9\x22R\x02L]\x9a\xf1\xcb>F\xd0\x99\xcc\
\xf7\x9c\x1c\x8c\x08\x9b\xd6\xf7\xc8\x84\xed\x1c\xbf\x13\x9a\x02\
\x00\xd0\x91\xe1\x9f\x81\xffg;G\xd84\xa6\x97\xb3\xb4\
\xfbRDB\xf5\x9f\xebyIZ\xfcu\xe8O8\xc5\
v8\xd0ta/\x01\x8e\xc3\xe4\x9f}\x18\xffEk\
l'\x09\xa3\x1f\xf7\xf7zV\xb7\xfdM\x17\xaa\x15E\
D\x8c\x03\x17\x03%\xdbY\xc2\xa6\xb9\xe1(\xfaZ\xdf\
l;\xc6\xefI\xd2\xe2\x0f:\xf4'\xacb=\x1ch\
\xba\x10\x97\x80\xfcy\xefd\xea\xc5\x7fh;F\x18M\
\x19\xdcw\xda\x0e1]\xa8\x0a\x00@{\x93\xfc\xc6\x88\
>\x10\xb8?\xdd\xcd\xaf\xa6+w\xb2\xed\x18\xcfK\xc2\
V\xbf}\xe9\xd0\x9fp\x8b\xf5p\xa0\xe9B\xb8E\xb0\
p\xca\x19\xba\xdd\xef\x80\xcc\xc7\x07\xfa\xe4a\xdb)\xa6\
\x0b]\x01\x00(f\xb8\x12}O\xc0~-l\x7f\x1b\
\xedM\x7fd;F\x22\xb6\xfaM\xa7C\x7f\xc2-\xf6\
\xc3\x81\xa6\x0b\xd1\x16\xc1\xa9\x97\x9dD\xfe\xbc\xd0}\xc0\
\x0d\x8b\xa7|\xc7\xfb[\xdb!\xf6'\x94\x05`\x91H\
\xde\x08\xfa\xdd\xb4_\xc2\xe2\xf6\x0bi\xcd\x1ek-A\
\xd2.\xfb\x83\x0e\xfd\x89\x8a\xd8\x0f\x07\x9a.\x04\xb7\x03\
\xa6^r<\x93\x17]\x0eN(\x97\x13\xeb\x8c\xf0\xce\
0=\xf8\xb7\xaf\xd0\xfe\x17\xeb\xca\xca\xf7\x0d|\xc7v\
\x8e0\x12qX\xd2q\x09\xcd\x0dG\xd5\xfc\xdcI\x5c\
\xfcu\xe8O\xb4\xc4~8\xd0t\x16K@i\xfd1\
L\xbc\xe7/0\xae[\xf3sG\xc4M\x03\xbd\xde\xf7\
l\x878\x90\xd0\x16\x00\x00\xf6\x5c\x05\xd0G\xae\xf7C\
\xc4eY\xd7&\x9a\xea\xd7\xd6\xec\x9cI\x5c\xfcA\x87\
\xfeDM\x22\x86\x03Mg\xa1\x04\x94\x0760~\xf9\
U:\xe8\xe7\xc0v\x1a\xd7}\xb7\xed\x10\x07\x13\xea\x02\
\xd0\x95\x95Ac\xf4eA\x07\x22N\x1d\xcb\xbb?@\
\xb6~u\xd5\xcf\x95\xd4\xc5_\x87\xfeDS\x22\x86\x03\
MW\xc3\x12\xe0\xbfh\x0d\xe3\x97}\x0cRuU?\
Wd\x09\xef\x1d\xe8\x96!\xdb1\x0e&\xd4\x05\x00\xa0\
+'_\x16\xf8\x81\xed\x1ca\xe58i\x96w\x7f\x80\
\xc6\xf4\xb2\xaa\x9d#\xa9\x8b?\xe8\xd0\x9f\xa8J\xccp\
\xa0\xe9jP\x02\xfc\xc5\xcb\x18\xfb\xc0\xd5\x98\x86\xc6\xaa\
\x9d#\xf2\x84\xff\xe8\xefq\xbfn;\xc6\xa1\x84\xbe\x00\
\x00\xb8\x1e\x17\x02\xba\xff\xea\x00\x5c\xa7\x91\xc3\xbb?D\
C\xdd\xa2\x8a\x1f\xbb\xa5\xf1\xc5\x89\xda\xea\xb7/\x1d\xfa\
\x13m\x89\x19\x0e4]\x15\xb7\x08\xfa\x8b\x960\xfe\x91\
Oa\xb2\xb9\x8a\x1f;F&\x02\xc7\xbd\xc0\xf6\xab~\
g\x22\x12\x05\xa0\xb5A\x9e2\xf0\xe7\xb6s\x84\x99\xe7\
\xe6X\xd1\xfbWd\xeaWU\xec\x98\x1dM\xff\x87\xa5\
]\x9b\x12\xb5\xd5o_:\xf4'\xda\x125\x1ch:\
/\xc5\xc4\xa6+)\x9e\xf8\xaa\x8a\x1d\xb2\xbcf=c\
W~\x96 \x17\x8dw\x93X#r\xf9\xban\x89\xc4\
6v\xb1\x1d`\xa6\x8c1\xce\xf6q\xee\x00N\xb0\x9d\
%\xcc\x8c\xf1yn\xd7\xb7\x18\xda}+\xc6\xccm\xa0\
\xa2\xe7\xe6X\xd0v\x1e\xed\xd9\x97U8]tl-\
\xe4\xf9\xea\x13\xf1\xdfS~\xdb`\xbc\xb7\xcc\x09\xf0\xb7\
\xab\xfaY\x9dM\xeeKi\xea~\xf2}\x1ao\xbc\x16\
\x19\xdb=\xb7\x03\xa4\xea(\x9c\xfe&\x0ag\x9c\xa7O\
\xfb\x1f\xdaO\xfb{\xdd\x97\x8bH$\xb6\xa1D\xa6\x00\
\x00<7b\x96x\x1e\xbf\x02\xf4\xfa\xd3!L\x95w\
0\xb8\xeb\xdb\xec\x18\xff\x11\xc6\xcc\xec\x1e\xb6#\xf5t\
\xe5\xfe\x98\xee\x96\xd7\xe1:\xc9\xbe\xbf\xf7\xb5'\x9fJ\
\xc4\xbe\xff\xb8\x17\x00\x80U\xd9,W\xaf\xea\x8f\xd6/\
\xbb\x0a\x93B\x9e\xf4\x0fn\xa6\xfe\xe6\x7fD&f8\
-\xd1q(\xbd\xe4x\xf2o~\x07~Wou\x03\
\xc6\x80\xc0n\xc1]\xbf\xa6O\x9e\xb2\x9de\xa6\x22\xf7\
3\xb1m\xd4\xbc]\x84/\xda\xce\x11\x15e\x7f7\xa3\
\xf9\xfb\xd95y?\xf9\xe2\xa3L\xf9\xbb\x9e\xbf2\xe0\
H=u^;\xd9\xfa\xd5\xe4\x1a\x8f\x22\xd7\xb0.\xf4\
o\x1d\xac\x85\xcdcc|{\xcbV\xdb1j\x22\x09\
\x05\x00\xe0\x8a\xe5+\xd8\xd8\xdaf;\x86uR\xc8\x93\
z\xe0^\xbc\xfb\x7f\x8e\xf7\xf0\x038;\xb6!\xbf{\
N\x22UG\xd0\xda\x8e\xbf|%S\x1b\xfe\x80\xf2\x91\
/!hn\xb5\x1b8J\x84\xb7\xac\xed\xf5\xbef;\
\xc6lD\xae\x00\x00l\x1b3\xff\x22\xf0:\xdb9\xa2\
\xca\x0f&\x10\xf1t\xb1\xdf\x0f\xdf\x18\xae\x7f\xfc\x89\xc4\
\xec\xfbOJ\x01\xe8N\xd7s\xed\xda\x01R!}\xa3\
\xa6MR,\x80_\xc64&\xf76I\x05\xfc\xeb\xda\
>\xef5\xb6C\xccV$\x7f\x1a|x\x07\x90\xb0I\
\x1f\x95\xe3:\x19]\xfc\x0f@\x87\xfe\xc4S\x22\x87\x03\
\xcd\x90I\xd7\xeb\xe2?\x0f\x02\xc3\xc6u/\xb4\x9dc\
.\x22Y\x00z\x9bdX\x0c\x91\xfc\x0bW\xe1\xa5C\
\x7f\xe2-\x91\xc3\x81T\xb5\x99\xc0\xe1ma\x1f\xf8s\
 \x91,\x00\x00\x1d9\xb9\x05\xf8\xbf\xb6s\xa8\xf8\xd0\
\xa1?\xf1\x96\xd8\xe1@\xaaj\x8c\xf0\xb9\x81\x1e\xef\xbb\
\xb6s\xccUd\x0b\x00\xc0x\x96\xf7\x02\x0f\xd8\xce\xa1\
\xa2O\x87\xfe$Cb\x87\x03\xa9\x8a3\xc8\xaf\xc7\xca\
\xee\xe5\xb6s\xccG\xa4\x0b\xc0R\x91\x82\x03g\x03\xf1\
\xdf\xaf\xa5\xaaJ\x87\xfe$C\xa2\x87\x03\xa9J*\x18\
\xa7|\xf6\xc6E\x12\xe9\xb5'\xd2\x05\x00\xa0\xbdI~\
#p\x99\xed\x1c*\xba\xb6\x16\xf2<<\xaa\x93\xa6\x93\
\xe2\xee\x91\x1d<<>\xc3\xbd\xf0J\xed\x87 \x7f\xb6\
\xae'\xfd\xa0\xed\x1c\xf3\x15\xf9\x02\x00\xd0\x9e\xe5Z\x03\
7\xdb\xce\xa1\xa2\xe9\x8e\xc1m\xb1\x9f\xf8\xa7\xfe\x97\x01\
\xbe\xb2%\xfeS\x1eUu\x18\xc3\xb7\xfa\xfb\xdc\x1bl\
\xe7\xa8\x84X\x14\x00\x111R\xe0<\xe0\x7flgQ\
\xd1\xb2yl,\x11\x13\xff\xd4\x0bm\x1e\x1f\xe7g#\
\xc9\x98\x81\xa0*\xc9<R_\xef\x9eo;E\xa5\xc4\
\xa2\x00\x00tv\xcaX \xbc\x11}\x1e@\xcd\x90o\
\x0c?\xda6l;\x86\xb2\xe4+[\x9e\xa1d\x221\
\xb2]\x85CA\x8c9sE\xbb\x8c\xda\x0eR)\xb1\
)\x00\x00\xddYy\x00x\x8f\xed\x1c*\x1at\xe8O\
\xb2\xe9p 5\x1b\x22\x5c\xd4\xbf\xa0\xee\xbfm\xe7\xa8\
\xa4X\x15\x00\x80\xce&\xb9\xc1\x18\x225\x8fY\xd5\x9e\
\x0e\xfdQ\xa0\xc3\x81\xd4\x8c}\xb1\xbf\xd7\xfb\xaa\xed\x10\
\x95\x16\xbb\x02\x00\x10L\xf2Nt>\x80:\x88\xbbt\
\xe8\x8fB\x87\x03\xa9C3\xc8\xfd\xa3\xbe{\x89\xed\x1c\
\xd5\x10\xcb\x02\xd0\xd3#\x13\xe52\xa7\x03\xdbmgQ\
\xe1\xb3\xabT\xe2\x1e\x1d\xfa\xa3\xf6\xd2\xe1@\xea v\
\x04\x8esF\xd4\xf7\xfb\x1fH,\x0b\x00@o\xab<\
)\xc2Y\x80^\xdfS/\xa0C\x7f\xd4\xbet8\x90\
\xda\x1f\x01\xdf`\xce^\xdf#O\xd8\xceR-\xb1-\
\x00\x00\x1dY\xf9\x0f\x0c\x1f\xb4\x9dC\x85\x87\x0e\xfdQ\
\xfb\xa3\xc3\x81\xd4t\x06y\xdf@_\xea\xdfm\xe7\xa8\
\xa6X\x17\x00\x80\xce\x9c\x5c\x03|\xc3v\x0e\x15\x0e:\
\xf4G\xed\x8f\x0e\x07R\xd3\xfc\xd3\xda>\xf7\xefm\x87\
\xa8\xb6\xd8\x17\x00\x80R\x96\xb7\x03\xf7\xd9\xce\xa1\xec\xd2\
\xa1?\xea`t8\x90\xda\xeb\x9eQ\xdf\xfdS\xdb!\
j!\x11\x05\xa0Od\x12\x87\xd3\x00\xbd\xd1\x97P:\
\xf4G\xcd\x84\x0e\x07J8\xe1Y?p_\x17\xd7\x87\
\xfe\xa6KD\x01\x00\xe8\xcc\xc8s\xc6\xe1\xd5\x08\x13\xb6\
\xb3\xa8\xda\xd3\xa1?j&t8Pr\x09\xe4!x\
\xcd\xfa\x85\x92\x98\x0f\x8a\x89)\x00\x00]\x19\xf9o1\
\x9c\x0bh\xc5O\x10\x1d\xfa\xa3fC\x87\x03%R \
p\xf6\xda\xde\xba{l\x07\xa9\xa5D\x15\x00\x80\x8e&\
\xf9\x8e1|\xd8v\x0eU;:\xf4G\xcd\x86\x0e\x07\
J\x1e#r\xc5\x9a>\xef\x16\xdb9j-q\x05\x00\
\xa0+'W\x19\xb8\xd6v\x0eU}\xbbu\xe8\x8f\x9a\
\x83\xef\x0e\x0d1<U\xb4\x1dC\xd5\xc6\x17\x06z\xdd\
kl\x87\xb0!\x91\x05\x00\xa03\xcb%\xc0\xbf\xda\xce\
\xa1\xaa\xebg;v\xea\xd0\x1f5k%\x13p\xf3\xe0\
\xa0\xed\x18\xaa\xca\x04\xbe7\xdc\xeb^l;\x87-\x89\
-\x00\x22\xe2\x97\xb2\x9cm\xe0\xe7\xb6\xb3\xa8\xea(\x05\
\x01\x0f\xec\xdam;\x86\x8a\xa8\x1f\xed\x18f*\xd0\xc7\
\x85b\xec\xde\xb2\xe3\x9ey\x82Hb\x1f\xf8Hl\x01\
\x80=\xdb\x03\xcb\x86\xd3\x80GlgQ\x95\xf7\xd8\xc4\
\x04S\xba\xa5K\xcd\xd1\xa4\xefs\xff\xa8\x16\xc8\x98z\
\xdc\xb8\xee\xa9\xeb{$\xd1\xbb\xc2\x12]\x00\x00\xfar\
\xb2\x1d\xc3\xa9\xe8\x8b\x83b\xe7\xc9\x89I\xdb\x11T\xc4\
=86j;\x82\xaa0\x81a\xf1\xdd\x93\x06\xbae\
\xc8v\x16\xdb\x12_\x00\x00:s\xf2\xdb@x\x05\xb0\
\xcbv\x16U9CE}\x88K\xcd\xcf\x13\x93Z\x22\
cf\xd4'8\xb9\x7f\x91<j;H\x18h\x01\xd8\
\xab;+\xbf\x02^\x0b\xe8{Acb\xacT\xb2\x1d\
AE\xdc\xb0\x0e\x8f\x8a\x0d\x81| \xe6\xd5\xeb\xfa\xea\
t,\xfc^Z\x00\xf6\xd1\xd9$?\xc1p&\xfa\x0a\
\xe1X\xd0\x07\xb8\xd4|M\x05:?\x22\x0e\x04\xfc\x00\
\xde\xbc\xae7u\xa7\xed,a\xa2\x05`\x9a\xce\x9c\xdc\
*\xc2[\xd1i\x81\x91\xe7\x88\xd8\x8e\xa0\x22\xceA\xbf\
\x87b\xc0`8\x7f\xa0\xcf\xfb\x8e\xed a\xa3\x05`\
?:\xb2\xf2\x0f\x06\xdek;\x87\x9a\x9f\x8c\xe7\xd9\x8e\
\xa0\x22\xae%\x95\xb2\x1dA\xcd\x8fA\xe4\xdd\xfd\x0b\xbc\
\xaf\xd8\x0e\x12FZ\x00\x0e\xa0\xabI>\x83p\xa9\xed\
\x1cj\xee:\xea\xealGP\x11\xb7\xb8\xa1\xc1v\x04\
5\x1fF>\xb0\xb6\xd7\xfd\xbc\xed\x18a\xa5\x05\xe0 \
:\xb3\xf2)\x84\xcbl\xe7Ps\xb3P\x7fy\xaby\
zQ&k;\x82\x9a#\x83|h\xed\x02\xf7j\xdb\
9\xc2L\x0b\xc0!tf\xe5\x13\xc0\x95\xb6s\xa8\xd9\
[\xd9\x94\xd5;\xb8j\xce\x04xqK\x8b\xed\x18j\
\x0eD\xe4/\x07\xfa\xdc\x8f\xd9\xce\x11vZ\x00f\xa0\
\xb3I>\x22\xa0\xdfL\x11\x93K\xa58,\xd3h;\
\x86\x8a\xa8\x81\x5c\x8e\xce\xba\xb4\xed\x18j\x96\x0c\xe6\x93\
\xfd\xbd\xeeGm\xe7\x88\x02-\x003\xd4\xd1$\x1fB\
\xaf\x04D\xce\xc6\xb6v\xdb\x11TD\xbd\xbe\xa7\xcfv\
\x045[b>>\xd0\x97z\x9f\xed\x18Q\xa1\x05`\
\x16:\x9b\xe4#b\xb8\xc2v\x0e5s\xcb\xb2\x19\x0e\
\xcf\xea}\x5c5;\x1br\xcd\x1c\x99k\xb6\x1dC\xcd\
\x86\x98\xab\xd7\xf6\xa6.\xb7\x1d#J\xb4\x00\xccRG\
N\xae\x16\x83~\x93E\xc8\xc9=\xdd4\xba\xae\xed\x18\
*\x22r^\x8aw-Yj;\x86\x9a\x05\x11\xf9\xc8\
\xda\xde\x94~8\x9b%-\x00s\xd0\x91\x93\x8f#\xe8\
e\xa6\x88hN\xa5x\xcd\x82>D\x91\xc2\x98\x00\x00\
\x0c\xbcIDAT\x5c\x1d\x0c\xa4\x0e\xc1\x13\xe1\xb2\xe5\
\x87\xd3\xa1\xf7\xfe#\xc3 \x7f\xde\xdf\xeb\xea\xed\xd99\
\xd0\x020G\x9dY\xf9\xa4\x81?\x03\x8c\xed,\xea\xd0\
\x96e2\xbcVK\x80:\x88:qx\xff\xf2\x15\xac\
o\xca\xd9\x8e\xa2f&@\xe4]\x03}\xeeU\xb6\x83\
D\x95\x16\x80y\xd8;,\xe8\x1c@\xdf:\x13\x01\xab\
\x9a\x9a8\xe7\xb0\xc54\xe9\x84@5M[\xaa\x8e\xbf\
^\xb9\x9a\x97\xb6\xb4\xda\x8e\xa2f@\xc0\x17\xc3\x9f\xea\
\x90\x9f\xf9\xd1\x8fC\x150<jNC\xf8&\xa0\x93\
g\x22 \xef\xfb\xdc1\xb4\x8d\x07Gw\x13$\xfc\xfa\
\xcdm\x83;mG\xb0\xca\x11\xe1\x15\xed\x9d\xbce\xd1\
\x22\xb2\xae\x16\xc3\x88(\x1a8[g\xfb\xcf\x9f\x16\x80\
\x0a\x19\x1e3/\x03n\x05\xf4\xfaaDl/Nq\
\xcf\xc8N~\xbd{\x94bB\xdf\x1c\x98\xd4\x02\xd0\xe8\
\xb9\xbc\xbc\xad\x83S\xbb\xbaYX\xaf\xbd=B\xc6\x1d\
c^\xbbfA\xea\x0e\xdbA\xe2@\x0b@\x05\x0dO\
\x98\xa3\x09\xb8\x1d\xe8\xb0\x9dE\xcd\x5c``k!\xcf\
C\xa3\xa3\xfc\xcf\xd8\x18\xa3\xa5\xe4\xbc\x0d:I\x05\xa0\
9\x95bC\xae\x99c\xdb\xda82\xd7LJ\xf4\x0e\
h\x94\x08\x0c\x0b\xc1\x1f\xaf\xe9\xab\xbb\xdfv\x96\xb8\xd0\
\x02PaC\xbb\xcc2\xc7\xe5\xfb\xc0\x0a\xdbY\xd4\xdc\
\x0c\x17\x8b<<:\xc6#\x13\xe3\x0c\xe6\x0b\xb1~\xca\
3\xee\x05`QC#/nn\xe1\x98\x96\x16Vg\
\x9b\xf4\x17^t=\xee\x06\xee\xc9\xab\x17\xcaom\x07\
\x89\x13\xfdy\xa8\x82\xd1Q\xd3>%\xdcj`\xa3\xed\
,j~v\x95J<:>\xce\x93\x13\x93<91\
I!\xf0mG\xaa\xa8\xb8\x15\x80\xac\xeb1\x90\xcb\xb1\
\xbe)\xc7Q\xcd\xcdt\xa7\xebmGR\xf3w\x8f\xef\
\xb8\xa7\xae\xef\x91m\xb6\x83\xc4\x8d\x16\x80*\x19\x1c4\
\x197\xcb70\x9cj;\x8b\xaa\x8c\xc0\xc0P\xa1\xc0\
\x13\x93\x13<11\xc93\xf9I\xca\x11\x7f\x8a0\xea\
\x05\xc0\x11aiC#G\xe4\x9aY\x9fkf \xdb\
\x84\xeb\xe8\xaf\xb5\x18\xf9w/\xe5\x9e\xb1\xaaS\xc6l\
\x07\x89#\xfdI\xa9\x22c\x8c\xbb}\x9c\xcf\x01\xef\xb0\
\x9dEU^)\x08xf2\xcf3\xf9<[\xf2y\
\x9e\xcd\xe7#\xf70a\xd4\x0a@\xa3\xeb\xf2\xa2L\x96\
U\xd9&Ve\xb3\xf4g\x9bH;z/?\x8eD\
\xf8\xf2\xb6\x1e\xf7\xc2\x13D\x92\xf3PN\x8di\x01\xa8\
\x81\xed\xa3\xe6\x0a#|\x0c\x9d\xbb\x10{\xbbJ%\x9e\
\x9e\x98dK~O1\xd8^,\x86\xfa\x19\x82\xb0\x17\
\x80\xeet=k\xb2Y\x0eo\xcc\xb0\xa6\xa9\x89\xa5\x0d\
\x19\xf4\x03~\xec\x05F\xe4\x8a\x81^\xf7\x1a\xdbA\xe2\
N\x7f\x94jd\xfb\x98y\x9d\x11n\xc4\x90\xb1\x9dE\
\xd5N!\xf0\x19*\x14\xd9V(2T,2T,\
0\x5c,\x86\xe6\xd6AX\x0a@\xdaqX\xdc\xd0\xc0\
\xd2\x86\x0cK\x1a\x1bX\xd2\x90aic\x03\x19\xdd\x9b\
\x9f4\x13\x0e\xbcyM\x9fw\x8b\xed I\xa0\x05\xa0\
\x86\x86\xc6\xcdz\xc7p+\xb0\xd8v\x16eO``\
gi\x8am\x85\x22\xc3\xc5\x22;\xa7\xa6\x18\x99\x9ab\
\xa4T\x22\xef\xd7\xf6!\xc3Z\x17\x80&\xd7\xa3\xb7>\
Mo\xba\x9e\xde\xfa\x06\x16\xd5\xd7\xb3\xac\xb1\x91\xdet\
=\x8e\x8eiN6\xe1\xd9\xc0\x04\xaf^\xd7Ww\x9f\
\xed(I\xa1?q56<a\xfa\xf0\xb9\x05\xe1\x18\
\xdbYT\xf8\xe4}\x9f\x91\xa9\xd2\xf3\x85`dj\x8a\
\x09\xdfg\xac\x5cb\xa2\xec3Q.W\xf4\x96B%\
\x0b\x80\x00-\xa9\x14-^\x8a\xf6t\x1d\xad^\x1d\xdd\
\xe9:z\xd3\xf5\xf4\xa4\xeb\xe9\xadO\xeb\xb4=u\x00\
\xf2Kc\x9cW\x0f,\x90gl'I\x12-\x00\x16\
<kLcj\x9c/\x01g\xd9\xce\xa2\xa2\xc57\x86\
\xc9\xb2\xcf\xa8\xff\xbf\x85\xa0\xe0\x07\x14\x03\x9fb\x100\
\x15\x04\xcf\xff\xef\x82\x1fP\xd8\xe7\x8a\xc2T\x10<_\
\x1e\xa6\x82\x00\xdf\x18n\x1b\xdc\x89'B\xbd\xb3\xe7u\
\xc9\x22\xd0\xb8\xcf\x22\x9du\x1d\x1a=\x8f\x8c\xe3\xd2\xe8\
y4:.\x19\xcf\xa5\xd1qit\xdd\xe7\x17\xfc\xce\
t\x1d\xcdnJ\x9f\xc0W\xb3f\xe0\x1f\xc7|\xf7\xfc\
\x8d\x8b$o;K\xd2\xe8O\xabE\xc3c\xe6\x02\xe0\
s@\xcav\x16\x95LCc\xf1\x9ak\xa0\xa2C\xc0\
7F\xfe|\xed\x02\xf7j\xdbY\x92J\x0b\x80e{\
\xdf!\xf0-\xa0\xcbv\x16\x95<Z\x00\x94%;\x1c\
c\xce\xd2\x99\xfev\xe9\xb64\xcb:\x9b\xe4N\xc7\xe5\
h\x0c\xf7\xda\xce\xa2\x94R\xd5'\xbf\xf4\x1d\xf7\x18]\
\xfc\xed\xd3\x02\x10\x02\xed\x8d\xf2L\xa9\x89\x97\x19\xc3\x8d\
\xb6\xb3(\xa5T\xb5\x88\xf0\xe5Q\xdf\xd9\xb8\xbeG\x9e\
\xb0\x9dE\xe9-\x80\xd0\xd9>n\xce5\x86\xeb\x80F\
\xdbYT\xfc\xe9-\x00U#\x05\xe0\x92\xb5}\xde\x17\
l\x07Q\xffK\xaf\x00\x84LGVn4\xc2\xb1\xc0\
\xa3\xb6\xb3(\xa5\xd4\xfc\x99G\x8c\xef\xbfD\x17\xff\xf0\
\xd1\x02\x10B]Y\xf9\xa5[\xe2h\x03\xdf\xb1\x9dE\
)\xa5\xe6\xca\x18\xbe\xe5\xa5\xbc\xa3\x06\x16\xa5\x1f\xb0\x9d\
E\xfd>\xbd\x05\x10rzK@U\x93\xde\x02PU\
R0\xc8\x15\x03}\xee\xa7m\x07Q\x07\xa6\x05 \x02\
\xb6\x8f\x99\xd5\x06\xfe\x19Xo;\x8b\x8a\x17-\x00\xaa\
\xf2\xccC\x81\x13\x9c\xb5\xae'\xfd\xa0\xed$\xea\xe0\xf4\
\x16@\x04t4\xc9\xc3\xe3Y^*\xf0\x19\x08\xf5\xcb\
\xe5\x94R\x09&\xf0\xf5\x02\xde1\xba\xf8G\x83^\x01\
\x88\x98\xed\xa3\xe65F\xb8\x01\xe8\xb4\x9dEE\x9f^\
\x01P\x15\xb2\xcd8\xbc}\xa0\xc7\xfb\xae\xed j\xe6\
\xf4\x0a@\xc4t\xe4\xe4\x16\x1f\xd6\x02\xfa\xbaL\xa5T\
\x18\xdc\xee\xa4\xdc#t\xf1\x8f\x1e\xbd\x02\x10a\xdb\xc6\
\xcc\x1b\x04\xae\x07ZmgQ\xd1\xa4W\x00\xd4<\x8c\
\x0arY\x7f\x9f{\x83\xed jn\xb4\x00D\xdcH\
\xde\x1cV.\xf3\x15\xe0\x04\xdbYT\xf4h\x01Ps\
t\xb7q\xdd\xf3\x06\xba\xe51\xdbA\xd4\xdci\x01\x88\
\x01c\x8c3<\xce;\x05\xae\x02\xb2\xb6\xf3\xa8\xe8\xd0\
\x02\xa0fiL\x8c|pM\x9fs\xad\x88\x04\xb6\xc3\
\xa8\xf9\xd1\x02\x10#\xcf\x8d\x98%\xae\xc7\xf5\x02\xaf\xb4\
\x9dEE\x83\x16\x005\x0b?pp/\x5c\xd3'O\
\xd9\x0e\xa2*C\x0b@\x0cm\x1b3o\x00\xae\x13h\
\xb7\x9dE\x85\x9b\x16\x005\x03\xbb\x04\xb9|M\xaf\xf3\
\x05\x11\xd1m\xc81\xa2\xbb\x00b\xa8\xabIn\x12\x87\
\x01\x81\x7f\xb1\x9dE)\x15i7\x89\xe7\xae\xee\xefs\
o\xd0\xc5?~\xf4\x0a@\xcc\x0d\xef6\xaf\xc2\xe5\xb3\
\x18\x96\xda\xce\xa2\xc2G\xaf\x00\xa8\x03x\x5c\x84w\xf5\
\xf7z\xb7\xdb\x0e\xa2\xaaG\xaf\x00\xc4\x5cg\xb3|\xaf\
\x90\xa1\x1f\xf8(P\xb4\x9dG)\x15j%\xc1|\xc6\
w\xdcu\xba\xf8\xc7\x9f^\x01H\x90\x1dcfM\x00\
\xd7\x01\xc7\xdb\xce\xa2\xc2A\xaf\x00\xa8}\xfc$\xc0\xbd\
h]\x9fl\xb6\x1dD\xd5\x86\x16\x80\x04\x1a\x1e5\xa7\
\x01\x9fE8\xccv\x16e\x97\x16\x00%\xb0\xd5\x08\x1f\
\xec\xefq\xbf\xae\xf7\xf9\x93Eo\x01$PgNn\
+5\xb1\x86=\xb7\x05\x0a\xb6\xf3(\xa5jO \x8f\
\x98\xab\xf1\xdcUk{\xbd\x1bu\xf1O\x1e\xbd\x02\x90\
p;&\xcd\xc2\xa0\xccU\x08\xe7\xd8\xce\xa2jO\xaf\
\x00$\x94\xe1\xbb\xbe\xeb^\xb2\xbeG\x9e\xb0\x1dE\xd9\
\xa3\x05@\x01\xb0c\xd4\xfcA \x5c\x03\x1ck;\x8b\
\xaa\x1d-\x00\x89sO \xe6\xb2u\xbd\xa9;m\x07\
Q\xf6i\x01P\xcf3\xc6\xc8\xf08g\x08\xfc-\xb0\
\xccv\x1eU}Z\x00\x12\xe3i\x84\x0f\xeb}~\xb5\
/-\x00\xea\xf7\x18c\xea\xb6\x8f\xf3\x16\xe0\xaf\x81N\
\xcbqT\x15i\x01\x88\xbd\x11\x8c\x5c\x9d\x99r>\xbd\
t\xa9\xe8\xf3>\xea\x05\xb4\x00\xa8\x03\x1a\x1e6M\x92\
\xe6b#|\x10\xc8\xd9\xce\xa3*O\x0b@lM \
\xe6s\xc1\x94w\xf5\xba\xc3d\xc4v\x18\x15NZ\x00\
\xd4!=;j:<\x87\xf7\x89\xe1\x12\xa0\xc1v\x1e\
U9Z\x00bg\x0a\xf8\xaax\xeeG\xfa\xbbd\xd0\
v\x18\x15nZ\x00\xd4\x8c\xed\x984\x0b\x03\x9f\x0f\x03\
o\x05R\xb6\xf3\xa8\xf9\xd3\x02\x10\x1bS\x02_*\xf9\
\xee\xc7\x8eX$[m\x87Q\xd1\xa0\x05@\xcd\xda\xce\
\xbcY\x1c\x94\xd9d\xe0|\xf4\x8a@\xa4i\x01\x88\xbc\
)\x81o\x06\xae\xfb\xd1\x81ny\xccv\x18\x15-Z\
\x00\xd4\x9c\x0d\x8d\x9bn\x81\xf7\x8a\xe1\xdd@\xa3\xed<\
j\xf6\xb4\x00DV\x11\xf8Z\xd9w\xaf\xd4O\xfcj\
\xae\xb4\x00\xa8y\x1b\x1a7\xdd\x0el\xc2p!\xfa\xb0\
`\xa4h\x01\x88\x16\x81\xdd\x06s\x9d\xefx\x9fZ\xdf\
#\xdbl\xe7Q\xd1\xa6\x05@U\xcc\xf0\xb0i2\x0d\
\xbcM\x0c\x9b\x80E\xb6\xf3\xa8C\xd3\x02\x10\x19\x83\xc6\
\x98\xeb\xcbS\xde\xdf\x1f\xb9Tv\xd9\x0e\xa3\xe2A\x0b\
\x80\xaa8cLj\xc7\x04o\x0a\x0c\x97\x09\xac\xb5\x9d\
G\x1d\x98\x16\x80p\x13\xe4A\xe0s\x8dE\xe7F\xdd\
\xc7\xaf*M\x0b\x80\xaa\x1ac\x8c\x0cOp\x92\x04\x5c\
\x82p\x12\xfa\xf2\xa9\xd0\xd1\x02\x10J\x81\xc0\xed\x01\xe6\
3k{\xbd\x1f\xea\xe4>U-Z\x00TM\x0c\xed\
2\xcb\xc5\xe3|1\x5c\x00\xb4\xda\xce\xa3\xf6\xd0\x02\x10\
*c\xc0?\x8b\xb8\x9f\xee\xef\x95\x87l\x87Q\xf1\xa7\
\x05@\xd5\xd4\x8e\x1d&\xe7\xd7\xf1\x16\x81\x8b\x80U\xb6\
\xf3$\x9d\x16\x8000\x9b\x0d\xceu\xf5i\xe7\xab+\
\xdae\xd4v\x1a\x95\x1cZ\x00\x945\xc3\x13\xe6(\x02\
.\x00\xde\x8cn#\xb4B\x0b\x805E\xe0V\xc7\x98\
\x1bV\xf7y\xff\xa1\x97\xf9\x95\x0dZ\x00\x94u\xa3\xa3\
\xa6\xbd\xe8p\x1e\x86\xf3\xd1\xab\x025\xa5\x05\xa0\xd6\xcc\
\xc3\xe0\xdc \xbesc\xff\x22\xd9i;\x8dJ6-\
\x00*T\x86'\xccQ\x12p\xae\x81\xb3\x81\x0e\xdby\
\xe2N\x0b@M\xec\x12\xb8M\x8c\xb9Q?\xed\xab0\
\xd1\x02\xa0B\xe9\x11c\xd2-c\xbcR\x84s\x0c\xbc\
\x06}\xf7@Uh\x01\xa8\x0e\x01?\x80\x1f\x8b\xf0\xf5\
\x82q\xbf}t\x9fL\xda\xce\xa4\xd4tZ\x00T\xe8\
m\x1b7=\x18\xde p&\xb0\x11\xfd\xbe\xad\x18-\
\x00\x15\x15\x00\xff)F\xbe\x19x\xceM\x03\xdd2d\
;\x90R\x07\xa3\xbfHU\xa4\xec\x984\x0b\xfd\x80\xd7\
\x8b\xe1\x0dh\x19\x987-\x00\x95`\x1e2\x86\x9b\x8c\
\xe7\xdd\xb8\xae[\x1e\xb7\x9dF\xa9\x99\xd2_\x9e*\xb2\
\x86v\x99\xe5\x8e\xc3\xeb\x8c\xf0Z\x81\x97\xa0\x83\x86f\
M\x0b\xc0\x9c\x04\xc0\xcf\x8d\xc8\xcd\xc6q\xbe\xa3\x8b\xbe\
\x8a*-\x00*\x16\x9e\x1d5\x1du\x0e\xa7\x18x\x03\
\x86W\x02u\xb63E\x81\x16\x80\x99\x11\xf0\x0d\xfc\xdc\
 7\xa5\xca\xceM\xab\x16\xcb\xb3\xb63)5_Z\
\x00T\xec\x0c\x0e\x9a\x8c\xdb\xc8\x89\x08\xa7\x02\xa7\x00\x0b\
mg\x0a+-\x00\x07&0l\xe0'\x08\xdf-\x15\
\xdc[\xf5%<*n\xb4\x00\xa8X3\xc6\xc8\xf6I\
6\x98\x80\x93\x1d8\xd9\xc0\x8b\x01\xcfv\xae\xb0\xd0\x02\
\xf0\x02e\xf6|\xca\xff\xbe\x8b\x7f\xfb\xea\xde\xd4\x7f\xeb\
\x96=\x15gZ\x00T\xa2\x0c\x0e\x9a\x8c\x97\xe5\x0f\x02\
x\x85\x18^\x01l \xc1?\x07Z\x00x\x1c\xb8C\
\x84;\xa6\x0a\xee\x0f\xf5S\xbeJ\x92\xc4\xfe\xe2S\x0a\
\xf6l1\x148\x11\xc3q\x06\xfeP`\x0d\x09z\x98\
0a\x05 \x10\xe47\xc6\x98\x9f\x02w\x19\xcf\xfd\x91\
n\xd5SI\xa6\x05@\xa9}\xec\xdem\xda\xa6\x84c\
q8N\xf6\x94\x82\x0d@\xbd\xed\x5c\xd5\x12\xe7\x02 \
\x907p?b\xee2\x22w\x99\xa2{\xf7\xba\xc3d\
\xc4v.\xa5\xc2B\x0b\x80R\x07a\x8c\xf1v\x8e\xb3\
\xd2\x08Ga8\xca\xc0\xb1\xc0\x91\xc4\xe4*A\xcc\x0a\
\xc0\xe3\x02w\x07\xc8}\x0e\xc1}u\x13\xde=+V\
H\xd1v(\xa5\xc2J\x0b\x80R\xb34<l\x9a\x82\
4\xeb\x5ca\xbd\x81#\x10\xd6cXK\x04\xdfh\x18\
\xd1\x020\x09\xfc\x1a\xf8%\x22\xbf\x22\x08~\xe5\xd5y\
\x0f\xac\xea\x941\xdb\xc1\x94\x8a\x12-\x00JU\x801\
\xc6\xdd1\xc6\x8a@X\x0b\xac\x14\xe8g\xcf\x9b\x0dW\
\x12\xe2b\x10\xf2\x020i\x90\xcd\x82\xd9l\x90\x87\x04\
\xb3\xd97\xee\xaf\xff\xa7\x8fG\xdf(\x12\xea\xe0JE\
\x81\x16\x00\xa5\xaa\xc8\x18\xe3\x0c\xed\xe60\xf1x\x91k\
Xf\x0c\xcb\x8d\xb0L`9\xb0\x0c\xc8\xda\xcc\x17\x82\
\x020\x06\xf28\x98\xc7\xc4\x98\xc7\x03\xc7y\x1c\x13<\
\xe6\x89\xf7\xdbU=<\xa5\xdb\xf0\x94\xaa\x1e-\x00J\
Y\xf4\xdc\x98\xe9t\x1d\x16\x8a\xcfB\x11\x16\x07\xc2\x02\
\x09X\x88\xb0\x18\xe8\xdc\xfbO\x07U\xfaY\xadb\x01\
0\x02\xdb\x0df\x18d\x9b\xc03\x01f\x8b\x88\xb3\x95\
\xc0<-\x04[\x8aNj\xcb\x86^\x19\xaeV\x00\xa5\
\xd4\xc1i\x01P*\xe4\x8c1\xee\xf0\x04\x9d\x9e\xa1\xc3\
\x87N\x03\x1dbh\xc1\xa1Y\x0c-\x01{\xfe\x8d\xd0\
\x04d\x80\x06\xf6\xec\x5c\xc8\x02)\x03\xcd\xf2\xc2\x87\x16\
\x1b\x814\xbc\xa0\x00\x14\xd9so\xfdw\x02`\xb7`\
J\xe0\x8c\x1bL\xc1@\x1e\x18w`\xdc\x08\xbb\xc4\x98\
\xdd\x818\xbb\xc4\x98]\x22\xec6\x98\xed\x8e\x04\xc3\xc6\
\xa9\xdb\xfe\x9bN\x86\xf52\xbdR\xe1\xf6\xff\x01Lw\
\xb3\xda\xc5$hV\x00\x00\x00\x00IEND\xaeB\
`\x82\
\x00\x00\x5c\xeb\
\x89\
PNG\x0d\x0a\x1a\x0a\x00\x00\x00\x0dIHDR\x00\
\x00\x02\x00\x00\x00\x02\x00\x08\x06\x00\x00\x00\xf4x\xd4\xfa\
\x00\x00\x00\x04sBIT\x08\x08\x08\x08|\x08d\x88\
\x00\x00\x00\x09pHYs\x00\x00\x0d\xd7\x00\x00\x0d\xd7\
\x01B(\x9bx\x00\x00\x00\x19tEXtSof\
tware\x00www.inksca\
pe.org\x9b\xee<\x1a\x00\x00 \x00ID\
ATx\x9c\xec\xddy\x9c\xdbU\xbd\xff\xf1\xd7If\
\xebB!-\x94\xad\xacC\x10\x1b\x10\xf9\x8a^\x9c\x22\
\xd6\xeb\xb8]\x5c\x11Q\x01Q\x7f*\x11F\x1dq\xbb\
n\x17\xf1\xba]\xb7\xab\xa3N!^\xbd.(.,\
\xca\xe2J\x94*\xb6*j\xa4J\xca\x95a\x04\x01\xd9\
iJ\xe9:3\xc9\xf9\xfd\x91\x94\x0ee\xb6$\xdf\xe4\
|\x97\xf7\xf3\xf1\x98\x07\xb3$\xdf\xef\x9bi\x9b\xef'\
\xe7|\xbe\xe7\x18k-\x22\x12l\x83\x85t\x12H\x01\
\x8b'}L\xf7\xf5<\xa0\xab\xf6\xd1=\xc5\xe7\x8f~\
o\xfb\xc6r\x12\x835P\xc1P\x01&0f\xc2\xc0\
8\x861`\x0c\xd8\x8ea\x9b\x81m\xc0V\x0c\x9b\x81\
-\xc0&\xe0\x11\x0c\x0f\x03\xf7\x19C\x01X7\xdc7\
:\xd1\x8e\xdf\x89\x884\xc7\xa8\x00\x10q\xabvq?\
\x108\xb8\xf6q\xc8\xa4\xcf\x0f\x06\x96\x01{\x02\xc6\xef\
so\xdfX\xf6\xfb\x90\x98\x04\xe3\xc6\x98\xcd\x18\x1e4\
\x86\x7fb\xb8\x15C\xd1@\x01\xc3\x1f\x87\xfbF\xb7\xfa\
~R\x11\xa9\x9b\x0a\x00\x916\x18,\xa4;\x804\xb0\
\xbc\xf6q\x14\xbb.\xf6\x07\x00I\x17\xb9ZQ\x00\xcc\
\xc6$(\x1bc\xb6`\xd8P+\x10\xfe\x8e\xe1f\x03\
\x7f\xc2p\xc3p\xdf\xe8\xc6\xb6\x87\x12\x89!\x15\x00\x22\
>\x1a,\xa4;\x81#\xd9u\xa1\xcf\xd4\xfe{$\xd0\
\xe90\xda\x94\x5c\x14\x00\xb31\x09&L\xc2\xdck\x12\
\x141\x5cg\x0c\x97\x0d\xf7\x8d\x8e\xba\xce%\x125*\
\x00D\x9a0XH?\x01X\x01\x9c\x08\xfc\x0b\xd5\x0b\
}\x87\xd3Pu\x08b\x010\x95ZQp_\xad(\
X]+\x0aF\x5c\xe7\x12\x093\x15\x00\x22s4X\
Hw\x03\xc7S\xbd\xe0\xaf\x00\xfa\x80\xbd\x9d\x86jR\
X\x0a\x80\xa9\xd4\x8a\x82\xfb\x8d\xa1H\xe2\xd1\xa2\xe0\x16\
\xd7\xb9D\xc2B\x05\x80\xc84\x06\x0b\xe9\xbd\xa9^\xe4\
w^\xf0\x8f\xa7\xdaA\x1f\x19a.\x00\xa62EQ\
\xf0\xd5\xe1\xbe\xd1\xfb\x5c\xe7\x12\x09\x22\x15\x00\x225\x83\
\x85\xf4\x91\xec\xba\xd8\x9f\x08<\xc1m\xa2\xd6\x8bZ\x01\
0\x95D\xd2l4In0\x86o`\xf8\xeep\xdf\
h\xc5u&\x91 P\x01 \xb14XHw\x01O\
\xa1z\xa1\xdf9\x9c\xbf\x8f\xd3P\x0e\xc4\xa1\x00\x98\xcc\
\x18*&i\xee0\x09~f\x12|i\xb8o\xf4&\
\xd7\x99D\x5cQ\x01 \xb11XH\xef\x07\xbc\x14x\
9\xf0\x0c\x226\x9c\xdf\x88\xb8\x15\x00\xbb3I\xb6%\
\x12f\x1d\x09\xbeo\x0c\xff3\xdc7\xba\xd9u&\x91\
vQ\x01 \x916XH\x1f\x0c\x9cB\xf5\xa2\xdf\x07\
$\xdc&\x0a\x96\xb8\x17\x00\x8fa\xb0\x89\xa4\xb9\xdf$\
\xf8\x951|yx\xc5\xe8/\x5cG\x12i%\x15\x00\
\x129\x83\x85t\x9a\xea\x05\xff\xe5T\x1b\xf7d\x1a*\
\x00\xa6g\x12\x8c\x9b\xa4\xb9\xc5$\xb8\xca\x18\xbe8\xdc\
7z\x8f\xebL\x22~R\x01 \x910XH\x1f\xc3\
\xaew\xfa\xc78\x8e\x13\x1a*\x00\xe6.\xd1a\xee1\
\x09\xbem\x12|d\xb8ot\x93\xeb<\x22\xcdR\x01\
 \xa15XH\x1f\xcf\xaew\xfai\xc7qBI\x05\
@\x03\x0c6\xd1an1\x09V\x19\xc3\x97tW\x81\
\x84\x95\x0a\x00\x09\x8d\xc1B:Au\x1e\xff\xe5T\xdf\
\xed\x1f\xec6Q\xf8\xa9\x00h\x8eI0\x91H\x9a?\
\x98\x04\x9f\x18^1z\xb5\xeb<\x22\xf5P\x01 \x81\
V\xbb\xe8\xff+\xd5\x8b\xfeK\x81\xfd\xdc&\x8a\x16\x15\
\x00\xfe1I\xb6%\x92\xe6Z\x93\xe0C\xc3}\xa37\
\xba\xce#2\x1b\x15\x00\x12H\xb5U\xf8\xde\x00\xbc\x19\
8\xd4m\x9a\xe8R\x01\xd0\x1a\x89\xa4y\xc8$\xb9\xdc\
$8_+\x11JP\xa9\x00\x90@\x19,\xa4\xff\x05\
\x18\x00NC\xf7\xe9\xb7\x9c\x0a\x80\x163\x90H\x9a\x7f\
\x98$_3\x86O\x0e\xf7\x8dnw\x1dId'\x15\
\x00\xe2\xdc`!=\x0fx5\xd5\x0b\xbf\xe78N\xac\
\xa8\x00h\x1fc\xa8\x98\x0e\xf3\xd7D\x82\x8f\x0d\xaf\x18\
\xbd\xd4u\x1e\x11\x15\x00\xe2\xcc`!}\x04p\x0e\xf0\
z \xe58N,\xa9\x00p#\x914%\xd3\xc1\x17\
\x8d\xe1\xc3\xba\x8b@\x5cQ\x01 mUk\xea{!\
p.\xf0\x5c\xc0\xb8M\x14o*\x00\xdc2\x09\xc6\x12\
\x1d\xe6\x0a\x93\xe0\xad\xc3}\xa3\x0f\xba\xce#\xf1\xa2\x02\
@\xdab\xb0\x90\xde\x07x#\x90\x05\x0eq\x1cGj\
T\x00\x04\x83\xa9\xae-\xf0;\x93d`\xb8o\xf4\xcf\
\xae\xf3H<\xa8\x00\x90\x96\x1a,\xa4\x9fNun\xff\
T\xd4\xd4\x178*\x00\x82'\xd1anK$\xf9\xe0\
\xf0\x8a\xd1K\x5cg\x91hS\x01 \xbe\x1b,\xa4\xe7\
\x03\xa7S\x1d\xe6?\xceq\x1c\x99\x81\x0a\x80\xe0J$\
\xcdF\xd3\xc1\x85\xc6p\xfep\xdf\xe8\x84\xeb<\x12=\
*\x00\xc47\x83\x85\xf4\x02\xe0\xad\xc0\xbb\x81\xc5\x8e\xe3\
\xc8\x1c\xa8\x00\x08>\x93`<\xd1a~h\x12\xbce\
\xb8o\xf4~\xd7y$:T\x00H\xd3\x06\x0b\xe9\x1e\
\xaa\xef\xf6\xff\x1dX\xea8\x8e\xd4A\x05@x\xd4\xfa\
\x04n0I\xde:\xdc7\xfa\x07\xd7y$\xfcT\x00\
H\xc3\x06\x0b\xe9.\xe0M\xc0\xfb\x81\x03\x1c\xc7\x91\x06\
\xa8\x00\x08\xa7D\x87\xb9=\x91\xe4\x03\xea\x13\x90f\xa8\
\x00\x90\xba\x0d\x16\xd2\x1d\xc0\xeb\x80\xff@\x1b\xf2\x84\x9a\
\x0a\x80pKt\x98;\x13I^?\xbcb\xf4\x17\xae\
\xb3H\xf8\xa8\x00\x909\xab\xdd\xc3\x7f\x06\xf0!\xa0\xd7\
q\x1c\xf1\x81\x0a\x80hHt\x9a\x9b\x12I^=\xdc\
7z\x93\xeb,\x12\x1e*\x00dV\x83\x85\xb4\x01^\
\x01|\x188\xcaq\x1c\xf1\x91\x0a\x80\x081\x90\xec0\
\xbf6I^5\xdc7z\x8f\xeb8\x12|*\x00d\
F\x83\x85\xf4K\x80\xff\x04\x9e\xe4:\x8b\xf8O\x05@\
\xf4\x18C%\xd1i~h\x12\xbcv\xb8ot\xb3\xeb\
<\x12\x5c*\x00dJ\x83\x85\xf4\xf3\x81\x8f\x00\xc7\xbb\
\xce\x22\xad\xa3\x02 \xbaj\xb7\x0f~\xd9$x\x9b\xf6\
\x1b\x90\xa9\xa8\x00\x90\xc7\x18,\xa4\x9f\x05|\x14\xe8s\
\x9dEZO\x05@\xf4\x99$\xdb\x12\x1d\xe6#\xabV\
\x8c~\xc2u\x16\x09\x16\x15\x00\x02\xc0`!\xfdT\xe0\
\x93\xc0\xb3\x5cg\x91\xf6Q\x01\x10\x1f\x89\xa4\xd9\x90\xe8\
`px\xc5\xe8\xb7\x5cg\x91`P\x01\x10s\x83\x85\
\xf4\x22\xe0cT\x17\xf2I8\x8e#m\xa6\x02 ~\
\x12\x1d\xe6\x8eD\x92\xd7\x0d\xaf\x18\xbd\xceu\x16q+\
\xb6\x05@\xed^\xf6e\xc0A\xc0\xfd\xc0\xadC\xdeH\
\xac^\x0d\x07\x0b\xe9S\x81!\xb4\x88Ol\xa9\x00\x88\
\xafD\xa7\xf9k\xa2z\xc7\xc0z\xd7Y\xc4\x8d\xd8\x14\
\x00\xb5[\xd9\x9e\x07\xbc\x85jG\xfb\x01@r\xd2C\
\xb6\x01\xeb\x81\xbf\x00\xdf\x1b\xf2F~\xd6\xf6\x90m2\
XH\x1f\x0a\x0c\x03\xff\xe68\x8a8\xa6\x02 \xe6\x0c\
6\xd9i~j\x12\x9c2\xdc7\xba\xddu\x1ci\xaf\
\xc8\x17\x00\x83\x85t7p\x16p\x1e\xf0\xc4:\x9e\xba\
\x068\x7f\xc8\x1b\xf9eK\x829P\x1b\xf5x\x07\xd5\
\x85|\xe6;\x8e#\x01\xa0\x02@\xa0\xda(\x98\xec0\
o\xd4\xd2\xc2\xf1\x12\xe9\x02`\xb0\x90>\x0a\xf8>p\
L\x13\x87\xf9\x15\xf0\x96!o$\xd4+l\x0d\x16\xd2\
O\x07r4\xf7\xbb\x90\x88Q\x01 \x93%;\xcd\x0d\
&\xc9\x0b\x86\xfbF7\xb8\xce\x22\xad\x17\xd9\x02`\xb0\
\x90>\x13\xb8\x10X\xe8\xc3\xe1\xb6\x03\xef\x1a\xf2F\x86\
}8V[\x0d\x16\xd2{\x01\xff\x05\x9c\x0d\x18\xc7q\
$`T\x00\xc8\xeeL\x82\xf1D\xa7y\xdf\xaa\x15\xa3\
\x9fu\x9dEZ+\x92\x05\xc0`!\xfd\x19\xe0\x9d-\
8\xf45\xc0\xeb\x87\xbc\x91\x07[pl\xdf\x0d\x16\xd2\
\xaf\x06>\x07\xec\xeb:\x8b\x04\x93\x0a\x00\x99N\xa2\xc3\
\xdc\x92\xe8\xe0\xf9\xc3}\xa3\xb7\xb9\xce\x22\xad\x11\xb9\x02\
`\xb0\x90>\x05\xb8\xbc\x85\xa7\xb8\x07x\xed\x907r\
m\x0b\xcf\xd1\x94\xc1B\xba\x17X\x05<\xd7u\x16\x09\
6\x15\x002\x93\xda\xb2\xc2\x9f[u\xe2\xe8\xbb\x5cg\
\x11\xffE\xaa\x00\x18,\xa4\x0f\xa4\xda\xc5\xbf\xb8\xc5\xa7\
\xb2\xc0g\x81\x0f\x0cy#c->\xd7\x9c\x0d\x16\xd2\
\x9d\xc0{\x80\x0f\x02=\x8e\xe3H\x08\xa8\x00\x90\xb9H\
t\x98{\x13\x1d\xfc\xdbp\xdf\xe8\x9f]g\x11\xffD\
\xad\x00\xc8\x03\xcfn\xe3)\x0b\xc0\xab\x87\xbc\x91[\xda\
x\xce)\x0d\x16\xd2\xcf\x00.\x02\x96\xbb\xce\x22\xe1\xa1\
\x02@\xe6\xacz\xcb\xe0%&\xc1Y\xda[ \x1a\x22\
S\x00\x0c\x16\xd2O\x03~\xef\xe0\xd4[\x80\xc1!o\
\xe4\xab\x0e\xce\xcd`!=\x9f\xea<\xff\x9bP\x93\x9f\
\xd4I\x05\x80\xd4+\x914\x0f':8mx\xc5\xe8\
\xcf]g\x91\xe6D\xa9\x00\x18\x02\xde\xe60\xc2\xa5\xc0\
\xd9C\xde\xc8\xc6v\x9dp\xb0\x90\xceP\xbd\xcdQ\xef\
\xfa\xa5!*\x00\x82\xa3+9AOr\x1c\x80\x0a\x06\
k\x0d\x95\xda\x87e\xd2\xe7\xb5\xaf]Kv\x9akM\
\x92\x17k\x01\xa1\xf0\x8aD\x010XH'\x81\x7f\xe2\
\xbe\xdb\xfd\x0e\xe0\xcc!o\xe4\xfaV\x9fh\xb0\x90~\
\x03\xf0E`^\xab\xcf%\xd1\xa5\x02\xc0\x9d\x84\xb1,\
\x99\xf7\x08{uoe^\xc7\x0e:\x12s\x1fU\xb7\
\xb3\x14\x08\x15&}n\x0d\x15\x12\x8f~>\xe5\xcf\x1f\
w\x8c\xc4\x14\xc7\xa8~>\x99I\xb0=\xd9i\xce\x1e\
^1z\xb1\xdf\xbf\x1fi\xbd\xa8\x14\x00\xfd@P\xba\
\xf2\xcb\xc0\xc7\x81\xff\x1c\xf2F&\xfc>\xf8`!\xbd\
\x07\xd5\xb9\xfe\xd3\xfd>\xb6\xc4\x8f\x0a\x80\xf6K&*\
,\x9d\xff0\xfb\xcc\xdbT\xd7E?(v/\x22\xc0\
\x8cu'\xc7\xff\x0al\xa5\xba\xa4\xfa\xb6I\x9f7\xf5\
\xbdl\xc6\x06\xa6\xc9:\x8a\xa2R\x00\xbc\x15\xf8\x82\xeb\
\x1c\xbb\xf9-p\xc6\x907\xe2\xdb=\xb4\x83\x85\xf4q\
\xc0\xf7\x80\xb4_\xc7\x94xS\x01\xd0^\x0b:wp\
\xd8\x9e\xf7\xd3\x95\xf4\xfd\xbdATU\xf0\xaf\xa0\x98\xed\
\xe7\xdb\xb3\x99\x08\x5c\x10\xeb\xd0\xe1:\x80O\x96\xb8\x0e\
0\x85\xa7\x037\x0e\x16\xd2\xe7\x0cy#M\xaf\xaf=\
XH\xbf\x05\xf8\x0c\xd0\xddt2\x11i\xbb}\xe6o\
b\xd9\xc2\x0d\x18\x13\xabkL\xb3\x12\xc0\x82\xdaG\xab\
\xd9\x5c\xd1lg\xe6Ba\x13\xf0\xd0\xa4\x8f\x9b\x81\xeb\
\xb2\x19\x1b\xcaJ:*#\x00_\xa4\xba\xcb_P]\
\x0c\x0c\x0cy#\x8f\xd4\xfb\xc4\xdaR\xbe_\x05N\xf1\
=\x95\xc4\x9eF\x00\xdac\x9f\xf9\x9b8h\x8f\x87\x5c\
\xc7\x90\xd6\xb8\x8f\xea\xc8\xec\xb7\xb3\x19{\x83\xeb0\xf5\
H\xb8\x0e\xe0\x93 \x8e\x00L\xf6\x1a\xe0\xcf\xb5[\x15\
\xe7l\xb0\x90\xfe\x17\xe0\xcf\xe8\xe2/\x12Z{tm\
g\xd9\x1e\xda['\xc2\xf6\xa5z\x07\xda\xefsE\x93\
\xcf\x15\xcd\x81\xae\x03\xcdUT\x0a\x80E\xae\x03\xccA\
/\xb0f\xb0\x90~\xdf`!=\xe3\xef}\xb0\x906\
\x83\x85\xf4\xbb\x80\xeb\x81C\xdb\x11ND\xfc\xd7\x99(\
s\xd8\x9e\xf7c\x08\xffH\xab\xcc\xc9\xb3\x81\xbf\xe4\x8a\
&\x14o\xda\xa2R\x00\x84eo\xfb\x0e\xaaw\x08\xfc\
b\xb0\x90^6\xd5\x03\x06\x0b\xe9%\xc0\xd5\xc0\xa7\x81\
\xce6f\x13\x11\x9f\xed\xb7`#\x1d\x09M\xb3\xc4\xcc\
b\xe0\xf2\x5c\xd1|\xc6u\x90\xd9D\xa5\x00\x08\xdb\xbd\
\xf0+\x81u\x83\x85\xf4\xcb&\x7f\xb3\xb6\x9c\xef:\xe0\
d\x17\xa1D\xc4?\x9d\x892{\xcf\xab\xbb\xedG\xa2\
\xe3\x9d\xb9\xa29\xd3u\x88\x99D\xa5\x09\xf0F\xe0X\
\xd79\x1a\xf4e\xaa[\x17\xbf\x1d\xb8\x00H:M#\
\xb1\xa2&\xc0\xd6Y\xb6\xc7C,\x9d\xbf\xc9u\x0cq\
k3\xf0\xd4l\xc6\xfe\x9f\xeb S\x89\xca\x08@X\
\xa6\x00\xa6r6\xd5-\x86?\x82.\xfe\x22\x91\xb1g\
\xf76\xd7\x11\xc4\xbd\x85\xc0\xf7sE\x13\xc8\xdb\xb7\xa3\
R\x00\x84m\x0a`w\x0b]\x07\x10\x11\xfft$\xca\
t\xd7\xd6\xf5\x97\xd8;\x068\xcbu\x88\xa9D\xa5\x00\
\x08\xf3\x08\x80\x88D\xcc\x82\xce\x1d\xae#H\xb0\x9c\x97\
+\x1a\xf7;8\xed&*\x05@\xd8G\x00D$B\
:\xd5\xf9/\x8f\xf5D\xe0y\xaeC\xec.\xf4\x05\xc0\
`!m\x80\x1e\xd79DDDf\x10\xb8\xd5j\xa3\
\xb0\x17@\x0f\x04`sl\x91\xf6\x99\xa0\xda8z\x17\
\xd5m\xb0\xff\x09\xdc\xcbc\xd7-\xdf\xf9\xb1}\xa6\xef\
u\xf4\x98\x0e`\xcfG?,\x8b\x80=\x80=m\xb5\
7\xa5\xfaa\x1f]\x8f}>\x96\xfd-\xec\x8be\x89\
\xb5,\xc2\xda\x1e[Q\x03\xebd\xe1\xbf\xb7JZ\xe0\
I\xae\x03\xec.\x0a\x05\x80\x86\xff%J\xc6\x80\xdby\
\xec\xc5\xfd\xae\xdd\xfe{\xdf\x907\xe2\xd7>\xb2\x13T\
\x0b\x82\xfb\x9a9\xc8\xc0\xda\xde\x04p\x14\x96\x8c\xad\xfe\
\xb7\x17\xcb2\x0b\xfbaYj+6e+\x91x\xbd\
\x99\x93r%\xf4\x83\xab\xe2\xbf\x03rE\xd3\x91\xcd\xd8\
\xc0l\x05\x19\x85\x7f\x90j\x00\x94\xb0\xba\x87\xea\xc2O\
\x7f\x99\xf4\xdf\xff\x1b\xf2F\x02\xf3\x021W\xc3}\xa3\
\x15`}\xedcJ\x03k{\xf7\xc6\xf2|k9\x11\
\xcb\xb1\xd6r\xa8\xad\xd8%\xb6\x12\xbd\x15/\x1f\x19\x9f\
\x87EC\x93\xf2\x18I`\x19\xd5\x02?\x10\xa2P\x00\
h\x04@\x82n\x07\xd5\x0b\xe3\xe4\x0b\xfd\xba!o\xe4\
A\xa7\xa9\xdal\xb8o\xf4A\xe0[\xb5\x8fG\x0d\xac\
\xed\xdd\x0b\xcbs\xac\xe5$,O\xb6\x96#l\xd9.\
\xb56\xbc=J\xe5J\x82\xad\xe3\xdd\xba\x1b@vw\
\x10*\x00|\xa5\x02@\x82\xe6N\xe0\x97\xc0u\xc0\x1f\
\x81\xbf\x85\xf1]}\xbb\x0c\xf7\x8dn\x04.\xad}<\
j`M\xefs\xad\xe5U\xb6\xc2\x89\xb6b\x0f\xb1\x15\
\xba\xdc$l\xcc\xa6\x1d\xf3U\x00\xc8\xee\xeew\x1d`\
\xb2(\x14\x00\x9a\x02\x10\xd7\xee\xa7z\xb1\xff%\xf0\xcb\
!o\xe4V\xc7y\x22ax\xc5\xe8\xcf\x81\x9f\xef\xfc\
z`m\xefQ\xd6\xf2Z[\xa1\xdfV8\xca\x96m\
\xa0\x17\xd0\xda\xb8c>\xfb/,\xb9\x8e!\xc1\xb1\x0d\
\x08\xd4kC\xe8\xf7\x02\x18,\xa4\x9fE\xf5\x85W\xa4\
]6\x02\xbfb\xd7\x05\xff&\xc7ybi`m\xef\
bk9\x93\x0a/\xabTx\x9a-\xdb\xc0\xbd\x19\xc8\
\xec}'\xddI\x0d\xfe\x08\x00\x7f\xcaf\xec\xf1\xaeC\
L\xa6\x11\x00\x91\xd9MP\xbd\xe0\xff\x9c\xeaE\xbf\xe0\
c\x17\xbe4h\xb8ot\x03\xf0\x85\xda\x07\x03k{\
\x9fb+\x9cg+<\xb72a\xf7q\x9b\xaej\xe3\
\x8e\x05\xec;\xffa\xd71$\x18\xfe\xe2:\xc0\xee\xa2\
P\x00\xa8\x07@Z\xa1\x0c\xac\x06\xbe\x0f\x5c\x11\xb7\x86\
\xbd0\x1a\xee\x1b\xfd\x13p&\xc0\xc0\xda\xde\xa5\xb6\xc2\
;l\x85Sl\xd9\xf6\xbaj(\xdc\xb8}\xbe\x0a\x00\
\xd9\xe9{\xae\x03\xec.\x0aS\x00\xaf\x01\xbe\xe9:\x87\
DB\x85\xea;\xfd\x9d\x17\xfd@5\xecHc\x06\xd6\
\xf6vX\xcb\x1b\xa8\xf0\xbaJ\xd9\x1eg+\xb4ug\
\xb6c\xf6\xb9CK\x03\xcb\x9al\xc6\x9e\xe8:\xc4\xee\
\xa20\x02\xa0)\x00iF\x05\xb8\x9e\xeaE\xff\xf2!\
o\xa4\xa9\x05q$x\x86\xfbF'\x80\x5c\xed\x83\x81\
5\xbd\xa7T*\xbc\xcfNX\xaf\x1d#\x03\x0f\xef\x98\
\xcf\xde\xf3\x1ei\xf5i$\xd8>\xe4:\xc0T\xa2P\
\x00h\x0a@\xeaU\x01\xd6P\xbd\xe8_6\xe4\x8d\xdc\
\xeb8\x8f\xb4\xd1\xf0\x8a\xd1+\x80+\x06\xd6\xf6vY\
\xcb\xfbm\x997T&\xec\xb2V\x9do\xe3\xf6\x05*\
\x00\xe2\xedW\xd9\x8c\xfd\x85\xeb\x10SQ\x01 qr\
\x1f\xf0U 7\xe4\x8d\xdc\xe1:\x8c\xb85\xdc7:\
\x06\x5c\x00\x5c0\xb0\xb6\xf70[\xe1c\x952/\xf2\
\xfb\xf6\xc2G\xc6z(W\x12$\x13\xea\x1b\x8d\xa1\xed\
\x04p\x13\xa0\x9d\xa2P\x00h\x0a@fs=\xb0\x8a\
\xea\xbc\xfe\x98\xeb0\x12<\xc3}\xa3\xb7\x01\xa7\x03\x0c\
\xac\xe9}\xbe\xadp~\xa5l\x9f\xe6\xc7&G\x16\xc3\
\xc3c\xf3Y\xdc\xb3\xb9\xe9\x9c\x12:\xef\xcafl`\
o\x13\x8eB\x01\xa0\x11\x00\x99\xca#\xc0\xc5\xc0\x85\xba\
O_\xea1\xbcb\xf4\xa7\xc0Ok\xcd\x83\xef\xb3\x13\
\x0cV\xcavI3\xc7\xdc\xb8}\x81\x0a\x80\xf8\xb9&\
\x9b\xb1\xc3\xaeC\xcc$\x0a\x05\x80F\x00d\xb2\xbfR\
}\xb7\xff\xad!oD\xaf\xb8\xd2\xb0Z\xf3\xe0G\x80\
\x8f\x0c\xac\xe9=\xa5R\xe6\xbf*\x136\xdd\xc8\xb16\
\x8d\xcd\xa3b\x0d\x09\x13\xee\xbb\xaed\xce\xee\x01^\xef\
:\xc4l\xa2P\x00h\x04@\xc6\x80\xcb\xa8\xbe\xdb\xff\
\x8d\xeb0\x12=\x93\x1a\x07\x8f\xb6e\x86+\x13\xf6\xc4\
z\xee \xa8X\xc3\xa6\xb1\xf9\xec\xd5\xbd\xa5\x85)%\
 ,\xf0\xdal\xc6\x06~\xed\x10\x15\x00\x12f%`\
\x88\xea\x85_\xf7\xecK\xcb\x0d\xf7\x8d\xde\x04<s`\
m\xef^\xb6\xc2\x17*\x13\xf6\xb4\xb9\xae+\xb0q\xbb\
\x0a\x80\x98\xf8l6c\xafu\x1db.\xa2P\x00h\
\x0a ~\x1e\x02\xfe\x1b\xf8\xd2\x907\xb2\xc9u\x18\x89\
\x9f\xda\x0e\x86g\x0d\xac\xed}\x9d\xb5\xbc\xdfN\xf0\xf6\
\xd9\xfa\x04\x1e\xde1\x1f\x8b\xc1\xa0i\x80\x08+\x00\x1f\
p\x1db\xae\xa2\xb0\x12\xe0\xb5@\xbf\xeb\x1c\xd2\x16\xf7\
\x03\x9f\x05Vi~_\x82f`M\xef\xe9\x952\x9f\
\x9fi\x1f\x82#R\xf7\xb2\xa8k[;cI\xfbl\
\x01\xbcl\xc6\xde\xe2:\xc8\x5ci\x04@\xc2\xe0^\xe0\
\xd3\xc0EC\xde\xc8V\xd7aD\xa62\xbcb\xf4\x12\
\xe0\x92s\xd7\xf4\xbe\xd9N\xf0\x89J\xd9\xee\xb5\xfbc\
6n_\xa0\x02 \xba\x06\xc3t\xf1\x87h\x8c\x00\x14\
\x80\xe3\x5c\xe7\x90\x96\xf8'\xf0I\xe0\x7f\x86\xbc\x91\xed\
\xae\xc3\x88\xd4\xe3\xdc5\xbd\xef\xa9Lp\xbe-\xdb\x05\
;\xbf\xd7\x99(s\xcc>Z\x83*\x82.\xcdf\xec\
i\xaeC\xd4\xcb\xc9\x0eY>S\x13`\xf4\xdc\x01\x9c\
\x0b\xf4\x0ey#_\xd4\xc5_\xc2h\xd5\x8a\xd1O]\
\xf4\xcc\xd1\x85\xc9n\xf31\x93`;\xc0x%\xc9\xe6\
\xf1\x1e\xd7\xd1\xc4_w\x00g\xbb\x0e\xd1\x88(\x14\x00\
\x9a\x02\x88\x8e\xbb\xa8\xfeC:b\xc8\x1b\xb9p\xc8\x1b\
\xd9\xe1:\x90H\xb3V\xad\x18\xfd`\xb2\xcb,Hv\
\x99/\x9a\x04c\x1b\xb7\xeb%+B\xca\xc0\x99\xd9\x8c\
\xdd\xe8:H#\xa20\x05p?0m\xd3\x8d\x84\xc2\
V\xaas\xfc\x9f\xd2\x1c\xbfD\xd9\xc0\xda\xde\xae\x1e3\
\xf6\xcd#\x17\xdd\xf5J\xd7Y\xc4\x17\x1f\xc9f\xec\xf9\
\xaeC4JM\x80\xe2\x92\x05\xbe\x03\xbcw\xc8\x1b\xb9\
\xd3u\x18\x91V\xabm@\xf4\xaa\x5c\xd1\xf4\x02\xc7\xbb\
\xce#M\xf9-\xf0\x9f\xaeC4#\x0a\x05\x80z\x00\
\xc2\xe9\x06\xe0\xedC\xde\xc8o]\x07\x11q\xe02T\
\x00\x84\xd9&\xe0\x8cl\xc6N\xb8\x0e\xd2\x8cP\xf7\x00\
\x0c\x16\xd2]\x84\xfc\xff!\x86\xfe\x09\x9c\x05\x9c\xa0\x8b\
\xbf\xc4\xd8e\xae\x03HS\xce\xc9f\xecm\xaeC4\
+\xec#\x00\x1a\xfe\x0f\x8fm\xc0g\x80O\x0ey#\
Z\x0fUb-\x9b\xb1\xa3\xb9\xa2\xf93\xba\x859\x8c\
.\xcef\xec%\xaeC\xf8!\xec\x05\x80\x86\xff\xc3\xe1\
\xbb\xc0\xbf\x0fy#\xba\x01Zd\x97KQ\x01\x106\
\xa3\xc0\x80\xeb\x10~\x09{\x01\xa0\x11\x80`\xfb3\xf0\
\x96!od\xad\xeb \x22\x01t\x19\xf0q\xd7!d\
\xce&\x80\xd3\xb3\x19\xfb\x88\xeb ~\x09\xfb\xfc\xb9F\
\x00\x82m?`o\xd7!D\x82(\x9b\xb1#\xc0_\
\x5c\xe7\x909;?\x9b\xb17\xb8\x0e\xe1'\x15\x00\xd2\
J\xfb\x03W\x0e\x16\xd2\xdf\x1e,\xa4g\xdc)M$\
\xa6.u\x1d@\xe6d5\xd5e\xc9#%\xec\x05\x80\
\xa6\x00\xc2\xe1t\xa08XH\x9f\xe2:\x88H\xc0\xe8\
n\x80\xe0\xdb\x00\xbc&\x9b\xb1\x15\xd7A\xfc\x16\xf6\x02\
@#\x00\xe1\xb1/p\xf9`!\xfd\xbd\xc1BZ+\
7\x8a\x00\xd9\x8c\xfd?\xe0&\xd79dFo\xccf\
\xec]\xaeC\xb4B\xd8\x0b\x00\x8d\x00\x84\xcfiTG\
\x03B\xb7s\x96H\x8bh\x14 \xb8\xbe\x9c\xcd\xd8\x1f\
\xb8\x0e\xd1*a/\x004\x02\x10N\xfb\x00\xdf\x1b,\
\xa4/\x1f,\xa4\xf7u\x1dF\xc41\x15\x00\xc1\xb4\x19\
x\xa7\xeb\x10\xad\xa4\x02@\x5c:\x85\xeah\xc0\xe9\xae\
\x83\x88\xb8\x92\xcd\xd8\x22p\xb3\xeb\x1c\xf28\x0b\x81\xb7\
\xbb\x0e\xd1Ja/\x004\x05\x10~K\x80o\x0f\x16\
\xd2?\x1c,\xa4\xf7w\x1dF\xc4\x11\x8d\x02\x04\xd3\x05\
\xb9\xa29\xc9u\x88V\x09{\x01\xa0\x11\x80\xe8x\x09\
\xd5\xd1\x80\xb3\x5c\x07\x11q@\xb7\x03\x06S\x12\xb8$\
W4\x91\x5c\xcf$\xec\x05\x80F\x00\xa2%\x05|c\
\xb0\x90\xbef\xb0\x90>\xd0u\x18\x91v\xc9f\xec_\
\x81[\x5c\xe7\x90)\x1d\x08|3W4\xc6u\x10\xbf\
\x85\xbd\x00\xd0\x08@4\x9dLu4\xe0\xf5\xae\x83\x88\
\xb4\x91\xa6\x01\x82\xeb\x05\xc0\xbb]\x87\xf0\x9b\x0a\x00\x09\
\xaa=\x81\xff\x1d,\xa4\x7f2XH\x1f\xe4:\x8cH\
\x1bh\x1a \xd8>\x96+\x9a\xa7\xbb\x0e\xe1\xa7\xb0\x17\
\x00\x9a\x02\x88\xbe\xe7\x037\x0d\x16\xd2or\x1dD\xa4\
\x95\xb2\x19{#\xd5\xdd\xe6$\x98:\x80\xef\xe6\x8a&\
\xe5:\x88_\xc2^\x00h\x04 \x1e\x16\x01_\x1e,\
\xa4\xaf\x1d,\xa4\x0fq\x1dF\xa4\x854\x0a\x10l\x07\
\x03_s\x1d\xc2/a/\x004\x02\x10/\xfdTG\
\x03\xce\x19,\xa4#\xd7\x90#\x82\xfa\x00\xc2\xe0%\xb9\
\xa2\x19t\x1d\xc2\x0fa/\x004\x02\x10?\x0b\x81U\
\xc0\x0f\x07\x0b\xe9\x1e\xd7aD\xfc\x94\xcd\xd8?\x01\xb7\
\xb9\xce!\xb3\xfaT\xaeh\x8ew\x1d\xa2Y*\x00$\
\xac^\x0c\xfcx\xb0\x90^\xe8:\x88\x88\xcf4\x0a\x10\
|]\xc0\xf7rE\xb3\xc8u\x90f\x84\xbd\x00\xd0\x14\
@\xbc=\x0b\xb8v\xb0\x90\xde\xcbu\x10\x11\x1f\xa9\x00\
\x08\x87\xc3\x81\xaf\xb8\x0e\xd1\x8c\xd0\x16\x00\xf9\x92w|\
O\x87\xe9u\x9dC\x9c;\x01\xf8\x96\xeb\x10\x22~\xc9\
f\xec\x0d\xc0\x1d\xaes\xc8\x9c\xbc\x22W4ov\x1d\
\xa2Q\xa1,\x00\xf2%\xaf\x03\xf8J\x02\xa3w~\x02\
p\xf2`!\xfd*\xd7!D|\xa4Q\x80\xf0\xf8\x5c\
\xaeh\x8eu\x1d\xa2\x11\xa1,\x00\x80w\x01\xc7V\xac\
u\x9dC\x82ch\xb0\x90^\xec:\x84\x88OT\x00\
\x84G\x0f\xf0\xfd\x5c\xd1\x84\xae\x1f)t\x05@\xbe\xe4\
\xa5\x81\x0f\x01\x94u\xfd\x97]\x96\x02\x1fq\x1dB\xc4\
'\xbf\x03\xeer\x1dB\xe6\xecH`\xd8u\x88z\x85\
\xaa\x00\xc8\x97<\x03|\x99j\xc5\x85F\x00d7\xaf\
\x1c,\xa4\x93\xaeC\x884+\x9b\xb1\x16\xb8\xdcu\x0e\
\xa9\xcbY\xb9\xa2y\x8e\xeb\x10\xf5\x08U\x01\x00\xbc\x01\
X\xb9\xf3\x0b\x8d\x00\xc8n\x96\x00'\xba\x0e!\xe2\x13\
\xad\x0a\x18>\x17\xe6\x8a&4\xeb\x93\x84\xa6\x00\xc8\x97\
\xbc\xfd\x80O\xef\xfc\xba\xa2\x8b\xbfL\xed\xa5\xae\x03\x88\
\xf8d-p\xb7\xeb\x10R\x97^\xe0\x83\xaeC\xccU\
h\x0a\x00\xe0\x8b\xc0\xa3]\xffe\x0d\xff\xcb\xd4\xfa]\
\x07\x10\xf1Cm\x1a\xe0\x0a\xd79\xa4n\xef\xc9\x15\xcd\
r\xd7!\xe6\x22\x14\x05@\xbe\xe4\xbd\x048u\xf2\xf7\
4\x02 \xd3\xd8\xd3u\x00\x11\x1fi\x1a |:\x81\
\x8brE\x13\xf8\xfdJ\x02_\x00\xe4K\xde\x22\xa6\xe8\
\xae\xd4\x08\x80LC\xcbCK\x94\xfc\x06\xb8\xd7u\x08\
\xa9\xdb3\x80\xff\xe7:\xc4l\x02_\x00\x00\xff\x05\x1c\
\xb8\xfb75\x02 \xd3\xd0\xf2\xd0\x12\x19\xd9\x8c\xad\xa0\
i\x80\xb0\xfaT\xaeh\xf6q\x1db&\x1d\xae\x03\xcc\
$_\xf2N\x04\xa6\x5cfQw\x00\xc84t\x1b\xe0\
4\xca\xab\x97{T\xa7\xd2\x8e\xa0\xba\x8e\xf9\xe1\x89\x07\
z\xf6\x22a7\xdb\x04\xf7\x92\xb0\xb7\x92\xb4\x9fM\xbc\
p\xdd/\xdc&\x95\xdd\x5c\x06\x9c\xeb:\x84\xd4m1\
\xf0Y\xe0,\xd7A\xa6cl@\x87\xd2\xf3%\xaf\x1b\
\xb8\x118j\xaa\x9fo\xd8^f\xcd=[\xdb\x1bJ\
\xc2\xe0\xfa!o\xe4$\xd7!\x82\xa2\xbcz\xf9|\xe0\
\x0c\xe0l\xe0q\xdb\x97&\xee\x9bb\xc6\xa4\xabr\x97\
\xed\xa8\xbc/\xf1\xa2u\xdac!\x00rE\x93\xa4z\
7\xc0R\xd7Y\xa4!\xcf\xcef\xec/]\x87\x98J\
\x90\xa7\x00>\xc04\x17\x7f\xd0\x14\x80LK\xef^k\
j\xef\xf8\xd7Q]<k\xee{\x97\x8f%\x96\x99\xad\
\x1d\x17\xdb+\x8e{\xa8r\xf5\xb1\x81\x9f\xc7\x8c\xbal\
\xc6\x96\x81\x1f\xb8\xce!\x0d\xbb(W4\xdd\xaeCL\
%\x90\x05@\xbe\xe4e\x80\xf7\xce\xf4\x18\xad\x02(\xd3\
\xc8\xbb\x0e\x10\x04\xe5\xd5\xcb\x07\x81\xdfR\x1d\xeeo\xcc\
xb\xb1\xd9\xd6\xf1\xd5\xcaU\xc7j\x89e\xf7\xb47\
@x\xa5\x81\xf7\xbb\x0e1\x95\xc0\x15\x00\xf9\x92\x97\xa0\
\xba\xc7r\xe7L\x8fS\x0f\x80L\xe1>\xe0\xf7\xaeC\
\xb8V^\xbd<\x07|\x1e\xe8j\xfa`\x16\xcc\xb6\x8e\
\x0fV\xae:vU\xd3\xc7\x92f\xac\x06\x1et\x1dB\
\x1a\xf6\xde\x5c\xd1<\xc1u\x88\xdd\x05\xae\x00\x00\x06\xa8\
\xee\xf1>#\x8d\x00\xc8\x14\xde5\xe4\x8dL\xb8\x0e\xe1\
Ry\xf5\xf2\xf7P\x9d\xef\xf7\x95\xd9\xd6qN\xe5\xaa\
'\x7f\xc7\xef\xe3\xca\xdcd3v\x02\xf8\xa1\xeb\x1c\xd2\
\xb0.\xe0\x22\xd7!v\x17\xa8\x02 _\xf2R\xc0\x7f\
\xce\xe5\xb1\x1a\x01\x90\xdd\xfcj\xc8\x1b\x89u\xd3Zy\
\xf5\xf2\x97S\xbdm\xb6%\xcc\xb6\xe4\xab*W\x1f\xfb\
\xdaV\x1d_f\xa5i\x80p[\x99+\x9a\xd7\xb9\x0e\
1Y\xa0\x0a\x00\xe0}LZ\xeew&Z\x08H&\
\x19'\xe6\xb7I\x95W/?\x0c\xf8&\xd0\xd2\xd5\xc7\
\xccx\xe2\xbf[y|\x99\xd1/\x80\x0d\xaeCHS\
>\x93+\x9a%\xaeC\xec\x14\x98\x02 _\xf2\x96\x01\
o\x9d\xeb\xe3u\x17\x80\xd4\x8c\x03g\x0ey#\xeb]\
\x07q\xec\xf3\xb4c\x11\xa4\xf1\xc4\xe2\xca\xd5\xc7\xfe{\
\xcb\xcf#\x8fS\x9b\x06\xb8\xd2u\x0ei\xca\x12\xe03\
\xaeC\xec\x14\x98\x02\x00\xf800\xe7m\x145\x05 \
\xc0v\xe0eC\xde\xc8\xf7]\x07q\xa9\xbcz\xf9\xc9\
\xc0\x8b\xdbu>3\x96<\xbfr\xcd\xb1Az\xed\x88\
\x13M\x03\x84\xdf\xebrE\xf3L\xd7!  \x05@\
\xbe\xe4=\x11\xa8knQM\x80\xb1\xb7\x09\xf8\xb7!\
o\xe4G\xae\x83\xb8T^\xbd\xbc\x07\x18j\xebI'\
\xcc|,oj\xeb9e\xa7k\x81\x8d\xaeCH\xd3\
\x021\x95\x16\x88\x02\x00\xf88u.\xe1\xaa\x11\x80\xd8\
\x9a\x00V\x01\xe9!o\xe4:\xd7a\x02\xe0=T\xf7\
 o/k\x9e\xd1\xf6s\x0a\xd9\x8c\x1d\x07\xaer\x9d\
C\x9a\xe6\xe5\x8a\xe6\x14\xd7!\x9c\x17\x00\xf9\x92\xf7t\
\xe0\xa5\xf5>O#\x00\xb1c\xa9\xae\x86\x96\x19\xf2F\
\x06\x86\xbc\x91\xfb]\x07r\xad\xd6\xf87\xe3\x82Y-\
S\xe1\x18'\xe7\x15\xd0\x16\xc1Q\xf1\xe1\x5c\xd18\xbd\
\x06\x07a3\xa0O6\xf2\xa4r\xc5\xef\x18\x12@\x15\
`\x0d\xd5y\xcf\xcb\x87\xbc\x91\x7f:\xce\x134\x9f\xc7\
\xd1\xf6\xc7\xa6b\x0erq^\x01\xaa\xd3\x00\x9b\x80E\
\xae\x83HS\x8e\x06^\x098[_\xc3\xe9f@\xf9\
\x92w2pM#\xcf-\xdc\xbf\x8d\x7fn\x89\xf5\x9a\
/QU\x01\xae\xa7\xfa.\xe7\x8a!o\xe4\x1e\xc7y\
\x02\xa9\xd6\xf8\xd7\xd0\xbf\x9d\xc9\xa6\xdc\x0chNO\xb4\
\x15\xf3\x8a\x82v^t$W4\xdf\xa2\xba\xc9\x93\x84\
\xdb-\xc0\xf2\xda~\x0fm\xe7l\x04\xa0\xb6\xe4\xef'\
\x1a}\xbez\x00\x22\xa5\x0c\xfc\x8a\xeaE\xff\x07C\xde\
\xc8}\x8e\xf3\x04\x9a\x93\xc6\xbf\xddU\xdc\x0e]\x0a\x97\
\xa2\x02 \x0a\x8e\xa4\xba]\xf0\xd7\x5c\x9c\xdc\xe5\x14\xc0\
\x99\xd0\xf8<\xa2\x0a\x80\xd0\x9b\x00\xae\xa3:\xbc\xff\x83\
!o\xe4\x01\xc7y\xc2\xc4M\xe3\x9f\x04\xc9\xcf\x80G\
\x80=\x5c\x07\x91\xa6\x9d\x9f+\x9ao\xd5\x1a<\xdb\xca\
I\x01\x90/y\xdd\xccq\xc9\xdf\xe9\xa8\x090\x94\xc6\
\xa9\xaefv\x19\xf0\xc3!o\xe4!\xc7yB\xc7i\
\xe3\x9f\x04F6c\xb7\xe7\x8a\xe6\x1a\xe0\xd5\xae\xb3H\
\xd3\x0e\x05\xde\x08\x5c\xd8\xee\x13\xbb\x1a\x018\x078\xa4\
\x99\x03h\x04 4\xc6\xa86-]\x06\x5c9\xe4\x8d\
\x94\x1c\xe7\x09;g\x8d\x7f\x128\x97\xa1\x02 *>\
\x90+\x9a\xafe3v{;O\xda\xf6\x02 _\xf2\
\x16\x01\x1fh\xf68\x1a\x01\x08\xb4\x1d\xc0\xcf\xa9\xceS\
^5\xe4\x8d<\xec8O$\xb4{\xc5?\x09\xbc\x9f\
\x00[\x80\x05\xae\x83H\xd3\x0e\xa4\xfa\xc6\xf8s\xed<\
\xa9\x8b\x11\x80w\x03{7{\x10\x8d\x00\x04\xcev\xe0\
\xa7T/\xfa\xd7\x0cy#\x9b\x1c\xe7\x89\x94@4\xfe\
I\xa0d3v[\xaeh~\x04\x9c\xe6:\x8b\xf8\xe2\
\xbd\xb9\xa2\xf9r6c\xb7\xb4\xeb\x84m-\x00\xf2%\
o_\xe0<?\x8e\xa5\x11\x80@\xd8J\xf5]\xc8e\
T/\xfa\x9b\x1d\xe7\x8925\xfe\xc9T.C\x05@\
T,\xa5\xba!^\xcb\xb6\xf4\xde]\xbbG\x00\xce\xc7\
\xa7\xe1*\x8d\x008\xb3\x05\xf8\x11\xd5\x17\x9e\x1f\x0dy\
#[\x1d\xe7\x89<5\xfe\xc9\x0c~D\xb5\x10o\xfd\
N\x90\xd2\x0e\xef\xce\x15\xcd\xaal\xc6\xb6e\x04\xb5m\
\x05@\xbe\xe4\x1d\x0e\xfem \xa2\xed\x80\xdb\xea\x11\xaa\
\x8b\xce\x5c\x06\xfcd\xc8\x1b\xd9\xe68O\xdc\xa8\xf1O\
\xa6\x94\xcd\xd8\xad\xb9\xa2\xf9\x09\xf0r\xd7Y\xc4\x17\x8b\
\x81w\x00\x17\xb4\xe3d\xed\x1c\x018\x0f\xe8\xf4\xeb`\
eM\x01\xb4\xda&\xe0j\xaas\xfa?\x1b\xf2F\xda\
\xda\x9d*Uj\xfc\x939\xb8\x0c\x15\x00Qr^\xae\
h\xbe\x90\xcd\xd8\x0d\xad>Q[\x0a\x80|\xc9K\x01\
\xaf\xf7\xebx\xd6V?\xc4w\x1b\xa9\xee4v)p\
\xed\x907\xb2\xc3q\x9eXS\xe3\x9f\xcc\xd15T\x9b\
p{\x5c\x07\x11_,\xa2\xda\xf3\xd3\xf2i\xbfv\x8d\
\x00d\xf1\xf1V\x15\xbd\xfb\xf7\xd5\x06\xe0J\xaa\xef\x22\
\xae\x1d\xf2F\xda\xbe\x1a\x95LK\x8d\x7f2\xabl\xc6\
n\xce\x15\xcdOi`WU\x09\xac\xb7\xe6\x8a\xe6s\
\xd9\x8cm\xe9\xb2\xe8-/\x00\xf2%\xaf\x13x\x8b\x9f\
\xc7\xd4\xfc\x7f\xd3\x1e\x04~H\xf5\xa2\xff\x8b!oD\
\xbb*\x05\x8c\x1a\xff\xa4N\x97\xa2\x02 J\xe6\x03\xef\
\x03\xde\xde\xca\x93\xb4c\x04\xe0\x95T\x179\xf0\x8d\xee\
\x00h\xc8\xfd\xc0\x0f\xa8^\xf4W\xeb\xa2\x1fxj\xfc\
\x93z\x5cCu\x01\xaen\xd7A\xc47\xd9\x5c\xd1|\
2\x9b\xb1-\xdb\x11\xb5\x1d\x05\xc0;\xfc>\xa0\xd6\x00\
\x98\xb3{\x81+\xa8^\xf4\x7f=\xe4\x8d8\xd9rR\
\xea\xa3\xc6?\xa9W6c7\xe5\x8a\xe6\xe7\xc0\x8b\x5c\
g\x11\xdf\xf4P\xbds\xae\xa9}sf\xd2\xd2\x02 \
_\xf2V\x02\xc7\xf9}\x5c\x8d\x00\xcc\xe8n\xaa\x17\xfd\
K\x81\xdf\x0cy#\x15\xc7y\xa4\x0ej\xfc\x93&\x5c\
J\xb8\x0b\x80{j\x1f\x9e\xeb \x01rv\xaeh>\
\x9e\xcd\xd8\x96\x8c\xd8\xb6z\x04\xe0\x9d\xad8\xa8F\x00\
\x1e\xe7.\xe0r\xaa/\x00k\x87\xbc\x11\xfd\x82\xc2K\
\x8d\x7f\xd2\xa8\xab\xa8n\xbe\xd5\xe5:H\x83\xdeLu\
\xaar-`\x1cg\x09\x8a\x03\x81\x97P}}\xf7]\
\xcb\x0a\x80|\xc9;\x128\xb9\x15\xc7\xd6\x08\x00\x00w\
P\x1d\xda\xbf\x0c\xf8\x9d.\xfa\xe1\xa7\xc6?iF6\
c\x1f\xce\x15\xcd\xb5\xb4\xe8u\xb7\xc5.\xc9f\xecU\
\x00\xb9\xa2\xb9\x188\xcbq\x9e 9\x97\xb0\x15\x00T\
\x17\xfeiI\x15\x17\xe3\x11\x80\xdb\xa8]\xf4\x87\xbc\x91\
\x1b\x5c\x87\x11\xdf\xa9\xf1O\x9au\x19\xe1+\x00\xee\x03\
\xde6\xe9\xeb\xf7\x02\xa7\x00\x0b\xdd\xc4\x09\x9c\x7f\xcd\x15\
\xcdQ\xd9\x8c\xfd?\xbf\x0f\xdc\x92\x02 _\xf2\x96\x00\
\xafm\xc5\xb1\x01bv\xf9\x1f\xa5:\xb4\x7f\xd9\x907\
\xf2'\xd7a\xa45\xd4\xf8'>\xb9\x12\x18\xc7\xc7U\
W\xdb\xe0\xdcl\xc6>\xb4\xf3\x8bl\xc6\xde\x93+\x9a\
\x8f\xd2\xc6MqB\xe0\x5c\x1e[$\xf9\x22\xe1\xf7\x01\
k\xdeL\x0b\xdf\xc9\xec\xd1\xd9\xaa\xd8\x81q\x0b\xf0q\
\xe0\xb8!o\xe4\x88!o\xe4}\xba\xf8G\x97\x1a\xff\
\xc4/\xd9\x8c-\x01\xbfp\x9d\xa3\x0e\xdf\xcff\xec\x15\
S|\xffs\xc0\xad\xed\x0e\x13`\xaf\xcd\x15\x8do\x8b\
\xe9\xed\xe4\xfb\x08@\xbe\xe4u\xe1\xf3\xc2?\xbb\x9b\xd7\
\x91\xa0+a\x18\x8b\xd6\x8a@7S\x1d\xbe\xbbt\xc8\
\x1b\xf9\xab\xeb0\xd2Vj\xfc\x13?]\x06<\xdfu\
\x889x\x80i\xae\x15\xd9\x8c\x1d\xcb\x15\xcd;\xa86\
6Juy\xe03\x81\x9c\x9f\x07m\xc5\x14\xc0\xe9\xc0\
~-8\xeec\xec\xd9\x9d\xe0\x81m\xa1\xbf\xad\xfd&\
v\xcd\xe9\x17]\x87\x91\xf6S\xe3\x9f\xb4\xc0\x0f\x81\x8b\
h\xffv\xef\xf5zK6c\x1f\x98\xee\x87\xd9\x8c\xbd\
:W4?\x03\x9e\xd7\xc6LAv.!(\x00\xce\
k\xc11\x1fg\xdf\xf9\x1da-\x00\xfe\xc2\xae9}\
\xdf\x9b:$t\xd4\xf8'\xbe\xcaf\xecC\xb9\xa2\xb9\
\x0ex\x8e\xeb,3\xb8\x22\x9b\xb1\xdf\x9f\xc3\xe3\xdeN\
\xf553L=\x0d\xad\xf2\xa4\x5c\xd1\xac\xc8f\xec\x1a\
\xbf\x0e\xe8k\x01\x90/y\xfd\xc0\x93\xfc<\xe6t\x0e\
\xde\xa3\x93\xbf\x95\xc6\x18\x0f\xc74\xc0\x9f\xd9u\xd1\x1f\
q\x1dF\x82A\x8d\x7f\xd2B\x97\x11\xdc\x02\xe0!\xaa\
\xeffg\x95\xcd\xd8\xff\xcb\x15\xcd\x97h\xd3\x1b\xcb\x10\
8\x17\x08f\x01@\x0b\x96\xfd\x9dN\xd2\x18\x0e]\xd4\
\xc9\xc8\xc6\xb1v\x9d\xb2^\x7fd\xd7\xf0\xfe\xa8\xeb0\
\x12,j\xfc\x93\x16\xfb\x01\xb0\x0aH\xba\x0e2\x85\xb7\
\xd5\xb9\xcb\xdd\x87\x813\x80\xa5-\xca\x13&\xa7\xe6\x8a\
\xe6\xbcl\xc6\xde\xef\xc7\xc1|k\xa7\xcf\x97\xbc'\xd2\
\xe6\xc6\x93\xc3\x17u\xd1\x93\x0c\xc6\x82Q\x06X\xdc\x93\
$\xb3\xb8\x9b\x13\xf6\x9b\xf7\xee!o\xe4\xa9C\xde\xc8\
'u\xf1\x97i\xa8\xf1OZ\xa66\xb7\xfe+\xd79\
\xa6pw\xb5\xee{\x00\x00 \x00IDATe6\
c/\xa9\xe7\x09\xd9\x8c}\x18x\x7f\x8b\xf2\x84M\x17\
\xf0F\xbf\x0e\xe6\xe7\xfdto\xa0\xcd\xcb7v%\x0d\
OY:\x8f\x84\xa3\x1a a`\x9fy\x1d<i\xef\
\x1e\x9es\xf0BV\xec?\x9f\xc3\xf7\xec\xfa\xdb>\xf3\
:>\xe7&\x91\x84\x81\x1a\xff\xa4M.u\x1d`7\
%\xe0\x9c\x06\x9f\xfb5@\x8d\xd2U\xd9\x5c\xd1\xf82\
\xb2\xe3K\x01\x90/y\x09\xe0\xd5~\x1c\xab^\x8b{\
\x92,_\xdc\xbe\x1d0\x93\xc6\xb0\xff\x82\x0e\xbc}z\
x\xee\xc1\x0b9a\xbfy\x1c\xb2G'\xdd\xbbF\x22\
>\xd4\x9f*\x84\xb2;Q\xdaF\x8d\x7f\xd2\x0e?\x00\
\x82\xb4\x19\xd8\xdb\x1b\xdd\xda6\x9b\xb1\x15\xe0\x02\x7f\xe3\
\x84\xd6\xc1\xc0\x0b\xfd8\x90_#\x00\xcf\x02\x0e\xf0\xe9\
Xu;lQ\x17G/\xe9\xc6\xb4h$\xa03a\
X\xb6\xb0\x93\xa7\xee;\x8f\xe7\x1d\xb2\x90\xe3\x97\xce\xe3\
\xc0\x85\x9dt>~\xe8a\x1d0\x97\xceV\x89)5\
\xfeI\xbb\xd4\xe6\xd9\xafw\x9d\xa3\xe6G\xd9\x8c\xfdf\
\x93\xc7\xb8\x9c\xeak\xac\xcc\xb1\x89r6~\x15\x00g\
\xfat\x9c\x86\x1d\xb6\xa8\x8b\x13\xf6\x9bO\x97O=\x01\
\xddI\xc3!{tr\xc2~\xf3x\xee\xc1\x0b9n\
\x9f\x1e\xf6\x9b\xdf\xc1,\x87\xff`\x7f\xaa\x10\x8a\xdb\x12\
\xa4\xfd\xd4\xf8'\x0e\x04a\x1a\xe0a \xdb\xecA\xb2\
\x19k\x81\xf3\x9b\x8f\x13\x09\xcf\xc9\x15M\xba\xd9\x834\
]\x00\xe4K^\x0f\xd5\x8d\x1b\x9c\xdb\xbb'\xc93\x0f\
\x5c\xc0\xa1\x8b:\x1b\xea\x0b\x98\xdf\x91\xa0w\xcf.V\
\xec?\x9f\xe7\x1e\xbc\x90'\xed\xdd\xc3>\xf3:\xe6z\
\xac\xdf\xf5\xa7\x0a\xd7\xd4\x7fV\x89\x115\xfeI\xbb]\
\x81\xfbi\x80\xf3\xb2\x19\xfbO?\x0eT\xdb1\xf0\x8f\
~\x1c+\xe4\x0c\xd5%\xf7\x9b\xe2\xc7\x08\xc0\x8b\xa9.\
S\x18\x08=I\xc31Kzx\xf6A\x0b9|Q\
\x17\x0bf\xd87\xc0\x00\xa9\xee$OHu\xf3\xcc\x03\
\x17\xf0\xec\x83\x16\xb0|q7\x8b{\x1a\xea\xaf\xf8@\
\xa3\x99%\xfa\xd4\xf8'.\xd4\xe6\xdc}\xbbo\xbc\x01\
?\xcdf\xec\xd7|>\xa6F\x01\xaa^\x9f+\x9a\xa6\
z\x89\xfcX\x07\xc0\xf9\xf0\xffTz\x92\x86\xcc\x92n\
2t3V\xb6l\xd8QfG\xd9>z\x9bBg\
\xc2\xb0\xf7\xbc\xe4T\xf3\xf8\x8d\xf8e\x7f\xaa\xf0K?\
\x0e$\x91\xa5\xc6?q\xe52\xe0\x19\x0e\xce\xbb\x098\
\xdb\xef\x83f3\xf6'\xb9\xa2\xf9-\xf0t\xbf\x8f\x1d\
2)\xaa\xa3\xef\xdfn\xf4\x00M\x8d\x00\xd4\xb6\xfd\x0d\
\xfc\xa6\x13]I\xc3~\xf3;8d\x8fN\x0e\xae}\
\xec\xbf\xa0\xc3\xaf\x8b?\xe8\xdd\xbf\xcc@\x8d\x7f\xe2\xd8\
\xe5\xb8\xd9E\xfd]\xd9\x8c\xbd\xb3E\xc7\xd6(@\xd5\
\xcb\x9byr\xb3S\x00\xa7\xa15\x9a\xaf\xeeO\x15~\
\xe7:\x84\x04\x93\x1a\xff\xc4\xb5\xda\xfc\xfb\x0f\xdb|\xda\
|6c\xff\xa7U\x07\xcffl\x1e\xf8u\xab\x8e\x1f\
\x22\xcf\xcb\x15\xcd\xfcF\x9f\xdcl\x01pF\x93\xcf\x0f\
;\x0b\xfc\x87\xeb\x10\x12hj\xfc\x93 x/0\xd1\
\xa6sm\xc6\xc7\xd5\xeaf\xa0\xd7^\x98O\x13\xa3\xf0\
\x0d\x17\x00\xf9\x92w\x18\xb0\xa2\xd1\xe7G\xc4O\xfaS\
\x05\xdd\x97*SR\xe3\x9f\x04E6co\x01\xbe\xdc\
\xa6\xd3\xbd'\x9b\xb1\xffh\xf5I\xb2\x19\xfbk\xe0\x17\
\xad>O\x084|\x17^3#\x00q\x7f\xf7\x0f\xf0\
\xdf\xae\x03H\xa0\xa9\xf1O\x82\xe4\xc3T\x1b\xf3Z\xe9\
*\xe0\xa2\x16\x9fc2\x8d\x02\xc0\x0bsE\xd3\xd5\xc8\
\x13U\x004\xee/\xfd\xa9\x82\xaaO\x99\x92\x1a\xff$\
hj;\xc8\xbd\x14\xd8\xde\xa2S\x5c\x07\xbc\xb2\xb6`\
O[d3\xf6\xb7\x04s\xd3\xa3v\xda\x13\xf8\xd7F\
\x9e\xd8P\x01\x90/yO\x01\x8ej\xe4\xb9\x11\xa2w\
\xff2%5\xfeIPe3\xf6:\xe0T`\xdc\xe7\
C\xff\x0exq6c[U\x5c\xcc\xe4\x0b\x0e\xce\x19\
4\x0dM\x034:\x02\x10\xc8{\xff\xdb\xe8\x1e\xe0;\
\xaeCH`\xa9\xf1O\x02+\x9b\xb1?\xa2\xfa\x1a\xee\
W\x11\xf0#\xe0\x05\xd9\x8c\xdd\xec\xd3\xf1\xeau%\xd0\
\xf2\x9e\x83\x80{I\xaeh\xea\xbe\x9e\xd7\xfd\x84|\xc9\
K\x02\xaf\xaa\xf7y\x113\xdc\x9f*\x8c\xb9\x0e!\xc1\
\xa3\xc6?\x09\x83l\xc6~\x1fx2\xcd\x0d\x9f\xdf\x0f\
\xbc:\x9b\xb1/\xccf\xecF\x7f\x92\xd5/\x9b\xb1e\
\xe0K\xae\xce\x1f\x10K\x81\x13\xeb}R##\x00\xcf\
\x06\xf6k\xe0yQ\xb1\x95\xf66\xb9H\xb8\xa8\xf1O\
B!\x9b\xb1\xeb\xb3\x19\xbb\x12x\x0dp_\x1dO}\
\x08X\x05<1\x9b\xb1\xdfmE\xb6\x06|\x95\xeak\
s\x9c\xd5=\x0d\xd0H\x01\x10\xf7\xe1\xffo\xf4\xa7\x0a\
\x0f\xb9\x0e!\xc1\xa3\xc6?\x09\xa3l\xc6~\x0bXF\
\xf5\x1d\xe4\x05T\xb7\x10\xdeA\xf5\x82\xfa\x10p'p\
\x13\xd5\xe2v%\xb0o6c\x07\xb2\x19\xbb\xc1E\xde\
\xa9d3\xb6\x044\xbb\xddp\xd8\xbd\xac\xde'\x18[\
G\xc3f\xbe\xe4u\x03\x0f\x02\x0b\xeb=QDX\xe0\
\xa8\xfeT\xe1\x16\xd7A$Xj\x8d\x7f7\x11\xb2\xb9\
\xff\xc4}\x8d\x0fV\x98W\xfe\xc9\xb7\xb5\xb4E\x9a\x95\
+\x9a'\x02\xeb]\xe7p\xec\xa9\xd9\x8c\x9d\xf3n\x89\
\xf5\x8e\x00<\x83\xf8^\xfc\x01\xae\xd1\xc5_\xa6\xa1\xc6\
?\x11\x87\xb2\x19{3p\xad\xeb\x1c\x8e\xd55\x0dP\
o\x01\xf0\xbc:\x1f\x1f5\xba\xf5O\x1eG\x8d\x7f\x22\
\x81\x11\xf7\xdbo[Z\x00\x04~\xe7\xbf\x16\x1a\xe9O\
\x15V\xbb\x0e!\x81\xa4\xc6?\x91`\xf810\xe2:\
\x84CO\xc8\x15\xcd\xf2\xb9>x\xce\x05@\xbe\xe4\x1d\
\x08\x1c\xddP\xa4h\xf8\x86\xeb\x00\x12<j\xfc\x13\x09\
\x8e\xda*\x84q\xbf%p\xce\xa3\x00\xf5\x8c\x00\xc4y\
\xf8\xdf\x02\x17\xbb\x0e!\xc1\xa2\x15\xffD\x02\xe9k\xb4\
~\xcf\x83 S\x01\xe0\xb3_\xf6\xa7\x0aw\xb8\x0e!\
\x81\xa3\xc6?\x91\x80\xc9f\xec#\xc0%\xaes8t\
\x5c\xaeh\x0e\x9d\xcb\x03\xe7T\x00\xd4V\xff{N\x13\
\x81\xc2N\xc3\xff\xf2\x18j\xfc\x13\x09\xb4o\xbb\x0e\xe0\
\xd8\x9cF\x01\xe6:\x02\xf0T \xd5x\x96P\xdb\x0c\
\x5c\xee:\x84\x04\x8e\x1a\xffD\x82k\x0d\xf1\xde\x1f\xc0\
\xd7\x02 \xce\xdd\xff\x97\xf6\xa7\x0aq_bR&Q\
\xe3\x9fH\xb0\xd5\x9a\x01\x83\xb2L\xb1\x0b'\xe4\x8af\
\xd65{T\x00\xccN\xc3\xff\xf2(5\xfe\x89\x84F\
\x9c\xa7\x01\x92\xc0\x09\xb3=h\xd6\x02 _\xf2\x16S\
\x9d\x02\x88\xa3\xdb\x80_\xbb\x0e!\x81\xa2\xc6?\x91\x10\
\xc8f\xec_\xa9.\xcf\x1dW\xb3\xee\x0e8\x97\x11\x80\
\xe7\xcc\xf1qQ\xf4\xcd\xfeTa\xee\x9b%H\xa4\xa9\
\xf1O$t\xe2|7\xc0\x8a\xd9\x1e0\x97\x0b{\x5c\
o\xff\xb3h\xf8_\x1eK\x8d\x7f\x22\xe1\xf2\x1d\xaa\xaf\
\xe5qtB\xaeh\x923=@\x05\xc0\xf4n\xe8O\
\x15ns\x1dB\x82A\x8d\x7f\x22\xe1\x93\xcd\xd8\xdb\x81\
\xb5\xaes8\xb2\x108v\xa6\x07\xccX\x00\xe4K\xde\
1\xc0\x01~&\x0a\x91\xab]\x07\x90`P\xe3\x9fH\
\xa8i\x1a`\x1a\xb3\x8d\x00\xc4\xb9\xfb_\x05\x80\xec\xa4\
\xc6?\x91\xf0\xba\x14\x98p\x1d\xc2\x11\x15\x00\x0d\xb8\xa3\
?U\xf8\x8b\xeb\x10\xe2\x9e\x1a\xffD\xc2-\x9b\xb1\x0f\
\x00\xd7\xba\xce\xe1\xc8\x8cw\x02L[\x00\xe4K\xde\x82\
\xd9\x9e\x1caz\xf7/;\xa9\xf1O$\xfc\xe2:\x0d\
p`\xaeh\x0e\x99\xee\x873\x8d\x00\xf4\x01]\xfe\xe7\
\x09\x05\x15\x00\xa2\xc6?\x91\xe8\xf81Pq\x1d\xc2\x91\
i\xa7\x01f*\x00\x8eoA\x900\xd8\x0c\x5c\xe7:\
\x84\xb8\xa5\xc6?\x91\xe8\xc8f\xec\x06\xa0\xe0:\x87#\
\xd3\x8e\xe4\xcfT\x00<\xa5\x05A\xc2\xe0\xe7\xfd\xa9\xc2\
\x98\xeb\x10\xe2\x9c\x1a\xffD\xa2%\xae}\x00\x0d\x8d\x00\
\xc4\xb5\x00\xd0\xf0\x7f\xcc\xa9\xf1O$\x92\xe2Z\x00\x1c\
\x9d+\x9a=\xa7\xfa\xc1\x94\x05@\xbe\xe4-\x01\x0em\
e\xa2\x80\xaa\x00?r\x1dB\x9cS\xe3\x9fH\xf4\xac\
\x01\xe2\xb8\xb3k\x02x\xfat?\x98\x8a\xd7\xba,\x81\
\xf6\xbb\xfeT\xe1\x01\xd7!\xc4\x1d5\xfe\x89DS6\
c\xc7\x88\xef\xe6nSN\x03LW\x00\xc4\xb5\x01\xf0\
\x1a\xd7\x01\xc4\x1d5\xfe\x89D^\x5c\xa7\x01\xea*\x00\
\xe2:\xff\xbf\xdau\x00qJ\x8d\x7f\x22\xd1\x16\xd7\x02\
\xe0_rE\xd3\xb1\xfb7U\x00\xec\xb2\x1d\xf8\x93\xeb\
\x10\xe2\x86\x1a\xffD\xa2/\x9b\xb1\x7f\x05\xeeu\x9d\xc3\
\x81\xf9\xc0q\xbb\x7f\xf3q\x05@\xbe\xe4-&\x9e\x0d\
\x807\xe8\xf6\xbfXS\xe3\x9fH<\xe4]\x07p\xe4\
q\xd3\x00S\x8d\x00\xc4\xf1\xdd?\xc0o\x5c\x07\x107\
\xd4\xf8'\x12+q\x9d\x06x\xdc\x82@\x8f\x9b\x13 \
\xbe\x05\xc0\x1a\xd7\x01\xa4\xfd\xd4\xf8\xd78\xfb\xbd\xa7X\
\xd7\x19B\xc3XK\x92m$\xec\x06k\xec]$\xed\
w\x12/Z\xf7\x05\xd7\xb1b*\xae\x05\xc0\xbf\xec\xfe\
\x0d\x8d\x00TU\x80\xb5\xaeC\x88\x13j\xfc\x93\xd6\xb3\
\xc60a\xe63\x96Xfv$O0[;\x86\xec\
e\xde\xb6\xcaUO\xbe\xa4r\xcd\xb1\xfb\xba\x8e\x17'\
\xd9\x8c\xbd\x07(\xba\xce\xe1\xc0\xb2\xdd\x17\x04R\x01P\
U\xecO\x156\xba\x0e!\xed\xa5\xc6?q\xaalz\
\xcc\xb6\xe4\xab\xcd\xb6\xe4\xdd\x95\xab\x8f}\xbf\xeb81\
\xf3[\xd7\x01\x1cy\xe2\xe4/\x1eS\x00\xd4\x1a\x00\x0f\
kk\x9c`\xd0\xfc\x7f<\xa9\xf1O\xdc\xab\x98\x84\xd9\
\xda\xf1\xb1\xca\x95O\xbe\xber\xcd\xb1SM\xcb\x8a\xff\
\xfe\xec:\x80#\xd3\x17\x00\xc4\xf3\xdd?\xa8\x00\x88\x1d\
5\xfeI\xd0\x98\xed\xc9\x13\xcdX\xe2\xde\xca5\xc7.\
t\x9d%\x06\xe2Z\x00,\x9f\xfc\x85\x0a\x80*5\x00\
\xc6\x88\x1a\xff$\xb0\xc6\x13K\x980\xbfw\x1d#\x06\
\xfeB\xb5\xf7+nT\x00\xec\xe6\xae\xfeT\xe1\x1f\xae\
CH[\xa9\xf1O\x02\xcb\xecH.\xaf\x5c\xf5\xe4o\
\xb8\xce\x11e\xd9\x8c\xdd\x02\x8c\xb8\xce\xe1\x80\xa6\x00v\
\xa3w\xff1\xa2\xc6?\x09\x03\xb3=yV\xe5\xeac\
Ov\x9d#\xe2nt\x1d\xc0\x81CsE3\x7f\xe7\
\x17\x8f\x16\x00\xf9\x92\xd7C<W\x00\xfc\xab\xeb\x00\xd2\
Vj\xfc\x93\xe0\xb3@\xd9|\xc8u\x8c\x88\x8bc\x1f\
\x80\x01\x9e\xb0\xf3\x8b\xc9#\x00\x07\xd7~\x187\xeb]\
\x07\x90\xf6P\xe3\x9f\x84\x89\x19Ox\xba+\xa0\xa5\xe2\
X\x00\xc0\xa4>\x80\xc9\x05\xc0\xa1\xed\xcf\x11\x08*\x00\
b@\x8d\x7f\x12:\x15\x93\xc4\xf2v\xd71\x22,\x8e\
S\x000\xa9\x0f`r\x01p\x88\x83 \xae\x8d\x01\xb7\
\xba\x0e!m\xa1\xc6?\x09\x9f\xb2y\x95\xeb\x08Q\x95\
\xcd\xd8\xfb\x81\xbb]\xe7p`\xca)\x808\x16\x00\xb7\
\xf4\xa7\x0ae\xd7!\xa4\xb5\xd4\xf8'ae\xac\xd12\
\xc1\xad\x15\xc7i\x80G\xaf\xf5q\x9f\x02\xd0\xf0\x7f<\
\xa8\xf1O\xc2\xa9\xc2^\xae#D\x5c\x1c\xa7\x01\x0e\xda\
\xf9I\xdcG\x00T\x00D\x9c\x1a\xff$\xd4*F\x85\
kk\xc5q\x04`\xdf\x5c\xd1t\x81\x0a\x00\x15\x00\x11\
\xa6\xc6?\x89\x808\xde\x99\xd5N\xeb\x5c\x07p\xc0\x00\
\xcb\xa0V\x00\xe4K^'p\xa0\xcbD\x8e\xa8\x00\x88\
65\xfeI\xb8%\xec6\xd7\x11\x22\xee\x0e\xaa\xab.\
\xc4\xcd\xc1\xb0k\x04`\x19So\x0d\x1ce\x13\xc0-\
\xaeCHk\xa8\xf1O\xa2\xc0&x\xd0u\x86(\xcb\
f\xec\x18p\xbf\xeb\x1c\x0e\x1c\x04\xbb.\xfaq\x1c\xfe\
\xbf\xb5?U\x18w\x1dBZF\x8d\x7f\x12~\x09{\
\xa7\xeb\x081p\x97\xeb\x00\x0e\xc4\xbe\x00\xd0\xf0\x7fD\
\xa9\xf1O\x22#a\x7f\xe8:B\x0c\xc4\xb1\xc8z\xcc\
\x14\xc0\xa1\xeer8\xa3\x1d\x00#H\x8d\x7f\x12\x19I\
;\x96x\xd1\xba\xcf\xba\x8e\x11\x03\x1a\x01p\x18\xc4\x95\
{\x5c\x07\x90\x96P\xe3\x9fD\x82\xed\xac\xfc\xc4u\x86\
\x98\x88c\x01\xf0\x98\x11\x00\x15\x00\x12zj\xfc\x93\xc8\
0@\xd2\x9e\xe7:FL\xc4q\x0a`\xd7m\x80\xc4\
s\x0a@\x05@\xf4\xa8\xf1O\x22\xc1v\x97\xafK\xbc\
p\xddm\xaes\xc4D\x1cG\x00\xf6\xcc\x15M2\x91\
/y\x09&-\x0d\x18#*\x00\x22D\x8d\x7f\x12\x19\
I;N\xd2\x9e\xe2:F\x8c\xc4q\x04\xc0\x00\xa9\x04\
\xb0?\xd0\xe98\x8c\x0b*\x00\x22B\x8d\x7f\x12%\xb6\
\xbb\xfc\xf1\xc4\x0b\xd7mt\x9d#F\xfeI<\x17\x03\
Z\x9c\xa0\xd6\x0c\x103;\xfaS\x85\x92\xeb\x10\xe2\x1b\
5\xfeI4tV\xeeM\xbch\xdd\x05\xaec\xc4I\
\x8c\x17\x03J%\x80=]\xa7p@\xef\xfe#B\x8d\
\x7f\x12\x19\x06lW\xe5\x95\xaec\xc4T\x1c\xfb\x00\x16\
'\x80\x05\xaeS8\xa0\x02 :\xd4\xf8'\x91Pk\
\xfc\xfb\xb5\xeb\x1c1\x15\xc7>\x80\xc5\x09`\xbe\xeb\x14\
\x0e\xa8\x00\x88\x005\xfeId\xa8\xf1\xcf5\x8d\x00\xc4\
\x88\x0a\x80\x90S\xe3\x9fD\x89\x1a\xff\x9c\x8bcO\x98\
F\x00$\xb4\xd4\xf8'\xd1\xa0\xc6\xbf \x88\xe3\xb6\xcb\
\xa9\xb8\x8e\x00<\xe0:\x804N\x8d\x7f\x12\x19j\xfc\
\x0b\x8a8\x16\x00\xb1\x1d\x01\xd8\xee:\x804E\x8d\x7f\
\x12\x09j\xfc\x0b\x8c\xd8\x16\x00q\x1c\x01\x88\xe3\x1fv\
$\xa8\xf1O\x22C\x8d\x7fA\x12\xc7k\xc2<\x8d\x00\
Hh\xa8\xf1O\xa2D\x8d\x7f\x81\x12\xc7\x02\xa0+\xae\
#\x00*\x00\xc2I\x8d\x7f\x12\x0dj\xfc\x0b\x9a\xd8\x16\
\x00\x1a\x01\x90\xc0S\xe3\x9fD\x86\x1a\xff\x82(\x8e\x05\
@\xb7\x0a\x00\x09\x0b5\xfeI$\xa8\xf1/\x90\xe2X\
\x00\xc4v\x0a \x8e\x7f\xd8\xa1\xa5\xc6?\x89\x0c5\xfe\
\x05U\x1c\xaf\x09\x9a\x02\x90`S\xe3\x9fD\x89\x1a\xff\
\x02+\x8e\x05@w\x5cG\x00T\x00\x84\x87\x1a\xff$\
\x1a\xd4\xf8\x17dq,\x004\x02 \xc1\xa5\xc6?\x89\
\x0c5\xfe\x05]\x1c\x0b\x00\x8d\x00H\xa0\xa9\xf1O\x22\
A\x8d\x7f\x81\x17\xc7\x02@#\x00\x12Lj\xfc\x93\xc8\
P\xe3_\x18\xc4\xb6\x00H\xb8N!2\x99\x1a\xff$\
J\xd4\xf8'\x01UI\x00c\xaeS8\xa0a\xe5`\
S\xe3\x9fD\x83\x1a\xff\xc2\xa2\xc7u\x00\x07\xb6\xc4\xb5\
\x00\x88\xe3\x1fv(\xa8\xf1O\x22C\x8d\x7fa\x12\xc7\
k\xc2\xd6\x04\xb0\xc3u\x0a\x074\x02\x10\x5cj\xfc\x93\
HP\xe3_\xa8\xc4\xf15'\xb6#\x00q\xfc\xc3\x0e\
<5\xfeId\xa8\xf1/l\xe28\x02\xb0%\xae#\
\x00q\xfc\xc3\x0e45\xfeI\x94\xa8\xf1/t\xe2x\
M\xd0\x08\x80\x04\x86\x1a\xff$\x1a\xd4\xf8\x17Fq,\
\x00\xb6\xaa\x00\x10\xe7\xd4\xf8'\x91\xa1\xc6\xbf\xb0\x8a\xe3\
5AS\x00\x12\x08j\xfc\x93HP\xe3_h\xc5\xf1\
\x9a\xa0)\x00qK\x8d\x7f\x12\x19j\xfc\x0b3\x15\x00\
1\xa2\x02 \x00\xd4\xf8'Q\xa2\xc6\xbfP\x8b\xe35\
aK\x82x\xae\x81\x1c\xc7?\xec R\xe3\x9fD\x83\
\x1a\xff\xc2.\x8e#\x00[\x13\xc0\x06\xd7)\x1c\x88\xe3\
\x1fv\xa0\xa8\xf1O\x22C\x8d\x7fQ\x10\xc7M\xf1\xb6\
$\x80\x92\xeb\x14\x0e\xec\xed:\x80\xa8\xf1O\xa2A\x8d\
\x7f\x91\xb0\xd4u\x00\x07\xb6\xc4u\x04`\x99\xeb\x00q\
\xa6\xc6?\x89\x0c5\xfeE\xc5\xfe\xae\x038\x10\xdb\x02\
\xe0@\xd7\x01\xe2J\x8d\x7f\x12%j\xfc\x8b\x8c8\x16\
\x00\xb1\xed\x01P\x01\xe0\x8e\x1a\xff$\x1a\xd4\xf8\x17%\
\xfb\xb9\x0e\xe0\x80F\x00\xa4}\xd4\xf8'\x91\xa1\xc6\xbf\
\xa8\x89\xe3\x08@l\x0b\x80\xc5\xf9\x92\xa7;\x01\xdaO\
\x8d\x7f\x12\x09j\xfc\x8b\x8e\x5c\xd1\x18`_\xd79\x1c\
\x88\xed]\x00\xa0Q\x80\xb6R\xe3\x9fD\x86\x1a\xff\xa2\
f1\xd0\xe5:\x84\x03\xb1\xed\x01\x00\x15\x00m\xa3\xc6\
?\x89\x125\xfeEN\x1c\x87\xff\x01\x1e\xdc9\x02`\
]'q@\x05@\xfb\xa8\xf1O\xa2A\x8d\x7fQ\x14\
\xc7\x06\xc0\x1d\xc0=\x89\xfeT\xa1\x0c<\xec:\x8d\x03\
*\x00\xda\xa0\xbczy\x0a5\xfeI\x14\xa8\xf1/\xaa\
\xe28\x02pG6cm\xa2\xf6\xc5]N\xa3\xb8\xa1\
\x02\xa0=^\x87\x1a\xff$\x02\xd4\xf8\x17Yq,\x00\
n\x07\xd8Y\x00\xdc\xe1.\x873*\x00\xda#\xeb:\
\x80H\xd3\xd4\xf8\x17eq\x9c\x02\xb8\x1dv\x15\x00w\
\xba\xcb\xe1\x8c\x0a\x80\x16+\xaf^\xfe\xaf\xc0\x13\x5c\xe7\
\x10i\x96\x1a\xff\x22\xed\x08\xd7\x01\x1c\xf8\x07\xc4{\x04\
\xe0H\xd7\x01b\xe0Y\xae\x03\x884M\x8d\x7fQ\xb7\
\xdcu\x00\x07n\x87x\x8f\x00\xec\x9d/yq\x1c\xfa\
i'u\xfeK\xb8\xa9\xf1/\xd2rE3\x0f8\xcc\
u\x0e\x07n\x87x\x8f\x00\x00\x1c\xe3:@\xc4\xa9\x00\
\x90PS\xe3_\xe4=\x81]\xd7\xc18\xb9\x1dT\x00\
\xa8\x00h\xad\xc3]\x07\x10i\x98\x1a\xff\xe2 \x8e\xc3\
\xffc\xc0=\xb0\xab\x00\xf8'\xf1\x5c\x0c\xe8h\xd7\x01\
\x22n\xccu\x00\x91F\xa9\xf1/\x16\xe2X\x00\xdc\x99\
\xcd\xd8\x0a\xd4\x0a\x80\xfeTa\x0c\xb8\xd7i$74\
\x02\xd0Zq\xec-\x91(P\xe3_\x5cd\x5c\x07p\
\xe0\xf6\x9d\x9fL\x9e\xfb\x88\xe3\x8b\xf5\xf2|\xc9\x8b\xe3\
\xfcO\xbb\xc4\xf1\xef\x94\x84\x9d\x1a\xff\xe2$\x8e#\x00\
\xb7\xef\xfcd\xf2\xc5\xef\x1f\xed\xcf\xe1\xdc|4O\xdd\
Jq\xed-\x91\x10S\xe3_<\xe4\x8a\xa6\x9bx6\
*\xdf\xbe\xf3\x93\xc9\x05\xc0\xdf\xda\x9f#\x104\x0d\xd0\
:?v\x1d@\xa4.j\xfc\x8b\x93#\x81\xa4\xeb\x10\
\x0e\xdc\xbe\xf3\x93\xc9\x05\xc0\xcd\xed\xcf\x11\x08*\x00Z\
\xe7:\xaa\x0d\xa6\x22\xa1\xa0\xc6\xbfX\x89\xe3\xf0?L\
\x1a\xed\x9f\x5c\x00\xacw\x10$\x08T\x00\xb4Hr\xe5\
\xfa\x0a\xf0\x1d\xd79D\xe6D\x8d\x7fq\x13\xd7\x02\xe0\
\xf6\x9d\x9f\xec>\x05Pi{\x14\xf7t+`k\xfd\
/\xd5\xbd\xa7E\x82K\x8d\x7fq\xe4\xb9\x0e\xe0\xc08\
\x93Fe\x1f-\x00\xfaS\x85mL\xaa\x0cb$\x9d\
/y=\xaeCDUr\xe5\xfa\x9b\x81\xb7\xb8\xce!\
2\x135\xfe\xc5K\xaeh\x0c\xd0\xe7:\x87\x03\x8f\xae\
\x01\x00\x8f_\x021\x8e\xd3\x00I\xe0x\xd7!\xa2,\
\xb9r\xfdW\x80\x9c\xeb\x1c\x22SR\xe3_\x1c\x1d\x05\
,v\x1d\xc2\x81\xdb&\x7f\xb1{\x01\x10\xd7F\xc0\x95\
\xae\x03\xc4\xc0\xdb\x80\x9f\xbb\x0e!\xb2;5\xfe\xc5\xd2\
\x0a\xd7\x01\x1c\xb9q\xf2\x17\x1a\x01\xa8Z\xe9:@\xd4\
%W\xae\x1f\x03^\x00|\x94x.;-A\xa4\xc6\
\xbf\xb8\x8ak\x01\xf0\xc7\xc9_h\x04\xa0\xea\xe9\xf9\x92\
\xd7\xe5:D\xd4%W\xae\xaf$W\xae\xff\x0f\xaa\x85\
\xc0\x83\xae\xf3H\xcc\xa9\xf1/\xce\xe2Z\x00\xfca\xf2\
\x17*\x00\xaa\xe6\x03Os\x1d\x22.\x92+\xd7\xff\x8c\
\xea\x1e\xdc\xe7\x0079\x8e#1\xa5\xc6\xbfx\xca\x15\
\xcdR \xed:\x87\x03\x1b\xb2\x19;:\xf9\x1b\x8f)\
\x00\xfaS\x85M\xc4w\xfd\xf6\x95\xae\x03\xc4Ir\xe5\
\xfa\xcd\xc9\x95\xeb/J\xae\x5c\x7f\x0c\xd5\xdf\xfd'\x81\
K\x81?\x01%\x97\xd9$\x06\xd4\xf8\x17gq\xec\xfe\
\x87\xdd\x86\xff\x01:\xa6x\xd0\xef\x80\x83Z\x9f%p\
VR\x9d\x9f\x966K\xae\x5c\xff+\xe0W\xaes\x84\
Uy\xf5r\xf5T\xd4I\x8d\x7f\xb1\xa6\xe1\xff\x9a\xa9\
v\xc2[\xd3\x86 A\xa4>\x00\x918P\xe3_\xdc\
\xa9\x00\xa8Q\x01\xb0\x8b\xfa\x00D\xa2N\x8d\x7f\xb1\x96\
+\x9a\x1e\xe0)\xaes82\xa7\x02\xe0F`k\xeb\
\xb3\x04\xd2J\xd7\x01D\xa4u\xd4\xf8\x17{\xc7\x03q\
\x1c\xe9\xbd;\x9b\xb1w\xef\xfe\xcd\xc7\x15\x00\xfd\xa9\xc2\
\x04\xf0\xfb\xb6D\x0a\x9e\x95\xae\x03\x88H\x8b\xa8\xf1O\
\xa0\xdfu\x00G\x1e\xf7\xee\x1f\xa6\x1e\x01\x80\xf8N\x03\
\xa8\x0f@$\xa2\xd4\xf8'\xc0\x0b]\x07pD\x05\xc0\
\x1c\xa8\x0f@$\x8a\xd4\xf8\x17{\xb9\xa2\xd9\x9fx\xee\
\x00\x08u\x16\x00\xbf%\x9e[\x03\x03<\xdfu\x00\x11\
\xf1\x91\x1a\xff\xa4\xead\xc0\xb8\x0e\xe1\xc8\xe3\xd6\x00\x80\
i\x0a\x80\xfeT\xe1a\xa0\xd8\xd28\xc1u\xaa\xeb\x00\
\x22\xe2\x1f5\xfeIM\x5c\x87\xffG\xb3\x19\xbba\xaa\
\x1fL7\x02\x00\xf1\x9d\x06xB\xbe\xe4\x1d\xed:\x84\
\x88\xf8@\x8d\x7f\x02\xe4\x8a\xa6\x1b5\x00>\x8e\x0a\x80\
\xa9\xbd\xdcu\x00\x11i\x9e\x1a\xff\xa4\xe6Y\xc0\x02\xd7\
!\x1cQ\x01P'M\x03\x88\x84\x9d\x1a\xffd\x97\xb8\
\x0e\xffC#\x05@\x7f\xaap\x1bpOK\xe2\x04\xdf\
\xd1\xf9\x92\xf7\x04\xd7!D\xa4Aj\xfc\x93\xc7:\xd9\
u\x00G*@a\xba\x1f\xce4\x02\x00\xb0\xd6\xdf,\
\xa1\xa2i\x00\x91\x90R\xe3\x9f\xec\x94+\x9a\xa3\x81C\
]\xe7pd}6c\xb7L\xf7\xc3\xd9\x0a\x00M\x03\
\x88H\xb8\xa8\xf1O\x1e+\xce\xc3\xff\xbf\x9c\xe9\x87*\
\x00\xa6w\x5c\xbe\xe4\x1d\xee:\x84\x88\xd4G\x8d\x7f\xb2\
\x9b\x17\xb9\x0e\xe0\xd0\x8ff\xfa\xe1l\x05\xc0\x9f\x81m\
\xfee\x09\x1d\x8d\x02\x88\x84\x89\x1a\xffd\x92\x5c\xd1\x1c\
\x06<\xddu\x0eG\xb6\x00\xbf\x9a\xe9\x013\x16\x00\xfd\
\xa9\xc28p\x83\x9f\x89BF}\x00\x22a\xa1\xc6?\
y\xbc\xb3\x88\xef\xea\x7f\xbf\xc8f\xec\x8e\x99\x1e0\xdb\
\x08\x00\xc4{\x1a\xe0i\xf9\x92w\xb0\xeb\x10\x222;\
5\xfe\xc9d\xb9\xa21\xc0k]\xe7ph\xc6\xe1\x7f\
P\x010\x17\x1a\x05\x10\x09:5\xfe\xc9\xe3=\x038\
\xccu\x08\x87~<\xdb\x03\xe6R\x00\xfc\x16\xb0\xcdg\
\x09\xadW\xbb\x0e \x223S\xe3\x9fL\xe1u\xae\x03\
8\xb4.\x9b\xb1w\xcd\xf6\xa0Y\x0b\x80\xfeT\xa1\xc4\
\x0c+\x09\xc5\xc0S\xf3%\xef8\xd7!Dd\x1aj\
\xfc\x93\xdd\xe4\x8af>\xf1n\xe2\x9e\xf5\xdd?\xccm\
\x04\x00\xe0\xf2&\x82DA\xd6u\x00\x11\x99\x82\x1a\xff\
dj\xa7\x00{\xb8\x0e\xe1\xd0\xac\xf3\xff0\xf7\x02\xe0\
\x8a&\x82D\xc1\x19\xf9\x92\xb7\xd0u\x08\x11y,5\
\xfe\xc94^\xe7:\x80C\x1b\x80\xdf\xcd\xe5\x81s*\
\x00\xfaS\x85[\x81\xbf4\x93(\xe4\x16\x02g\xb8\x0e\
!\x22\x93\xa8\xf1O\xa6\x90+\x9a\x83\xa8\xee\xfe\x17W\
?\xcdfly.\x0f\x9c\xeb\x08\x00h\x14@\xd3\x00\
\x22\x01\xa2\xc6?\x99\xc6k\xa8\xef\xda\x165s\x9a\xff\
\x87\xfa~Iq\xef\x038._\xf2\x9e\xe6:\x84\x88\
\xa0\xc6?\x99I\x9c\xef\xfd\xaf\x00?\x9d\xeb\x83\xe7\x5c\
\x00\xf4\xa7\x0a7\x01#\x8d$\x8a\x10\x8d\x02\x88\xb8\xa6\
\xc6?\x99F\xaeh\x9e\x05\x1c\xe9:\x87C\xbf\xcbf\
\xecCs}p\xbd\xc3$q\x1f\x05xU\xbe\xe4\xed\
\xe9:\x84H\x9c\xa9\xf1Ofp\x9e\xeb\x00\x8e\xcd\xa9\
\xfb\x7f\xa7z\x0b\x80\xb8\xf7\x01\xcc\xa7:\xbf$\x22.\
\xa8\xf1O\xa6\x91+\x9a4\xf1\xde\xfa\x17\xea\x98\xff\x07\
\xe8\xa8\xe7\xc1\xfd\xa9\xc2\x1f\xf2%\xef\x0e \xce\xeb\xe3\
g\x81/\xb9\x0e\xb1\xbb|\xc9K\x02'\x02/\x05\xfa\
\x81=\xa9\x16,\xf3\x80$\xd5M\x9d~\x01\xe4\x81\xdf\
\xf7\xa7\x0a\x13\x8e\xa2\x8a4L\x8d\x7f2\x83\xb7\x13\xdf\
\x8d\x7f\x00\xfe\x99\xcd\xd8\x1b\xebyB#\x9d\x92?h\
\xe09Qrt\xbe\xe4\xf5\xb9\x0e\xb1S\xbe\xe4-\xce\
\x97\xbca\xe0>`5\xd5\x7f\x04G\x03\x07\x01K\xa8\
\x16\x01\xddT\xd7\xc5\xbe\x00\xf8\x0dpW\xbe\xe4\x9d\xe9\
\x22\xafH\xc3\xd4\xf8'\xd3\xc8\x15M\x8ax7\xffA\
\x9d\xef\xfe\xa1\xb1\x02 \xee}\x00\x00ov\x1d\x00 \
_\xf2^\x05\xdc\x0c\x9cK\xf5b?W\xfb\x02\x17\xe7\
K\xde\xea|\xc9[\xde\x92p\x22~R\xe3\x9f\xcc\xec\
l`\x81\xeb\x10\x8e]]\xef\x13\x1a)\x00\xd6P}\
\xb7\x19g\xaf\xc8\x97\xbc}\x5c\x9d<_\xf2\xf6\xca\x97\
\xbck\x80\xef\x00K\x9b8\xd43\x81\x1b\xf3%\xef4\
\x7f\x92\x89\xb4\x86\x1a\xffd:\xb9\xa2\xe9\x00\xde\xe2:\
\x87c\x0fP\xc7\xed\x7f;\xd5]\x00\xf4\xa7\x0a\x15\xe0\
\x87\xf5>/bz\x80w\xba8qmI\xe2\x9f\x00\
'\xfbt\xc8N\xe0[\xf9\x92\xe7\xd7\xf1D\xfc\xa5\xc6\
?\x99\xd9i\xc02\xd7!\x1c\xbb$\x9b\xb1\xe3\xf5>\
\xa9\xd1\xd5\x92\xe2~7\x00\xc0\xb9\xf9\x92\xb7\xb8\x9d'\
\xcc\x97\xbc\x1e\xe0*\xe0\x04\x9f\x0f\xdd\x09\x5c\x96/y\
q^>S\x02J\x8d\x7f2\x8b\xb8\xdf\xfa\x07\xf0\xf5\
F\x9e\xd4h\x01p\x1dPj\xf0\xb9Q\xb1\x070\xd8\
\xae\x93\xe5K\x9e\x01\xbeG\xeb\xd6\xb8\xee\x01~\x98/\
y\xcdL)\x88\xf8K\x8d\x7f2\x83\x5c\xd1\x9c\x08\x1c\
\xef:\x87c\xeb\xea\xed\xfe\xdf\xa9\xa1\x02\xa0?U\x18\
\xa7\x81\x86\x83\x08z[\xbe\xe4-j\xd3\xb9\xde\x0c\xbc\
\xb8\xc5\xe7X\x04|\xa8\xc5\xe7\x10\x99\x1b5\xfe\xc9\xec\
\xf4\xee\xbf\xc1w\xff\xd0\xdc\x86\x09\xba\x1b\x00\xf6\xa2\x0d\
\xcd'\xf9\x92w\x08\xf0\xa9V\x9f\xa7\xe6\xec|\xc9\x8b\
\xf3R\x9a\x12\x10j\xfc\x93\x99\xe4\x8a\xe6\x89T\xd7=\
\x89\xb3q\xe0\xdb\x8d>\xb9\x99\x02\xe0\xe7\xc0\xe6&\x9e\
\x1f\x15\xe7\xe5K^\xabo?\xf9\x0a\xd5-\x89\xdb\xa1\
\x03\xf8\xaf6\x9dKdjj\xfc\x93\xd9\xfd'\xf1\xde\
\xf5\x0f\xe0\xc7\xd9\x8c}\xa0\xd1'7\xfc\xcb\xebO\x15\
\xb6\xd3\xc0\xc2\x03\x11\xb47pN\xab\x0e\x9e/yo\
\xa2\xba\xb2_;\xbd4_\xf2\x0el\xf39E\x1e\xa5\
\xc6?\x99I\xaeh\x9e\x02\xbc\xdcu\x8e\x00\xf8z3\
On\xb6z\xd24@\xd5;k\x1d\xfa\xbe\xca\x97\xbc\
\x83\x80\xcf\xf8}\xdc90\xe8\x1f\x97\xb8\xa2\xc6?\x99\
\xddG\xf1g\xd9\xdf\x87\xb7\x96\xbboyd|\xfe\xad\
\x9b\xc6\xe7\x8f><\xbe\xe0\xef\xdb\xca\xdd\xa3\x16\x13\x86\
\xe2\xf3A\xea\xdc\xfcgwu\xed\x050\x85+\xa9.\
@\xe0lQ\x9c\x80\xd8\x0fx\x13\xf0E\x9f\x8f\xfbe\
\xaa\x8dy.\x9c\x0a|\xc1\xd1\xb9%\xaej\x8d\x7fq\
^\xd0]f\x96+\x9ag\x00\xcfo\xf4\xf9e\x9b\xf8\
Gi\xc7B\xbba\xc7\xc2\xa5[\xb6w\xefi\xab\xfb\
\xa6<NO\xe7\xf8\xc4\xe2y[\xee\xdbw\xde\xc6N\
\x83\x0d\xe2\xddQ\xdfn\xe4\xde\xff\xc9\x9a\x1a\x01\xe8O\
\x15v\x00_m\xe6\x18\x11\xf2\x9e|\xc9\xeb\xf2\xeb`\
\xf9\x92\xf7z\x9a\xf8K\xee\x83\x15\xf9\x92\xb7\xbf\xc3\xf3\
K\x0c\xa9\xf1O\xe6\xe0\xe3u>\xde\x8eW:F\xef\
\xdd\x96\xbas\xfd\x86\x83&\xd6\xdd\x7f\xc8!w<\xbc\
\xe4\xd0\xcd\xdb\xbb\xe7\xdb\x19\x9e\xb4}\xbc\xb3\xe3\xeeM\
{\x1dx\xe3\xfd\x87,\xbdg\xeb\xe2\xbb-\xa6\xe1\xb9\
\xf6\x16\xf9z\xb3\x07\xf0\xa3\x81\x22\x07T|8N\xd8\
-\x03^\xe7\xc7\x81j\xf3\xef\x9f\xf3\xe3XMH\x00\
j\xc2\x92\xf6Q\xe3\x9f\xcc\x22W4/\xa0\xba\xeb\xe9\
l\xc6wT:G\xee\xde\xba\xe4\x9e\x9b\x1e<\xd8\xfe\
\xf5\x81\x83z\xef\xde\xb4\xd7A\xdb\xc7;\xea\x1e\xf5\xb6\
\xd6p\xcf#{\x1ep\xd3\x83\x07-\x19\xabt\xdcZ\
\x7f\xea\x96h\xf8\xde\xff\xc9\x9a.\x00\xfaS\x85\xdbQ\
3\xe0N\xef\xcd\x97\xbcf\xa7U\xa0ZTM9,\
\xd5f\xafp\x1d@\xe2C\x8d\x7f2\x93\x5c\xd1\x18\xe0\
c3<d\xfb\xb6r\xf7-wn\xd9\xfb\xfe\xbf<\
pHG\xf1\x81e\xe9{\x1fY\xb4\xffX9\xe9\xcb\
\x9d\x02\xe3\xe5d\xa2\xf8\xc0\xb2#\x1e\x1e[\x10\x84\x22\
\xe0\xeb~\x1c\xc4\xaf[(V\xf9t\x9c\xb0;\x0c8\
\xab\x99\x03\xe4K\xdeY\xf8\xb7\xce\x7f\xb3\x9e\x91/y\
\xfb\xba\x0e!1\xa0\xc6?\x99\xdd\xa9\xc0q\xbb}\xef\
\x91\xcd\x13=#\xff\xd8\xbct\xc3\x8d\x0f\x1c\xdas\xf3\
\x83\x07\x1c\xf9\xc0\xe6=\x96NT\x12-i#\xb1\x18\
FKK\x8f\xd8\xe8\xb6\x08h\xea\xde\xff\xc9\xfc*\x00\
~\x0a\xfc\xdd\xa7c\x85\xddG\x1a]\x17\xa06\xe7\xfe\
y\x9f\xf34#\x01\xbc\xccu\x08\x898\xad\xf8'\xb3\
\xc8\x15M\x12\xf8\x08\x80\xc5<\xb4i|\xfe\xc8\xdf7\
\xed\xb7\xe9\xcf\xf7\x1d\xba\xc7-\x0f\xed\x9f~h\xcb\x82\
\xc5\x95J\xfbZGo+\xeds\xc4x\xa5c\xb4m\
'|\xac\xa6\xee\xfd\x9f\xcc\x97\x02\xa0?U\xb0\xc0E\
~\x1c+\x02\x0e\x00\xde\xdb\xe0s/\x04R>f\xf1\
\x83\xa6\x01\xa4\xa5\xd4\xf8'\xb3\xd90\xb6\xc7[Kc\
\x0b;n}\xf8\x80-\x7f\xbe\xef\xd0%\xb7n\xd87\
\xbdq\xdb\xbcE\xd6\x97;\x01\xebg1\xfcm\xc3\x01\
\x87Z\xd8\xe0\xe0\xf4_\xf7\xeb@\xc6\xda\x99\xfa \xe7\
._\xf2\x96\x00wQ\xddT&\xee\xb6\x01G\xf5\xa7\
\x0aw\xcc\xf5\x09\xf9\x92w:>\x0d\xeb\xf8\xac\x0c\xec\
\xdf\x9f*\x04\xad\x03Vj\xca\xab\x977\xfc\x8f8q\
\xdf<?\xa3\xd4/i\xc7mOy\xa9\xe6\xfeew\
\x03kz\x9fe-\xef\xae\x949\xc9\x96m\xabW[\
m\xc8\xb2=Kw,\xed\xd9xp\x1bO\xf9 p\
@\xb3\xb7\xff\xed\xe4\xdb2\x8a\xfd\xa9\xc2CTw\xab\
\x13\x98G\x1dk\xf7\xd7\xe6\xd9\x83z\xcf}\x12M\x03\
H\x8b\xa8\xf1O&\x1bX\xd3\xfb\x9cs\x7f\xd3\xfb\xb3\
7\xff\xea\xf0\xad\x13;\xec/\xcbc\xf6\x05A\xbd\xf8\
\x03\xdc\xfb\xc8\x9e\x07\x01[\xdbx\xcao\xf9u\xf1\x07\
\xff\xd7QV3\xe0.\xaf\xcc\x97\xbc\x15s|\xec*\
`I+\xc34\xe9T\xd7\x01$\x82\xd4\xf8'\xc0\xc0\
\x9a\xde\x7f;\xf7\xfa\xde\xfc\x9bW\x1f\xbemb\x87\xfd\
yy\xcc>\xd7\x96q<457\x13\x95\x84\xd98\
\xb6\xe0\xeev\x9d\x0e\x18\xf2\xf3\x80\xbeM\x01\xec\x94/\
y\x7f\x04\x9e\xe2\xebA\xc3\xeb\x0f\xc0\xbf\xd4z$\xa6\
\x94/y\xa7\x11\xfc\x91\x93\x09`\xbf\xda(\x8f\x04L\
(\xa7\x00\x0c\xd8\xf9\x13\xcf\xd4\xdc\x7f<\x0d\xac\xe9}\
\x89\xad\xf0\xf6J\xd9\x9e`+\xe1\x9e6\xdes\xde\xb6\
Gz\x17\xdd\xbbG\x1bNuI6c\xcf\xf0\xf3\x80\
~\xdc\xb3\xbe\xbbUhu\xc0\x9d\x9e\x0a\xbc\x06\xf8\xe6\
T?\xcc\x97\xbc}\x80/\xb55Qc:\xa8n\xbb\
\xa9?W\xf1\x85\x1a\xff\xe2g`M\xef)\xb5\x8b\xfe\
\xd3l\x85n\xd7y\xfc\xb2u\xac\xbb];\xb5\xfa\xbe\
%|+\x0a\x80\xefP\xdd\xc0&h\xdd\xec\xae|\x22\
_\xf2.\xefO\x15\xb6L\xf1\xb3/\x11\x9e}\x14N\
E\x05\x80\xf8A+\xfe\xc5\xc6\xc0\x9a\xdeW\xda\x0ao\
\xab\x94\xed\xf1\xb6\x82oK\xa5\x07\xc9x9a,\xe6\
>\x83m\xe5\x9a)?\xcdf\xec:\xbf\x0f\xea\xfb^\
\xca\xfd\xa9\xc26|\xbcM!\x02\xa6\xbc-0_\xf2\
N\x01Nk\x7f\x9c\x86=;_\xf2T\xd4I\xd3\xd4\
\xf8\x17m\x03kz\xcf<\xf7\xfa\xde\xdf\xbey\xf5\xe1\
c\x13;\xecw\xcb\xe3\xb6/\xaa\x17\xff\x9dv\x94;\
6\xb5\xf8\x14\xbe\xbf\xfb\x87\xd6\x8c\x00@\xf5~\xf6\xb7\
\xe3\xcfv\x8dQ\xf0\xce|\xc9\xfb\x9f\x9d\xb7\x05\xd6n\
\x99\x0c[\xc3d'\xf0\x12T\xdcI3\xd4\xf8\x17I\
\x03kz_o+\xbc\xb9R\xb6\x9e\xad\xb4\xec\xba\x12\
X\xa6\xb5W\xba?d3\xf6\xbaV\x1c\xb8%\x7fP\
\xfd\xa9\xc2H\xbe\xe4]\x0b<\xb7\x15\xc7\x0f\xa1\x9d\xb7\
\x05\xbe\xaa\xf6\xf5\x17\x800.\xb1{**\x00\xa4Q\
\xda\xea72\x06\xd6\xf6&\xac\xe5\x0d\xb6B\xd6\x96\xed\
\xb1q\xbc\xe8Of\xb0\xad\xfck\xfd\xc9V\x1d\xb8\x95\
\x7fh\xabP\x010\xd9+\xf3%\xef\x8bTo\xf7;\
\xddu\x98\x06='_\xf2\xf6\xecO\x15\x1ev\x1dD\
\xc2G\x8d\x7f\xe1V\xbb\xe8\x9f]\xbb\xe8\x1fc+$\
]g\x0a\x8a\x84\xb1\xad\xfa]\x8c\x00?h\xd1\xb1[\
Z\x00\x5c\x03\xdc\x09\x1c\xd4\xc2s\x84\xcd\x17\x81\xfd\x5c\
\x87hB\x17\xf0b\xe0b\xd7A$d\xd4\xf8\x17J\
\x03k{;\xac\xe5\x1c[\xe1\x8dv\xc2f\xac\xd5E\
\x7f*\x06\xeb{?]\xcd\xa7\xb3\x19[i\xd1\xb1[\
W\x00\xf4\xa7\x0a\xe5|\xc9\xcb\x01\x1fm\xd59Bh\
\xf7\x9d\xac\xc2\xe8\x15\xa8\x00\x90:\xa9\xf1/<\x06\xd6\
\xf6vY\xcb\x80\xad\xf0\xff\xec\x84]n\xad\xff\xcd\xe2\
Qc\xb0\xad\xb8\x96\xde\xcb4\xb7\x90\xfb\xa5\xd5\xf36\
\xff\x03|\x00\xc2\xb1\xaa\x93\xcc\xc9s\xf3%oQ\x7f\
\xaa\xd0\xea\xaeW\x89\x0a5\xfe\x05\xde\xc0\xda\xde\x1ek\
y\x9b\xad\xf0Z;a\x8f\xd2E\xbf>\xc6\xb4\xe4Z\
:\x94\xcd\xd8\x1d-8\xee\xa3ZZ\x00\xf4\xa7\x0a\xf7\
\xe7K\xde*\xe0\x9d\xad<\x8f\xb4U7\xf0B\xe0\x12\
\xd7A$\x04\xd4\xf8\x17X\xb5\x8b\xfe;l\x85\xb3\xec\
\x84M\xeb\xa2\xdf\x0c\xeb\xf7m\x8e\x9b\xa8\xdeM\xd7R\
\xed\xe8\xdc\xfc$\x90\x05\xda\xb5Z\x92\xb4\xde+P\x01\
 s\xa0\xc6\xbf`\x19X\xdb;\xdfZ\xdem\xcb\x9c\
a\xcb\xf6\x08\xebj?\xdd\x881\xf8\xbe\xceA.\x9b\
\xb1-o\xb6ny\x01\xd0\x9f*<\x90/y_\x00\
\xde\xdf\xeasI\xdb<?_\xf2\x16\xf6\xa7\x0a\x9b]\
\x07\x91\x00S\xe3_ \x0c\xac\xed]d-\xef\xb4e\
\xce\xa8\x94\xed\xe1\xe8\xa2\xdf\x0a~\xeeg0\x06|\xde\
\xc7\xe3M\xab]\xf7n~\x06\x18\x00\xf6l\xd3\xf9\xa4\
\xb5z\xa8N\x03|\xd7u\x10\x09.5\xfe\xb93\xb0\
\xb6w/ky\x8f-\xf3\xeaJ\xd9\x1e\xa2\x8b~\xeb\
\x18,\xe0\xeb\xdd\x11\x17g3\xb6-;\x0c\xb6\xa5\x00\
\xe8O\x15J\xf9\x92\xf7\xdf\xc0\x87\xdbq>i\x8bS\
Q\x01 \xd3Q\xe3_\xdb\x0d\xac\xed]l+\xbc\xd7\
V8\xadR\xb6\x07\xeb\xa2\xdf\x1e\x89\x84\xb5\xf8\xb7\xea\
\xad\x05>\xed\xd3\xb1f\xd5\xce\xd5\x9b>\x0f\x0c\x02\x8b\
\xdbxNi\x9d\x17\xe4K\xde\xfc\xfeTa\xab\xeb \
\x120j\xfck\x9b\x81\xb5\xbd{\xdb\x0a\xef\xb7\x15N\
\xad\x94\xedA\xf8\xbb\xbb\xbb\xccA\xc2\xf8Z\x00\x5c\x99\
\xcd\xd8\xbf\xf9t\xacY\xb5\xad\x00\xe8O\x156\xe5K\
\xde\xa7\x80\xffj\xd79\xa5\xa5\xe6\x03'\x03\x97\xba\x0e\
\x22\xc1\xa2\xc6\xbf\xd6\x1aX\xdb\xbb\xaf\xad\xf0\x01[\xe1\
\x94J\xd9\x1e\xa8\x8b\xbe[\x89\x84\xad\xe0\xcf\xc6\xb3\x0f\
\xc8\x8a\x00\x00\x1cPIDATz\x15\xe0\x02\x1f\x8e\
3g\xed^\xbf\xf9K\xc0;\x80\xa5m>\xaf\xb4\xc6\
\xa9\xa8\x00\x90\xc9\xd4\xf8\xd7\x12\x03k{\x0f\xb4\x15\xde\
g+\x9cR\x99\xb0\xfb\xbb\xce#\xbb\x18\xac_%\xd8\
\xc5\xad\xd8\xf2w&m-\x00\xfaS\x85-\xf9\x92\xf7\
\x09\xe0s\xed<\xaf\xb4\xcc\xc9\xf9\x927\xaf\xb6\x05\xb4\
\x88\x1a\xff|4\xb0\xb6\xf7\xa0\xda;\xfd\x97V&Z\
\xba\xd7\xbc4!a|Y\xaaw\x1b\xf0A\x1f\x8eS\
\x17\x17;8]\x04\xbc\x0b8\xd0\xc1\xb9\xc5_\x0b\x80\
\x17\x00W\xb8\x0e\x22\x01\xa0\xc6\xbf\xa6\x0d\xac\xed=\xac\
v\xd1\x7fQe\xc2j\xa44\x04|*\x00>\x97\xcd\
\xd8\xbb|8N]\xda^\x00\xf4\xa7\x0a\xdb\xf3%\xef\
cTw\x0b\x94\xf0;\x15\x15\x00\xa2\xc6\xbf\x86\x0d\xac\
\xedM\xd7.\xfa'W&\xec\xde\xae\xf3H}\x92\xc6\
\x96\x9b<\xc4\x03\xb4p\xcb\xdf\x99\xb8\xda\xc3\xf9\xab\xc0\
\xbf\x03\x878:\xbf\xf8\xe7\x85\xf9\x92\xd7\xd3\x9f*l\
w\x1dD\xdcQ\xe3_}\x06\xd6\xf6\x1ee+|\xc0\
\x96yA\xa5l\x97\xb8\xce#\x8d3\x89\xa6G\x00.\
\xc8f\xac\x93\xbdU\x9c\x14\x00\xfd\xa9\xc2X\xbe\xe4}\
\x04\xf8\x8a\x8b\xf3\x8b\xaf\xf6\x00\x9e\x07\x5c\xe9:\x888\
\xa2\xc6\xbf9\x19X\xdb{\xb4\xad\xf0~[\xe6\xf9\x95\
\xb2M\xb9\xce#\xfeHP\x99h\xe2\xe9\x7f\x03\xbe\xec\
W\x96z\xb9\x1a\x01\x00\xf8\x06\xf0^\xe0\x08\x87\x19\xc4\
\x1f\xaf@\x05\x80K\x0f\x00\xfb\xb8:\xb9\x1a\xff\xa67\
\xb0\xb6\xf7\xc9\xb6\xc2\xfbl\x99\xe7V\xcav/\xd7y\
\xc4\x7fM\xf6\x00\xbc7\x9b\xb1\xcd\x14\x10M1\xd6\xb7\
;\x18\xea\x97/yg\xa2\xbd\xe5\xa3`\x13\xb0\xb4?\
Uh\xe9\xd6\x952\xb5\xf2\xea\xe5\xbf\x04\x9e\xd5\xc8s\
\x13\xf75\xb9Swg\xe5^s\xca\x9fu[\xda$\
\x03k{\x9fR{\xa7\xff\xecJ\xd9j\xf9\xf3\x88[\
\xba\xf0\x91\xfb\x96-x\xb0\x91\xbb4\xae\xcff\xecI\
\xbe\x07\xaa\x83\xcb\x11\x00\xa8\xee(\xf7~\xe0\x89\x8es\
Hs\x16\x01\xcf\x01\xaeq\x1d$\xa6\x8a4X\x004\
E\x8d\x7f\x8f1\xb0\xa6\xf7\xb9\x952_\xabL\xd8\x03\
\x5cg\x91\xf6I\x98J#M\x80\x96\xea\xddpN9\
\xdd\xff\xb9?U\xa8\x00\x1fr\x99A|\xf3\x0a\xd7\x01\
b\xec&\x17'U\xe3_\xd5\xc0\xda\xde\xe5\xe7\x5c\xdf\
\xfb\xd7\x89\x1d\xf6g\xba\xf8\xc7O\x83S\x00\xdf\xcbf\
\xec\x0d\xbe\x87\xa9\x93\xd3\x02\xa0\xe62\xa0\xad\xab\x1fI\
K\xbc8_\xf2:]\x87\x88\xa9\xbf\xb6\xfd\x8cj\xfc\
\x03\xe0\xdc5\xbd\xe7M\xec\xb07U\xc6\xed\xd1\xae\xb3\
\x88\x1b\xc9\xfaG\x00\xc6\xa8\x8e|;\xe7\xbc\x00\xe8O\
\x15,\xd5\xe5\x81%\xdc\xf6\xa2:\x0d \xed\xf7[\xe0\
O\xed<\xa1\x1a\xff\xe0\xdc5\xbd\x17\x94w\xd8\xff\xd6\
\xae{\xf1\xd6\xc0\x08\xc0\x97\xb2\x19{[K\xc2\xd4\xc9\
y\x01\x00\xd0\x9f*\xfc\x125\x03F\xc1\xa9\xae\x03\xc4\
Qr\xe5z\x0b\xbc\xafm'\xd4\x8a\x7f\x9c\xfb\x9b\xde\
\xcf\x95wXM_\x0a\x09S\xa9\xa7\x00(\x01\x1fm\
U\x96z\x05\xa2\x00\xa8y'\xb0\xc1u\x08i\xcaK\
\xf2%\xcfuci,%W\xae\xbf\x16\xf8E\xcbO\
Tk\xfck\xf9y\x02l`M\xef\x8b\xcac\xf6\xed\
\xaesH0$\xea\xdb\x0c\xe8\xa3\xd9\x8c-\xb5,L\
\x9d\x02S\x00\xf4\xa7\x0a\x0f\x00\xefv\x9dC\x9a\xb2\x18\
x\xb6\xeb\x101\xd6\xf2Q\x00\xdb3\xf1\xa5\xb87\xfe\
U&\xf8\xa6\xeb\x0c\x12\x1c\x09S\x99k\x01p\x1b\xd5\
\x1dq\x03#0\x05@\xcd\xd7\x80X\xbf\xb8D\x80\xa6\
\x01\x1cI\xae\x5c\xff\x07\xe0\x5ch\xcd\x0e\xf1\xb6\xbb\xfc\
\xfb\xc4\x8b\xd7\xbd\xb5\x15\xc7\x0e\x8bs\x7f\xd3{\xa1\x16\
\xf4\x91\xc9\x12f\xce#\x00\xef\xcbf\xecXK\xc3\xd4\
)P\x05@\xad!\xf0\xcdT\xbb$%\x9c^\xaai\
\x00w\x92+\xd7_\x08\xbc\x06\xf0wu\xb1\xce\xca}\
t\xd8\x13}=f\xc8\x0c\xac\xed\xed\xa9\x8c\xdb\xb3]\
\xe7\x90`I\x989]\xff\x7f\x96\xcd\xd8\xef\xb5:K\
\xbd\x02U\x00\x00\xf4\xa7\x0a7\x03\x9fr\x9dC\x1a\xb6\
7\xb0\xd2u\x888K\xae\x5c\xffm\xe0\x14\xc0\x97\x0d\
\x9alwy\xad\xed\xaa\x1c\x9ax\xe1:gK\x96\x06\
\x81\xb5\xbc\xce\xda\xe0\xbdf\x8a[\x06;\xdb] \x9b\
\x81l;\xb2\xd4+\xa8\x7f\x99?\x06\xdc\xea:\x844\
L\xd3\x00\x8e%W\xae\xbf\x9aj!\x96o\xf8 \x09\
[\xb6\xf3'\xde\x95x\xe9\x8d+\x12/\x5c\xa7\xdd\x1e\
+\xc4\xba\xf9Q\xa6\x960\x95\xd9\x0a\x80\xf7g3\xf6\
\x1fm\x09S\xa7@\x16\x00\xb5\xade\xcfq\x9dC\x1a\
\xf6\xb2|\xc9K\xba\x0e\x11w\xc9\x95\xeb\x7f\x9f\x5c\xb9\
\xfe9\xc0\xf1\xc0\xa5\xc0\xdcnWJ\xda\xed\xb6\xa7|\
\x99\x9dW>,\xf1\xa2u\x9fme\xc60\xb1\x15\x8e\
s\x9dA\x82\xc7`g\xba\x8e\xae\x05\x86\xdb\x95\xa5^\
\x81\x9d\xab\xedO\x15\xf2\xf9\x92\xf7m\xe0\x0c\xd7Y\xa4\
nK\x81\x93\x80\xeb\x5c\x07\x11H\xae\x5c\xff'\xe0\xb4\
\xf2\xea\xe5G\x00/\x07\x9e\xf0\xe8\x87\xb1\x8bI\xb2\x8d\
\x84\xdd`\x8d\xbd\x8b\xa4\xfd\x9f\xc4\x8b\xd6\xfd\xafV\xb6\
y<m\xec#SI\x18;\xdd\x9b\x9d\x1d\xc0\x1b\xb3\
\x99\xa6v\x0bl\xa9\xc0\x16\x005\xef\x00\xfe\x0d\xd0\xde\
\xd9\xe1s**\x00\x02%\xb9r\xfd\xad\xc0'\xa7\xfb\
\xb9.\xfa\xb30\xb4\xe8\xfe\x0a\x093\x03\xd3\x15\x00\x1f\
\xcdf\xec\xcdm\x0dS\xa7@N\x01\xec\xd4\x9f*\xdc\
\x0f\xbc\xc7u\x0ei\xc8)\xf9\x92\x17\xe8\xbf_\x22\xf5\
0s\x9dB\x91X1\xc6N\xb5\x07\xca_\x98\xa1\xd8\
\x0e\x8a0\xbc@\x7f\x15\xf8\x8d\xeb\x10R\xb7\xfd\x80X\
\xdf6&\x11c\xf4\xfe_\xa6\xb4{\x01P\x06\xde\x90\
\xcd\xd8q\x17a\xea\x11\xf8\x02\xa0\xb66@\x16\x08\xfc\
/S\x1eG[\x04K\x94\xe85H\x1e\xc7`\xbbv\
\xfb\xd6\xe7\xb2\x19\xfbG'a\xea\x14\xf8\x02\x00\xa0?\
UX\x0f|\xdau\x0e\xa9\xdb)\xf9\x92\xa7\xa9e\x89\
\x04\x934\x81\x9e\xcf\x15g\xba'}>\x0a\x9c\xef*\
H\xbdBQ\x00\xd4|\x84\xea/W\xc2\xe3\x00\xa0\xcf\
u\x08\x11?\x98\x04_w\x9dA\x82\xa5\xf6\xeef\xe7\
\x14\x80\x05\xde\x94\xcd\xd8m\xae\xf2\xd4+4\x05@m\
m\x80s]\xe7\x90\xbai\x1a@\x22\xc1\x18.2\xea\
\x03\x90IL\xe21\x7f\x1d\xbe\x92\xcd\xd8P\xdd\xf9\x14\
\x9a\x02\x00\xa0?U\xf89h'\xae\x90y\xb9\xa6\x01\
$\x0a\x86\xfbF\xc7L\x87)\xba\xce!\xc1\x91\xdc\xb5\
\x11\xd0\xdd\x84p7\xdbP\x15\x005\x03\xc0-\xaeC\
\xc8\x9c-\x03Np\x1dB\xc4\x0f\x89$/5F\xb7\
\x03J\x951\x95\x9d\x7f\x17\xce\xcdf\xec\xc3N\xc34\
 t\x05@\x7f\xaa\xb0\x198\x0d\x9f6:\x91\xb6\xd0\
\xde\x00\x12\x09\xc3}\xa3\xa3\x89N\x13\xd8\xa5]\xa5\xbd\
j[\x01\x7f?\x9b\xb1W\xba\xce\xd2\x88\xd0\x15\x00\x00\
\xfd\xa9\xc2:\xe0<\xd79d\xceT\x00Hd\xac:\
q\xf4m\x89\x0es\xbf\xeb\x1c\xe2\x9e\xb5\xa6\x0c\xbc\xd5\
u\x8eF\x85\xb2\x00\x00\xe8O\x15.\xa2\xba\xc1\x89\x04\
\xdf\xc1\xf9\x92\xf74\xd7!D\xfc\x92\xe8\xe0i&i\
6\xbb\xce!n\x8d\xd9\xce\x89l\xc6\x86\xb6\x18\x0cm\
\x01P\xf3F\xe0\xef\xaeC\xc8\x9ch\x14@\x22c\xb8\
o\xf4\x1f\xc9N\x8eH$M\xc9u\x16q\xc7\x84|\
q\xa8P\x17\x00\xfd\xa9\xc2&\xe0\x95\xc0\x98\xeb,2\
+\x15\x00\x12)\xc3}\xa3\xf7%:9<\xd1a\xee\
u\x9dE\x1c1*\x00\x9c\xeaO\x15\xfe\x886\x0c\x0a\
\x83\xc3\xf2%\xef)\xaeC\x88\xf8i\xb8otc\xa2\
\x83\x03\x93]\xe6\xbb\xda+ \x96T\x00\xb8\xd6\x9f*\
\x0c\x01\xa1\xec\xc2\x8c\x19\x8d\x02H\xe4\x0c\xf7\x8dVV\
\x9d8\xfa\xea\x8e.sb\x22i6\xb8\xce#m\x15\
\xea\xd1\xe7H\x14\x005\xaf\x07\xeep\x1dBf\xa4U\
\x01%\xb2\x86W\x8c\xae\xbd\xf0\x99\xa3K\x92]\xe6b\
\x8d\x06\xc4\x84\x09\xf7\xed\xe8\x91)\x00\xfaS\x85\x12\xf0\
*`\xc2u\x16\x99Vo\xbe\xe4=\xd9u\x08\x91V\
Zu\xe2\xe8Y\x1d\xdd\xe6\xe9\x89\x0e\xf3\xa0\xeb,\xd2\
r;\x5c\x07hFd\x0a\x00\x80\xfeT\xe1\xb7\xc0\x07\
\x5c\xe7\x90\x19i\x14@\x22o\xb8o\xf4\xf7\x17\x9e4\
\xbaO\xb2\xcb\xfc\xafF\x03\xa2\xcb@h6\xfe\x99J\
\xa4\x0a\x80\x9aO\x03?q\x1dB\xa6\xa5>\x00\x89\x8d\
U'\x8e\xbe\xa1\xa3\xdb<U\x0b\x07E\x96\x0a\x80 \
\xe9O\x15,p\x16\xf0O\xd7YdJG\xe6K\xde\
1\xaeC\x88\xb4\xcbp\xdf\xe8\x9f.<it\xdfd\
\x97\xf9\xb2v\x13\x8c\x18\xc3V\xd7\x11\x9a\x11\xb9\x02\x00\
\xa0?Ux\x108\x1d(\xbb\xce\x22S\xd24\x80\xc4\
\xce\xaa\x13G\xb3\xc9n\xe3i\xdd\x80HQ\x01\x10D\
\xfd\xa9\xc2\xaf\x81\x0b\x5c\xe7\x90)i\x1a@bi\xb8\
o\xf4\xc6\x0bO\x1a\xdd?\xd9e\x865\x1a\x10\x09\xa1\
^\x0e:\xb2\x05@\xcd\xe7\x09\xf9\x1fPD=1_\
\xf22\xaeC\x88\xb8\xb2\xea\xc4\xd1\xb7$\xbb\xcd\x93\x12\
\x1d\xe6n\xd7Y\xa4)[\x5c\x07hF\xd4\x0b\x80\xcf\
\x02\x0b]\x87\x90)i\x14@bm\xb8o\xf4\xa6\x0b\
O\x1a=0\xd9e>o\x0c\x95\xd9\x9f!\x81c\xc2\
\xfd\x063\xb2\x05@\xbe\xe4\xbd\x0c8\xdbu\x0e\x99\x96\
\x0a\x00\x11`\xd5\x89\xa3\xe7%\xbbM&\xd1a\xeet\
\x9dE\xea\xb6\xc9u\x80fD\xb2\x00\xc8\x97\xbce\xc0\
W\x5c\xe7\x90\x19\x1d\x9d/yG\xb9\x0e!\x12\x04\xc3\
}\xa3\xffw\xe1I\xa3\x07'\xbb\xcc\xa75\x1a\x10*\
*\x00\x82$_\xf2\x12\xc0\xc5\xc0b\xd7YdV\x1a\
\x05\x10\x99d\xd5\x89\xa3\xefIv\x9b\xa3\x12\x1d\xe6v\
\xd7Ydv\x06\x1ev\x9d\xa1\x19\x91+\x00\x80\x7f\x07\
V\xba\x0e!s\xa2\xdb\x01Ev3\xdc7:r\xe1\
I\xa3\x87%\xbb\xcd\xc74\x1a\x10x*\x00\x82\x22_\
\xf2\x9e\x06\xfc\xa7\xeb\x1c2gO\xca\x97\xbc\xb4\xeb\x10\
\x22Ad\xe0o$L\xa87\x9b\x89\x81P\x17\x00\x1d\
\xae\x03\xf8%_\xf2\xf6\x00.!B\xffO1q*\
\xf0\x09\xd7!D\x82b`moo\xa5\xccU\x95q\
\xbb\xdcu\x16\x99\x85!\xd4\xdb?G\xe9b9\x0c\xf4\
\xba\x0e!u{\x05*\x00D\x18X\xdb\xdba+\xfc\
oe\xdc\x9ei-\xc6u\x1e\x99\x93\x92\xeb\x00\xcd\x88\
\xc4\x14@\xbe\xe4\x9d\x0e\xbc\xc6u\x0ei\xc8q\xf9\x92\
\xa7\xc2Mbm`M\xefk\xcb\xe3l,\x8f\xd9\xd7\
\xe8\xe2\x1f*\xa1.\x00B?\x02\x90/y\x87\x01\x17\
\xba\xce!M9\x15\xf8\xa4\xeb\x10\x22\xed6\xb0\xb67\
])see\xdc>\xd1u\x16\xa9\xdfp\xdfh\xa8\
\xf7\x02\x08u\x01\x90/y\x1d\xc0\xb7\x81E\xae\xb3H\
ST\x00H\xac\xd4\x86\xfb\xbf^\x19\xb7\xa7\xeb\x1d\x7f\
HE`/\x87\xb0O\x01\x9c\x0f<\xddu\x08i\xda\
\xf1\x1f\xbd\xf9\x89\xef\x1a,\xa4\x93\xae\x83\x88\xb4\xda\xc0\
\x9a\xde\xd7\xd7\x86\xfb\xcf\xd0\xc5?\xbc\x0c\xe1/\x00\x8c\
\xb5\xe1\xfc\x7f\xc8\x97\xbcg\x00\xd7\x01\xbahD@q\
\xc3\x0e\xfe\xfe\xf0\xd8-\xc0\x87\x80\xef\x0dy#\xe1\xfc\
\x8b)2\x8d\x815\xbd}\x952_\xabL\xd8#]\
g\x91\xe6\x99\x04\x13\x17\xad\xfc{\xa7\xeb\x1c\xcd\x08\xe5\
\x08@\xbe\xe4\xed\x05|\x0b]\xfc#c\xff\xf9\x1d\x00\
G\x02\xdf\x01n\x1c,\xa4_\xec6\x91\x88?\x06\xd6\
\xf4\x9et\xce\xf5\xbd7O\xec\xb0kt\xf1\x8f\x94\xb2\
\xeb\x00\xcd\x0ak\x0f\xc0\x97\x81\x83]\x87\x10\xff\xa4z\
\x92t'\x0d;\xfe\x7f{\xf7\x1fdWY\xdfq\xfc\
\xfd}\xce\xbd\xbb\xc9\x86_!? \x8a\x85\xf6z\xa8\
\xa2R{\x11\xadw\x13\x10\x09R\xa9\xa5X\x04\x1c\xc5\
Z\xa8\x9dj.\xe3)EA\xab\xd5\xa9Z\xfc\xd5\x16\
\xb6r7u\xca\x0c\x05\xec/\xeb\x94V\x19\x81\xb8c\
\xfd\xc1n\xa3\xc8\x99\x09\xd8\xa0\xec\x1c4\xd1HBB\
6\x86@6\xd9{\xce\xd3?\xce\x8dn\xf3\x83d\xf7\
\xfex\xce9\xf7\xfb\x9a9sw\xf6f\xef\xfdLf\
\x93\xf3\xb9\xcfy\xce\xf3\xc4\x16\xe0l\xe0\xbf\x82\xd0\xff\
.\xf0\xa1\x91\xea\xe4\x98\xdbtJ\xcd]}\xbcrA\
\x12\xf3\xf9\xa4iu\xb1\xab\x22\x92\xfc\x17\x80\xdc]\x02\
\x18\x9b\xaa\xfe\x11\xba\xd1O!=\xb2c\x9aM\xcf\xcc\
\x1c\xee\xa9o\x00\x1f\x1e\xa9N\x8e\xf76\x91RsW\
\x1f\xaf\x5c\x94\xc4\xacM\x9aVoo-0\xe3\xc9\xee\
\xb5\xe7G'\xba\xce\xd1\x8e\x5c\x15\x80\xb1\xa9\xea\x99@\
\x08,r\x9dEu\xde\xf6\xbdM\xd6o\xdd\xfb|\x7f\
\xe4>\xd2\x22\x10\xf6(\x92R\xc7\xac>^\xb9$\x89\
i$M{\x86\xeb,\xaa\xfb\x8c'O\xaf=?Z\
\xea:G;rS\x00\xc6\xa6\xaa\x03\xc0\xff\x00U\xd7\
YTw$\x16\xd6m\xde\xc3Lr\xd4\xdf\xc9\xaf\x01\
\x7f\x0b<\xa0\x93\x05\x95k\xf5\xf1\xca\xef&1\xb7%\
M\xab\x97%\xfb\x88)\xc9\xd6\xb5\xe7E+\x5c\xe7h\
G\x9e\xe6\x00\xfc\x15z\xf2/4#\xb0|\xa8\xc4\x96\
=\x87\xbd\x0c0\xdbE\xadcc\x10\xfa\xb7\x02w\x8f\
T'u\xd3\x14\xd5S\xf5\xf1\xcaUI\xcc_'M\
{\x9a\xeb,\xca\x89\xfd\xae\x03\xb4+\x17#\x00cS\
\xd5\x8b\x80\x07@\xef\x99-\xba'\x9fm\xf2\xbd\xa7\x9e\
\xf72\xc0\xe1l']\x0drt\xa4:\xb9\xad\xf3\xa9\
\x94J\xd5'*'\xdb\x84O'1W\xd9\xd8\x1e\xef\
:\x8fr\xc7\x94dr\xedyQ\xae\xef\xea\xc8|\x01\
\x18\x9b\xaa.\x05\x1e\x01r=\xd4\xa2\x8eMl-\x0f\
l\xdaC<\xbf_\xcb}\xa4;B\xde2R\x9d|\
\xb4\xa3\xc1T_\xab\x8fW.I\x12>a\x9b\xf6\x95\
\xbax\x8f\x020e\xf9\xfe\xdaU\xd1+\x5c\xe7hG\
\x1e.\x01\xdc\x81\x9e\xfc\xfb\x86'\xc2\xb2\x85%\xb6>\
\xd7\x9c\xcf\x8f\x0f\x02\xd7\x00\xd7\x04\xa1\xff5\xe0\x16\xd2\
y\x02I'3\xaa\xfeP\x9f\xa8\x1cg\x13n\xb61\
\xefHb{\x92\xeb<*[\x04\xe6<T\x995\x99\
.\x00cS\xd5:\xf0&\xd79To\xadX4\xef\
\x020\xdb\x81y\x02?\x0dB\xffn\xe0\xce\x91\xea\xe4\
\x0f\xdb\x0e\xa7\x0a\xaf>^\xb9\xc0&|2i\xdas\
\xad\xcd\xe7bi\xaa'r?\xef(\xb3\x97\x00\xc6\xa6\
\xaa/\x07\x1e\x02\x16\xb8\xce\xa2zk&\xb1\xac\xdb\xbc\
\x87\xa3\xdf\x0c0g\xeb\x81;I\x97\x1a\xce\xf56\x9e\
\xaa\xb3\xea\x13\x95\x056\xe1c6\xe6\xda$\xb6K\x5c\
\xe7Q\xd9\xe7\x0d\xc8\xba\xd1\x95\xd1\xc5\xaes\xb4#\xcb\
#\x00\xb7\xa1'\xff\xbeT6\xc2\x92\x05%\xb6\xefm\
{\x14\xe0`\xbf\xd5:n\x0dB\xff\xcb\xa4e\xe0\xfe\
\x91\xead\xeeW\xf4RsW\x9f\xa8,\xb0\x96\xebl\
\xc25\xb6i_\xa2\x9f\xf6\xd5\x1c=\xeb:@\xbb2\
Y\x00\xc6\xa6\xaa\x17\x02\xe7\xbb\xce\xa1\xdcY\xb1\xa8+\
\x05\xe0\x80A\xe0\x8a\xd6\xb15\x08\xfd\x7f\x22\xbdD\xa0\
\x13\x07\x0b\xae>Q9\xceZ\xae\xb71W\xdb\xd8\xfa\
:\xa1O\xb5A\x0b@\x97\xfc\xa5\xeb\x00\xca\xadS\x87\
J<\xd2\xa3\xb7\x02n\x00n\x08B\xff1\xe0\xcb\xad\
c\xbdN\x1e,\x86\xfaD\xe5$k\xb9\xd1\xc6\xbc5\
\x89\xed\x19\xe8I_u\xc6\x1e\xd7\x01\xda\x95\xb9\x020\
6U\xbd\x18\x18v\x9dC\xb95\xe8\x09'/\xf0\xd8\
9\xdd\xd3\xd1\xf9\x97\xb6\x8e\x9b\x80\xedA\xe8\xdf\x0b|\
\x05X7R\x9d\xcc}\xdb\xef'\xf5\x89\xcar\x9b\xf0\
\x01\x9b\xf0\x96$\xb6\xa7\xe9I_u\x81\x16\x80.\xb8\
\xcau\x00\x95\x0d\xa7\x0e\x95z]\x00f[F\xeb\x96\
B`:\x08\xfd\xaf\x93\x8e\x0c\xdc;R\x9d\xdc\xe2*\
\x94:\xb2\xfax\xe5w\xac\xe5\xed6\xe1uIlW\
\x90\xcd\xf9\xcd\xaa(D\x0b@7\x9c\xed:\x80\xca\x86\
\x15\x8bJl\xdc\xb9\xcfu\x0cH'\xa3^\xd2:l\
\x10\xfa!\xe9\xc8\xc07\x80\xef\x8eT's\x7f?p\
\xde\xd4'*\x06\xcbe\xd6\xf2V\x9b\xf0Z\x1b\xdb\x17\
\xe8$>\xd5c?w\x1d\xa0]\x99*\x00cSU\
\x0f8\xcbu\x0e\x95\x0dC%\xc3\x09\x03\x86\xdd\xfb3\
u)^\x80sZ\x07\xc0L\xab\x10<\xd8:\xc6G\
\xaa\x93\xdb]\x85+\xaa\xfaD\xa5\x84\xe5rk\xb9\xca\
&\xbc\xc6\xc6v\x85N\xe0S.\x09\xecv\x9d\xa1]\
\x99*\x00\xc0\x8b\x81\x85\xaeC\xa8\xec8u\xa8\xc4\xee\
\xfd\x99\xdes\xa3\x0c\xbc\xa6u\xdc\x00\x10\x84\xfe\xe3\xc0\
8\xadR0R\x9d|\xdc]\xbc|\xaaOT\x96c\
\xb9\xd4Z.\xb5\x09\xafNb\xbb\x5c\xaf\xe3\xab\x8c\xd1\
\x02\xd0a\xcb]\x07P\xd9\xb2|\xa8\xc4\xe3\xbb2]\
\x00\x0e\xe7\xcc\xd6q\x0d@\x10\xfa\xdb\x81\x09\xe0Q`\
c\xeb\xf8\xa1\xee`\x08\xf5\x89\xca\x00\x96\xd7[\xcbj\
,\xaf\xb6\x96\x17\xdb\xc4.\xb5\x09e\xd7\xd9\x94:\x8a\
\xdc/&\x96\xb5\x02\xf0\x13\xd7\x01T\xb6\x9c4\xe8Q\
6\xc2L\x17\x96\x05\xec\xa1e\xc0\xef\xb5\x8e\x03\x92 \
\xf4\x9f\xe0\x97\x85\xe0\xc0\xf1\xd8Hu\xf2\xb9\xdeG\xec\
\xbe\xfaD\xe5\xe5\xd6r\x09\x96\x9aMx\x99\xb5\xbc\xc0\
&vH'\xeb\xa9\x5c\x12v\xb9\x8e\xd0\xae\xac\x15\x80\
\x9f\x021\xe0\xb9\x0e\xa2\xb2A\x80\xa5\x0b=\x9e|\xb6\
k\x8b\x02\xb9bH/y\xbd\x18\xb8t\xd6\xf7m\x10\
\xfa\x9bH\xcb\xc0&\xe0g\xc0\x93\xad\xc7\x03_o\x1f\
\xa9Nf\xea\xb4Y\x9f\xa8\xac\xc0\xf2\x9b\x16\xce\xc2\xe2\
\x03gX\xcb\x0a,K\xad\xe5\x04\x12\xbbP'\xe9\xa9\
\x82\xc9}\x01\xc8\xdc^\x00cS\xd5\xcd\xc0\x8b\x5c\xe7\
P\xd9\xb1a\xc74\x9b\x9f\x99q\x1d#Kf\x80\xad\
\x1cZ\x0c\x9e\x22\xdd\xa0do\xebq\xf6q\xb8\xefM\
7\xa7\x93\x12\xb0\x18X\x82\xe5$\xe0D\xe0D\x0b'\
\xb4\xbe>\x1e\xcbq\xf0\x8bc\x08\xcb\x12k9\x05\xcb\
bk\xed\x22k\x19\xd0\xeb\xf3\xaa\xdf\x94\x16\xc8\xe2F\
-\xcau\x09\xc8\xda\x08\x00\xc0#h\x01P\xb3\xe8\x99\
\xe5\x10e\xd2\x7f#m\xff;iNg\xeb\x03\x80R\
y\x91\xf7\x93?\x90\xc9!\xb9\xdb\x5c\x07P\xd9bD\
+\x80R*C\x0a\xf2_R\x16\x0b\xc0\x03\xc0c\xae\
C\xa8\xec\xd8\x17gj\x1d\x00\xa5T\x9f\x13\x8a1u\
5s\x05`\xf5\xe2\xd0\x02\xb7\xb8\xce\xa1\xb2\xe3iw\
\xcb\x01+\xa5\xd4\xa1\x84B|*\xc9\x5c\x01h\xb9\x8b\
\xf4\x9ei\xd5\xe7\x9e\x9dI\xd8\x17\x17\xa2l+\xa5\x0e\
\x90\xdc\x7f\x82\xd6\x02\xd0-\xab\x17\x87\xfb\x80+)\xc0\
nK\xaa=\xdb\xf6\x16\xee\xf6?\xa5\xfa\x9aW\x96\xaf\
\x97\x06e\x85)K\x9e/\xf5\x16\xe2?\xa6L\x16\x00\
\x80\xd5\x8b\xc3\x1f\x00\xefq\x9dC\xb9\x93X\x88\xf2\xb7\
\x0a\xa0R\xea0DH\xbcA\xb9~tUta\xa3\
\x16m[\xbb*:\xcb\x1b\x90OK\x1eG\x03D\x0a\
q]2\xb3\x05\x00`\xf5\xe2\xf0\x0b\xc0\xdf\xb8\xce\xa1\
\xdc\xd8\xfc\xcc\x0c\xd3:\xfc\xafT\xee\x19O\x9e\xf6\x06\
\xe5\x15\xa3\xc3\xd1\xad\xb3\xbf?\xba2\xfa\x807(\xaf\
1\x9e\xe4\xea\x96:I\xd7\xe2\xc8\xbdL\x17\x00\x80\xd5\
\x8b\xc3\xf7\x01\x97\x03;]gQ\xbd\xb3?\xb6L\xee\
\xca\xc4V\xc0J\xa96xe\x193eNm\xd4\xa2\
\x8d\x87{\xbeQ\x8b\x1e2e\x96y\x03\xb2\xae\xd7\xd9\
\xe6M\x8aQ\x002\xb7\x12\xe0\x91\x8cMU_\x08\xdc\
\x09\x5c\xe8:\x8b\xea.ka\xfd\xd6\xe7\xd8\xa1\xb3\xff\
\xbbnz\x97\xfe\x1d\xab\xee\x10!6\x03r\xfd\xe8p\
\xf4\xb9c\xfd\x99\xfax\xe5\x9ax\xc6~>\xeb\x9bA\
\x99\x92lZ{^t\x86\xeb\x1c\xed\xca\xfc\x08\xc0\x01\
\xab\x17\x87[V/\x0eW\x93n\xbb\xfaw\xc06\xc7\
\x91T\x97\xfc\xef\xce}z\xf2W*\xc7\x8c';\xbc\
Ay\xf9\x5cN\xfe\x00\x8d\xe1\xe8\x0eo@N7%\
y\xa2[\xd9:B\xf8\xb9\xeb\x08\x9d\x90\x9b\x11\x80\x83\
\x8dMU=\xe0\x02\xe0\xa5\xc0\x92Y\xc7\x09\xc0\x10\xb0\
\xb0u\x0c\x1d\xf4\xb8\x80\xc2\xac\xe3T,\x89\x85\x8d;\
\xf7\xf1\xa3\xdd:\xf1\xafWt\x04@u\x9a7 \xeb\
\xc4\xf0\xc6F-j\xebV\xb95\x0fVn\x8bg\xec\
\x9a,\xee3\xe1\x95\xe5\x9b\xa3\xab\xa2\xd7\xb9\xce\xd1\xae\
\xdc\x16\x80\xf9\x1a\x9b\xaa\x0ai\x09\x98]\x0a\x0eW\x14\
\xe6\xf2\xfc\xf3}/7\xa3,.M\xc7\x96\x87\x9f\xda\
\xcbN\xfd\xe4\xdfSZ\x00T\xa7\x88!6ey\xef\
\xe8p4\xda\xa9\xd7\xac\x8fW\xce\x8b\x9b\xdckc{\
|\xa7^\xb3\x13\xbc\x01\xf9\xd2\xe8\xca\xe8\x0a\xd79\xda\
\xd5w\x05\xa0\xd7\xc6\xa6\xaa\x03\xcc\xbf<\x1c\xf1\xf9\xe9\
\xa6\xad$\xd8\x93\x8c\x08\x9e\xa4\xeb\xe5{\x99\xeb\xc9G\
7\x93X~\xbc{\x86'v\xefg\xbf\xce\xf8\xef9\
-\x00\xaa\x13LI\xb6\x9b\x12+\x1b\xb5\xe8\xf1N\xbf\
v}\xa2\xb2\xc0\xc6\xac\x8bg\xec\xaaN\xbf\xf6|y\
\x83r\xd3\xe8p\xf4\x19\xd79\xda\xa5\x05 \xa7\x82\xd0\
\x7f\x15p;\xf0\x1b\xb3\xbfo\x04<\x91\x83\x1e\xc13\
\xe9\xd7\x07\x17\x86\xd9\x7f\xe6\xff=gf\xff\x99C\x7f\
\xee\x97\x8f\xe9k\xcce\xbf\x9e\xfd\x89\xe5\xe7\xfb\x12\xb6\
=\xd7d\xf333\xc4\xfa;\xe8\x8c\x16\x00\xd5.o\
@\xee\x13\xc3\x9b\xda\x1d\xf2?\x9a5\xe3\x95z2c\
o\xb5\x89\xdb]l[\xeb\x19,l\xd4\xa2\xdc_\xab\
\xd4\x02\x90cA\xe8\x97\x80\xf7\x03\x1f!\xbd\xac\xe1\x8c\
<_\x99h=\x0a\xf0\xccL\xc2\xdef!V\xd1,\
\x04-\x00j\xbeZC\xfe\xd7\x8d\x0eG\x7f\xdf\xab\xf7\
\xacOTNO\x9a<\x984\xedi\xbdz\xcf\x83\x99\
\xb2lX\xbb*z\xa5\xab\xf7\xef$-\x00\x05\x10\x84\
\xbe\x0f\xfc\x03p\xbe\xeb,*_\xb4\x00\xa8\xf90%\
\xd9jJ\x9c\xd7\xa8E\x93.\xde\x7f\xcd\x83\x95\x7f\x8c\
g\xec;]\xac!X\x1a\x94k\x1b\xc3\xd1\x1d\xbd\x7f\
\xe7\xce\xd3\x02P\x10A\xe8\x0b\xf0.\xe03\xc0I\x8e\
\xe3\xa8\x9c\xd0\x02\xa0\xe6B\x84\xc4\x94\xe5\x96\xd1\x95\xd1\
\xfb\x5cg\xa9\x8fW\xde\x107\xed=6f\xa8W\xef\
i<\xd9\xb9\xf6\xfchI\xaf\xde\xaf\xdb\xb4\x00\x14L\
\x10\xfa+\x80\xdb\x80\xdfw\x9dEe\x9f\x16\x00u\xac\
LY\x1e5\x1eol\xd4\xa2-\xae\xb3\x1cP\x9f\xa8\
\x1cgc\xbe\x1e\xcf\xd8s\xbb\xfd^\x22XoP\xce\
m\xd4\xa2\x87\xbb\xfd^\xbd\xa2\x05\xa0\xa0\x82\xd0\x7f3\
i\x11x\x81\xeb,*\xbb\xb4\x00\xa8\xa3\x11\xc3^\xaf\
,\xf5,\x0f{\xaf\x19\xaf\xdc\x94\xec\xb77[\xdb\xbd\
\xdb\xae\xbd\x01\xf9\xec\xe8\xca\xe8\xc6n\xbd\xbe\x0bZ\x00\
\x0a,\x08\xfd\x13I/\x09\xfc1\xba\xf8\x91:\x0c-\
\x00\xea\x88\x04\xbc\xb2\xdc+\x86+\x1a\xb5h\xdau\x9c\
\xa3\xa9OT\xceL\x9a|+i\xdaS:\xfd\xda\xa6\
,\xdf[\xbb*\xea\xfa(C\xafi\x01\xe8\x03A\xe8\
\x9fG:I\xf0L\xd7YT\xb6h\x01P\x87cJ\
\xf2\x94\xf1xsc8\x9ap\x9de\xae\xd6<X\xf9\
\xb7x\xbf\xbd\xb2#/&X\xaf,\x9f\x1f]\x19\x15\
rkz-\x00}\x22\x08\xfdA\xe0/\x80\x1b!\xdb\
\x1bm\xa8\xde\xd1\x02\xa0f\x13!nM\xf2{\xbf\xeb\
,\xed\xa8\x8fW.K\x9a\xdc\x91\xc4v\xde\x13\xa2\xc5\
0\xed\x95\xe5\xf2\xc6p\xf4\xd5Nf\xcb\x12-\x00}\
&\x08\xfd\xb3I\x17\x10*\xdcp\x96\x9a;-\x00\xea\
\x00S\x96G\x8c\xc7%Y\x9a\xe4\xd7\xae5\xe3\x95\x1b\
l\x93\x8f$\xb1=\xe1X\x7fF\x0c\xfbLI\xbe(\
\x86\xeb\x1a\xb5hw7\xf3\xb9\xa6\x05\xa0\x0f\x05\xa1o\
\x80\xf7\x02\x1f\x032\xb5\xc6\xb6\xea--\x00J<\xf6\
z\xa5lO\xf2k\xd7\x9a\xf1\xca\x07m\xcc5\xd6\xf2\
B\x9b\xd8\xa1\x83\xd7\x0f\x10C,F\x9e\x16\x8f\xcf\x89\
ps\xb7W5\xcc\x0a-\x00},\x08\xfde\xc0\x87\
\x81w\x03\x03\x8e\xe3(\x07\xb4\x00\xf4\xb1t\x92\xdfW\
\xc4\xf0\x96\x22,k{\xac\xea\x13\x95\x01,\xaf\xb7P\
\x11\xd8\x80\xf0\xbd<Lr\xec\x06-\x00\x8a \xf4\x7f\
\x15\xf88\xf06\xf4n\x81\xbe\xa2\x05\xa0?\x99\x92l\
3%.k\xd4\xa2\xf5\xae\xb3(w\xb4\x00\xa8_\x08\
B\xff\x95\xc0'\x81\xdfv\x9dE\xf5\x86\x16\x80\xfe\x22\
\x86\x19S\x92[\x8bv?\xbb\x9a\x1f-\x00\xea\x10A\
\xe8_\x00|\x0ax\xb5\xeb,\xaa\xbb\xb4\x00\xf4\x071\
4MI\xee\x16\xc3\x9a~\x1d\xeeV\x87\xd2\x02\xa0\x8e\
(\x08\xfd\xcb\x81\x9b\xd1\xf5\x03\x0aK\x0b@\xb1\xb5n\
\xeb\xfb\x92\x18\xde\xd5\xa8E{\x5c\xe7Q\xd9\xa2\x05@\
=\xaf\xd6\x96\xc3\xd7\x02\x1fE\x97\x15.\x1c-\x00\xc5\
\xd4\xda\xb4\xe7^1\xbc\xb3Q\x8bv\xb9\xce\xa3\xb2I\
\x0b\x80:&A\xe8\x0f\x01\x01p\x13p\xa2\xe38\xaa\
C\xb4\x00\x14\x8b\x08\xd6\x94\xe5kbxG\xa3\x16=\
\xe5:\x8f\xca6-\x00jN\x82\xd0?\x19\xf8s\xe0\
:`\xd0q\x1c\xd5&-\x00\x05!X\xaf$\xdf\x16\
\x8f\xab\x1b\xb5\xe8'\xae\xe3\xa8|\xd0\x02\xa0\xe6%\x08\
\xfd\x17\x91.$\xf4\x07\xd0\xbd\x1d\xb8Twi\x01\xc8\
9\x01\xaf$\xdf\x11\x8fw4j\xd1\xa4\xeb8*_\
\xb4\x00\xa8\xb6\x04\xa1\xff2\xd2\xcb\x02W\xa1\x8b\x09\xe5\
\x8e\x16\x80\xfc2e\xd9`\xd2O\xfc\xdfw\x9dE\xe5\
\x93\x16\x00\xd5\x11A\xe8\xaf \xbd,\xf0'\xc0\x12\xc7\
q\xd41\xd2\x02\x90?\xa6,\x1b\x8d\xc7\x1f6j\xd1\
C\xae\xb3\xa8|\xd3\x02\xa0:*\x08\xfd\x85\xa4\x97\x05\
\xfe\x14x\x89\xe38\xea(\xb4\x00\xe4\x87)Id<\
\xaem\x0cG\xdfr\x9dE\x15\x83\x16\x00\xd5\x15A\xe8\
\x0b\xf0F\xe0z`\xb5\xe38\xea\x08\xb4\x00d\x9b\x08\
VJ\xf2\xb01\xdc\xd8\x18\x8e\xfe\xdbu\x1eU,Z\
\x00T\xd7\x05\xa1\xff\x0a\xd2\x22\xf06\xf4\xce\x81L\xd1\
\x02\x90M\xe2\xc9\xb3\xc6\xe3_\xc5\xf0>\xbd\x8f_u\
\x8b\x16\x00\xd53A\xe8\x9f\x02\xac\x01\xde\x03,s\x1c\
G\xa1\x05 S\x04\x8c'\x93\xc6\xe3\xe3\x8d\xe1\xe8n\
\xd7qT\xf1i\x01P=\x17\x84\xfe\x02\xe0\xed\xa4\xa3\
\x02/s\x1c\xa7\xafi\x01p\xaf\xb5A\xcf}b\xf8\
\xb3F-\x8a\x5c\xe7Q\xfdC\x0b\x80r*\x08\xfd7\
\x90\x16\x81\x8b\xd1\xad\x88{N\x0b\x80;\xa6$[\xc5\
\xe3s\x22|\xaaQ\x8b\x12\xd7yT\xff\xd1\x02\xa02\
!\x08\xfd\xb3\x80w\x93\xae'\xb0\xdcq\x9c\xbe\xa1\x05\
\xa0\xb7DHLI\xd6\x8b\xc7\x0d\x8dZ\xb4\xdeu\x1e\
\xd5\xdf\xb4\x00\xa8Lim>t\x11p5p\x190\
\xe46Q\xb1i\x01\xe8\x0d\xe3\xc9n\xf1\xb8K\x0c\x1f\
\xd4]\xf9TVh\x01P\x99\x15\x84\xfe\x22\xe0\xcd\xa4\
e`5\xe0\xb9MT<Z\x00\xbaH\xb0\xa6$\x8f\
\x19\xc3G\x1b\xc3\xd1\x97\x5c\xc7Q\xea`Z\x00T.\
\xb4\xee x+i\x19x\x95\xe38\x85\xa1\x05\xa0\xf3\
LI\xb6\x8b\xe1\xabb\xf8P\xa3\x16mq\x9dG\xa9\
#\xd1\x02\xa0r'\x08\xfd_'\xbd\x8b\xe0\xed\xc0\xaf\
9\x8e\x93kZ\x00: \xbd}o\x8b\x18\xfeS\x0c\
\x9f\xd4\x93\xbe\xca\x0b-\x00*\xd7\x82\xd0\x7f-\xe9\xa8\
\xc0\x95\xc0R\xc7qrG\x0b\xc0\xfc\x88`\xc5\x93\x1f\
\x89\xc7\x17E\xf8l\xa3\x16\xedt\x9dI\xa9\xb9\xd2\x02\
\xa0\x0a!\x08\xfd2\xe9\xad\x84W\x03\x97\x02\x0b\xdd&\
\xca\x07-\x00\xc7N\x84DJ\xf2\x031|A\x84\x91\
F-z\xceu&\xa5\xda\xa1\x05@\x15N\x10\xfa\xc7\
\x01\x17\x92\x16\x827\x00\x15\xb7\x89\xb2K\x0b\xc0\xf3\x13\
CS<\xd9 \x86\xdbE\xb8\xbdQ\x8b\x9a\xae3)\
\xd5)Z\x00T\xe1\x05\xa1_!-\x03\x17\x03\x17\x00\
\xc7\xbbM\x94\x1dZ\x00\x0e%\x86}\xc6\x93\x87\xc40\
\xda\x18\x8e\xfe\xc5u\x1e\xa5\xbaE\x0b\x80\xea+\xadK\
\x055\xd2\x91\x81\x8b\x81*}\xbc\x02\xa1\x16\x80Tk\
\xf3\x9dq\x11ni\x0cG\xf7\xbb\xce\xa3T/h\x01\
P}-\x08\xfde\xa4\x0b\x0f\x1d\xb8\x5cp\xaa\xdbD\
\xbd\xd5\x97\x05@\xc0\x18\x99\x12\xc3F\x0c\x0f\x88pW\
\xa3\x16mr\x1dK\xa9^\xd3\x02\xa0\xd4,A\xe8\x9f\
\xcd//\x17\xac\xa4\xe0\xdb\x17\xf7C\x01\x10C,F\
\x9e\x14\xc3C\x22\xdc\x83\xf0\xef\x8dZ4\xed:\x97R\
\xaei\x01P\xea\x08\x82\xd0\x1f\x02V\x01\xe7\x02\xe7\x90\
^.\xf8\x15\xa7\xa1:\xac\x88\x05@\x0c{\xc5\x93H\
\x84o\x8a\xf0\xcf\x8d\xe1h\xc2u&\xa5\xb2H\x0b\x80\
Rs\x10\x84\xfeR\xd22p\xe0\xa8\x02g\xb8\xcc\xd4\
\x8e\xdc\x17\x00\xc1\xb6\x86\xf3\x1f\xc5p_k8\xffI\
\xd7\xb1\x94\xca\x03-\x00J\xb5)\x08\xfd%\xa4E\xe0\
\x9cY\x8f\xb9X\xa10o\x05@\x0c3b\xe4gb\
\xf8\x8e\x08\xff\x81pO\xa3\x16\xedw\x9dK\xa9<\xd2\
\x02\xa0T\x17\x04\xa1\xbf\x98\xb4\x0c\x1c(\x04\xe7\x90\xae\
G\x90\xa9;\x0e\xb2Z\x00Z'\xfa\x9d\x22\xfc\x08a\
\x83\x08\x0f\x22\xdc\xdf\xa8E;\x5cgS\xaa(\xb4\x00\
(\xd5#A\xe8/$\x9dCp\xfa\x11\x8e\x17\xd2\xe3\
\x1d\x0f]\x16\x00\x11\x12\x8c\xec\x15a\x97\x08\x9bZ'\
\xfao#<\xa0K\xeb*\xd5}Z\x00\x94\xca\x88 \
\xf4K\xc0i\x1c\xb9 \xbc\x08X\xd0\xc9\xf7\xecZ\x01\
\x10\xac\x08\xfb\xc5\xc8n\x84\x1d\x02[\x10\x9e@xL\
`\x03\xc2\xc3\x8dZ\xb4\xbb;o\xae\x94:\x16Z\x00\
\x94\xca\x89 \xf4\x058\x85t\x14a1\xb0\x08\x18:\
\xc6\xc7\xc3>7\xbd+.\xb7.JX\x01\x8b`\x81\
\xe4\x17\x87H\x22\x10\x031\xc2\x0c\xb0\x07\xe1\x19\x81)\
\x84\x1d\xc0v\x84m\x02[\x80\xcd\x08?\x06~\xac\xd7\
\xe5\x95\xca\xbe\xff\x03\xfb\xb0[\xe5*\xb0y<\x00\x00\
\x00\x00IEND\xaeB`\x82\
"

qt_resource_name = b"\
\x00\x05\
\x00p7\xd5\
\x00i\
\x00m\x00a\x00g\x00e\
\x00\x08\
\x0c\xa6\xc3\x95\
\x00R\
\x00e\x00s\x00o\x00u\x00r\x00c\x00e\
\x00\x0e\
\x0da\xbb\xa7\
\x00b\
\x00r\x00i\x00g\x00h\x00t\x00n\x00e\x00s\x00s\x00.\x00p\x00n\x00g\
\x00\x08\
\x0f\x07Z\xc7\
\x00e\
\x00x\x00i\x00t\x00.\x00p\x00n\x00g\
\x00\x0b\
\x0cM@\x07\
\x00b\
\x00a\x00t\x00t\x00e\x00r\x00y\x00.\x00p\x00n\x00g\
\x00\x08\
\x05\xe2Y'\
\x00l\
\x00o\x00g\x00o\x00.\x00p\x00n\x00g\
\x00\x08\
\x09\xc5X\xc7\
\x00u\
\x00s\x00e\x00r\x00.\x00p\x00n\x00g\
\x00\x08\
\x0cXY'\
\x00m\
\x00e\x00n\x00u\x00.\x00p\x00n\x00g\
\x00\x0b\
\x08\xa4\xde\xc7\
\x00g\
\x00e\x00n\x00e\x00r\x00a\x00l\x00.\x00p\x00n\x00g\
\x00\x0d\
\x0b\x7f\xc4\x87\
\x00p\
\x00o\x00w\x00e\x00r\x00m\x00o\x00d\x00e\x00.\x00p\x00n\x00g\
\x00\x0f\
\x07\xdc\xbbg\
\x00p\
\x00o\x00w\x00e\x00r\x00s\x00a\x00v\x00i\x00n\x00g\x00.\x00p\x00n\x00g\
"

qt_resource_struct = b"\
\x00\x00\x00\x00\x00\x02\x00\x00\x00\x01\x00\x00\x00\x01\
\x00\x00\x00\x00\x00\x00\x00\x00\
\x00\x00\x00\x00\x00\x02\x00\x00\x00\x01\x00\x00\x00\x02\
\x00\x00\x00\x00\x00\x00\x00\x00\
\x00\x00\x00\x10\x00\x02\x00\x00\x00\x09\x00\x00\x00\x03\
\x00\x00\x00\x00\x00\x00\x00\x00\
\x00\x00\x00z\x00\x00\x00\x00\x00\x01\x00\x01\x12o\
\x00\x00\x01\x93\x5c\x1d\x8e\xb9\
\x00\x00\x00\xf8\x00\x00\x00\x00\x00\x01\x00\x03\x04\xa8\
\x00\x00\x01\x93\x5cs\xc9\xe6\
\x00\x00\x00\xbc\x00\x00\x00\x00\x00\x01\x00\x02(g\
\x00\x00\x01\x93\x5c\x81|\xe2\
\x00\x00\x00\x90\x00\x00\x00\x00\x00\x01\x00\x01\x90U\
\x00\x00\x01\x93^Pz\x10\
\x00\x00\x00\xd8\x00\x00\x00\x00\x00\x01\x00\x02\x97A\
\x00\x00\x01\x93\x5cp\xcf\xe9\
\x00\x00\x00^\x00\x00\x00\x00\x00\x01\x00\x00\xb9,\
\x00\x00\x01\x93\x5c7}\x9a\
\x00\x00\x00\xa6\x00\x00\x00\x00\x00\x01\x00\x01\xf23\
\x00\x00\x01\x93^M\x92L\
\x00\x00\x00&\x00\x00\x00\x00\x00\x01\x00\x00\x00\x00\
\x00\x00\x01\x93\x5cn\x1d*\
\x00\x00\x00H\x00\x00\x00\x00\x00\x01\x00\x00]$\
\x00\x00\x01\x93\x5c\x80\xc5H\
"

def qInitResources():
    QtCore.qRegisterResourceData(0x03, qt_resource_struct, qt_resource_name, qt_resource_data)

def qCleanupResources():
    QtCore.qUnregisterResourceData(0x03, qt_resource_struct, qt_resource_name, qt_resource_data)

qInitResources()
